id,created_at,gender,age,travel_frequency,weight_monuments,weight_beaches,weight_mountains,weight_infrastructure,weight_costs,weight_safety,wsm_ranking_text,wsm_ranking,list_a_type,list_b_type,list_c_type,wsm_relevance,wsm_achievable,wsm_inspiring,asp_relevance,asp_achievable,asp_inspiring,real_relevance,real_achievable,real_inspiring,final_choice_letter,final_choice_type,is_synthetic,justification_text,personalization_useful
003da9b6-2905-42e6-995c-323930b14830,2026-05-01 19:17:10.39909+00,Mężczyzna,18-25 lat,2-3 razy w roku,0.3,0.31,0.19,0,0.2,0,"Włochy (79.3%), Chiny (64.8%), Francja (64.5%), Indie (63.7%), USA (62.1%), Hiszpania (59.5%), Meksyk (59%), Grecja (58.6%), Tajlandia (52.4%), Brazylia (52.1%)","[{""code"":""IT"",""name"":""Włochy"",""score"":0.793,""matchPct"":79.3},{""code"":""CN"",""name"":""Chiny"",""score"":0.6481,""matchPct"":64.8},{""code"":""FR"",""name"":""Francja"",""score"":0.6445,""matchPct"":64.5},{""code"":""IN"",""name"":""Indie"",""score"":0.6373,""matchPct"":63.7},{""code"":""US"",""name"":""USA"",""score"":0.6211,""matchPct"":62.1},{""code"":""ES"",""name"":""Hiszpania"",""score"":0.5949,""matchPct"":59.5},{""code"":""MX"",""name"":""Meksyk"",""score"":0.5897,""matchPct"":59},{""code"":""GR"",""name"":""Grecja"",""score"":0.5857,""matchPct"":58.6},{""code"":""TH"",""name"":""Tajlandia"",""score"":0.5235,""matchPct"":52.4},{""code"":""BR"",""name"":""Brazylia"",""score"":0.5206999999999999,""matchPct"":52.1}]",wsm,aspirations,reality,2,4,4,2,3,4,3,4,3,A,wsm,false,,trudno_powiedziec
00a6b685-1839-4443-ac71-17afec8534bd,2026-05-04 17:08:49.838754+00,Inna,18-25 lat,Raz na kilka lat,0.34,0,0.35,0,0.2,0.11,"Włochy (82.2%), Chiny (81.1%), Francja (66.5%), Indie (63.6%), USA (63.1%), Hiszpania (60.8%), Japonia (55%), Wielka Brytania (52.2%), Kanada (51.7%), Turcja (49.9%)","[{""code"":""IT"",""name"":""Włochy"",""score"":0.8217,""matchPct"":82.2},{""code"":""CN"",""name"":""Chiny"",""score"":0.8107000000000001,""matchPct"":81.1},{""code"":""FR"",""name"":""Francja"",""score"":0.6649,""matchPct"":66.5},{""code"":""IN"",""name"":""Indie"",""score"":0.6362000000000001,""matchPct"":63.6},{""code"":""US"",""name"":""USA"",""score"":0.6307999999999999,""matchPct"":63.1},{""code"":""ES"",""name"":""Hiszpania"",""score"":0.6079000000000001,""matchPct"":60.8},{""code"":""JP"",""name"":""Japonia"",""score"":0.5502,""matchPct"":55},{""code"":""GB"",""name"":""Wielka Brytania"",""score"":0.5223000000000001,""matchPct"":52.2},{""code"":""CA"",""name"":""Kanada"",""score"":0.5170999999999999,""matchPct"":51.7},{""code"":""TR"",""name"":""Turcja"",""score"":0.49940000000000007,""matchPct"":49.9}]",reality,aspirations,wsm,2,2,2,3,2,2,3,2,3,A,reality,false,,trudno_powiedziec
00bd1fb3-3436-4ca1-ae13-ce526756c3dc,2026-05-04 17:14:56.922449+00,Mężczyzna,18-25 lat,Raz na kilka lat,0.34,0,0,0,0.33,0.33,"Włochy (81.5%), Chiny (76.2%), Hiszpania (73.9%), Francja (69.4%), Holandia (67.7%), Gruzja (64.8%), Czechy (64.2%), Indie (62.6%), Wielka Brytania (62.2%), Portugalia (61.8%)","[{""code"":""IT"",""name"":""Włochy"",""score"":0.8151999999999999,""matchPct"":81.5},{""code"":""CN"",""name"":""Chiny"",""score"":0.762,""matchPct"":76.2},{""code"":""ES"",""name"":""Hiszpania"",""score"":0.7385,""matchPct"":73.9},{""code"":""FR"",""name"":""Francja"",""score"":0.6942,""matchPct"":69.4},{""code"":""NL"",""name"":""Holandia"",""score"":0.6767000000000001,""matchPct"":67.7},{""code"":""GE"",""name"":""Gruzja"",""score"":0.6479,""matchPct"":64.8},{""code"":""CZ"",""name"":""Czechy"",""score"":0.6417,""matchPct"":64.2},{""code"":""IN"",""name"":""Indie"",""score"":0.6257,""matchPct"":62.6},{""code"":""GB"",""name"":""Wielka Brytania"",""score"":0.6221000000000001,""matchPct"":62.2},{""code"":""PT"",""name"":""Portugalia"",""score"":0.6184000000000001,""matchPct"":61.8}]",wsm,aspirations,reality,3,2,4,3,2,4,2,2,4,A,wsm,false,,tak
00c1b53e-b84a-477d-916a-ad00e900f78a,2026-05-02 05:49:30.601471+00,Mężczyzna,46-60 lat,2-3 razy w roku,0.24,0.23,0,0.1,0.17,0.26,"Włochy (76.2%), Hiszpania (69.9%), Chiny (69%), Francja (65.4%), Grecja (63.2%), Japonia (62.2%), Indie (59.9%), Holandia (56.9%), Tajlandia (56.5%), USA (56.3%)","[{""code"":""IT"",""name"":""Włochy"",""score"":0.7621,""matchPct"":76.2},{""code"":""ES"",""name"":""Hiszpania"",""score"":0.6987,""matchPct"":69.9},{""code"":""CN"",""name"":""Chiny"",""score"":0.6902,""matchPct"":69},{""code"":""FR"",""name"":""Francja"",""score"":0.6536,""matchPct"":65.4},{""code"":""GR"",""name"":""Grecja"",""score"":0.6321000000000001,""matchPct"":63.2},{""code"":""JP"",""name"":""Japonia"",""score"":0.622,""matchPct"":62.2},{""code"":""IN"",""name"":""Indie"",""score"":0.5994,""matchPct"":59.9},{""code"":""NL"",""name"":""Holandia"",""score"":0.5688,""matchPct"":56.9},{""code"":""TH"",""name"":""Tajlandia"",""score"":0.5646,""matchPct"":56.5},{""code"":""US"",""name"":""USA"",""score"":0.5626,""matchPct"":56.3}]",aspirations,reality,wsm,4,5,5,1,3,1,5,5,5,B,reality,false,Kraje wymienion na tej liście posiadają bogatą historię dużo miejsc do zwiedzania oraz ciekawe miejsca do relaksu,tak
01127381-68a7-427a-bf5e-0b376c63a236,2026-05-02 14:57:58.289988+00,Kobieta,46-60 lat,2-3 razy w roku,0.25,0.25,0.1,0.05,0.15,0.2,"Włochy (75.9%), Chiny (69.5%), Hiszpania (64.7%), Francja (63.1%), Indie (60.4%), Grecja (59.3%), USA (59.1%), Japonia (59%), Tajlandia (54.1%), Turcja (52.3%)","[{""code"":""IT"",""name"":""Włochy"",""score"":0.7585000000000001,""matchPct"":75.9},{""code"":""CN"",""name"":""Chiny"",""score"":0.6950000000000001,""matchPct"":69.5},{""code"":""ES"",""name"":""Hiszpania"",""score"":0.6465,""matchPct"":64.7},{""code"":""FR"",""name"":""Francja"",""score"":0.6305,""matchPct"":63.1},{""code"":""IN"",""name"":""Indie"",""score"":0.6044999999999999,""matchPct"":60.4},{""code"":""GR"",""name"":""Grecja"",""score"":0.593,""matchPct"":59.3},{""code"":""US"",""name"":""USA"",""score"":0.591,""matchPct"":59.1},{""code"":""JP"",""name"":""Japonia"",""score"":0.59,""matchPct"":59},{""code"":""TH"",""name"":""Tajlandia"",""score"":0.5409999999999999,""matchPct"":54.1},{""code"":""TR"",""name"":""Turcja"",""score"":0.523,""matchPct"":52.3}]",aspirations,reality,wsm,4,4,5,2,1,2,5,5,5,B,reality,false,,tak
0256ed1a-853b-4854-8e08-c9a67053c0e7,2026-05-04 17:09:28.485973+00,Mężczyzna,18-25 lat,Raz na kilka lat,0.21,0.1,0.3,0.1,0.09,0.2,"Chiny (80.4%), Włochy (76%), USA (68.5%), Francja (63.1%), Japonia (63%), Hiszpania (62.5%), Indie (60.7%), Kanada (54.4%), Gruzja (52%), Grecja (52%)","[{""code"":""CN"",""name"":""Chiny"",""score"":0.8042,""matchPct"":80.4},{""code"":""IT"",""name"":""Włochy"",""score"":0.7603,""matchPct"":76},{""code"":""US"",""name"":""USA"",""score"":0.6851999999999999,""matchPct"":68.5},{""code"":""FR"",""name"":""Francja"",""score"":0.6305,""matchPct"":63.1},{""code"":""JP"",""name"":""Japonia"",""score"":0.6299,""matchPct"":63},{""code"":""ES"",""name"":""Hiszpania"",""score"":0.6249,""matchPct"":62.5},{""code"":""IN"",""name"":""Indie"",""score"":0.6068,""matchPct"":60.7},{""code"":""CA"",""name"":""Kanada"",""score"":0.5439,""matchPct"":54.4},{""code"":""GE"",""name"":""Gruzja"",""score"":0.5203,""matchPct"":52},{""code"":""GR"",""name"":""Grecja"",""score"":0.52,""matchPct"":52}]",wsm,reality,aspirations,3,3,4,2,4,2,5,4,5,B,reality,false,,tak
037f65e1-3033-4ea8-9308-6778f1b37da4,2026-05-04 17:31:46.500645+00,Mężczyzna,18-25 lat,2-3 razy w roku,0.13,0.2,0.03,0.24,0.15,0.25,"Włochy (75.5%), Hiszpania (74.2%), Chiny (72.3%), Grecja (68.9%), Japonia (68.8%), Francja (68.1%), USA (65%), Singapur (63.6%), Chorwacja (63.5%), Holandia (63.5%)","[{""code"":""IT"",""name"":""Włochy"",""score"":0.7552,""matchPct"":75.5},{""code"":""ES"",""name"":""Hiszpania"",""score"":0.7416,""matchPct"":74.2},{""code"":""CN"",""name"":""Chiny"",""score"":0.7226999999999999,""matchPct"":72.3},{""code"":""GR"",""name"":""Grecja"",""score"":0.6892,""matchPct"":68.9},{""code"":""JP"",""name"":""Japonia"",""score"":0.6881,""matchPct"":68.8},{""code"":""FR"",""name"":""Francja"",""score"":0.681,""matchPct"":68.1},{""code"":""US"",""name"":""USA"",""score"":0.6503999999999999,""matchPct"":65},{""code"":""SG"",""name"":""Singapur"",""score"":0.6361,""matchPct"":63.6},{""code"":""HR"",""name"":""Chorwacja"",""score"":0.6354,""matchPct"":63.5},{""code"":""NL"",""name"":""Holandia"",""score"":0.6349,""matchPct"":63.5}]",wsm,aspirations,reality,5,3,4,2,1,3,3,4,3,A,wsm,false,,tak
03b5bcdd-456f-4900-b00a-9694be937e3f,2026-05-04 20:21:01.552345+00,Mężczyzna,18-25 lat,Raz na kilka lat,0,0.05,0.3,0,0.25,0.4,"Chiny (87.8%), Słowenia (74.6%), Gruzja (74.3%), Finlandia (72.1%), Japonia (70.7%), Chorwacja (70.2%), Andora (69.1%), Włochy (68.6%), Hiszpania (66.9%), USA (66.3%)","[{""code"":""CN"",""name"":""Chiny"",""score"":0.878,""matchPct"":87.8},{""code"":""SI"",""name"":""Słowenia"",""score"":0.7455,""matchPct"":74.6},{""code"":""GE"",""name"":""Gruzja"",""score"":0.7430000000000001,""matchPct"":74.3},{""code"":""FI"",""name"":""Finlandia"",""score"":0.7210000000000001,""matchPct"":72.1},{""code"":""JP"",""name"":""Japonia"",""score"":0.7070000000000001,""matchPct"":70.7},{""code"":""HR"",""name"":""Chorwacja"",""score"":0.7015,""matchPct"":70.2},{""code"":""AD"",""name"":""Andora"",""score"":0.6910000000000001,""matchPct"":69.1},{""code"":""IT"",""name"":""Włochy"",""score"":0.6855,""matchPct"":68.6},{""code"":""ES"",""name"":""Hiszpania"",""score"":0.6685,""matchPct"":66.9},{""code"":""US"",""name"":""USA"",""score"":0.663,""matchPct"":66.3}]",wsm,aspirations,reality,2,3,3,2,3,1,4,3,4,C,reality,false,,tak
03f808e0-7170-49d0-990e-5cda0f597320,2026-05-04 17:10:29.165382+00,Kobieta,18-25 lat,Raz w roku,0.25,0.05,0.05,0.2,0.4,0.05,"Włochy (86.7%), Francja (79%), Hiszpania (78.5%), Chiny (71.3%), Wielka Brytania (69.7%), Grecja (69.3%), Indie (68.4%), Turcja (67%), Holandia (65.2%), Egipt (64.6%)","[{""code"":""IT"",""name"":""Włochy"",""score"":0.8674999999999999,""matchPct"":86.7},{""code"":""FR"",""name"":""Francja"",""score"":0.7899999999999999,""matchPct"":79},{""code"":""ES"",""name"":""Hiszpania"",""score"":0.7845,""matchPct"":78.5},{""code"":""CN"",""name"":""Chiny"",""score"":0.7134999999999999,""matchPct"":71.3},{""code"":""GB"",""name"":""Wielka Brytania"",""score"":0.6965,""matchPct"":69.7},{""code"":""GR"",""name"":""Grecja"",""score"":0.6925,""matchPct"":69.3},{""code"":""IN"",""name"":""Indie"",""score"":0.684,""matchPct"":68.4},{""code"":""TR"",""name"":""Turcja"",""score"":0.6700000000000002,""matchPct"":67},{""code"":""NL"",""name"":""Holandia"",""score"":0.6515000000000002,""matchPct"":65.2},{""code"":""EG"",""name"":""Egipt"",""score"":0.6455000000000001,""matchPct"":64.6}]",reality,wsm,aspirations,4,4,4,5,1,5,4,5,2,C,aspirations,false,"Lista A ma tylko 3 państwa, w których nie byłam. Lista B też (chociaż Indie i Chiny są na mojej liście do zwiedzenia). Lista C zawiera państwa, w których nie byłam. Dodatkowo jest najbardziej różnorodna.",trudno_powiedziec
041d7555-51b3-4bd7-bab3-f9f8b398bbbe,2026-05-04 18:02:52.807004+00,Mężczyzna,18-25 lat,Raz na kilka lat,0.05,0.1,0.1,0.2,0.35,0.2,"Hiszpania (77.8%), Włochy (77.5%), Chiny (76.5%), Gruzja (73.7%), Grecja (72.5%), Andora (72.2%), Chorwacja (72.1%), Francja (71.3%), Portugalia (71.3%), Słowenia (70.9%)","[{""code"":""ES"",""name"":""Hiszpania"",""score"":0.7775,""matchPct"":77.8},{""code"":""IT"",""name"":""Włochy"",""score"":0.7745,""matchPct"":77.5},{""code"":""CN"",""name"":""Chiny"",""score"":0.7649999999999999,""matchPct"":76.5},{""code"":""GE"",""name"":""Gruzja"",""score"":0.7374999999999999,""matchPct"":73.7},{""code"":""GR"",""name"":""Grecja"",""score"":0.725,""matchPct"":72.5},{""code"":""AD"",""name"":""Andora"",""score"":0.7215,""matchPct"":72.2},{""code"":""HR"",""name"":""Chorwacja"",""score"":0.7210000000000001,""matchPct"":72.1},{""code"":""FR"",""name"":""Francja"",""score"":0.7125,""matchPct"":71.3},{""code"":""PT"",""name"":""Portugalia"",""score"":0.7125,""matchPct"":71.3},{""code"":""SI"",""name"":""Słowenia"",""score"":0.7085,""matchPct"":70.9}]",wsm,reality,aspirations,4,3,4,2,2,3,3,3,4,B,reality,false,,tak
042d7fa3-b639-4546-b2c3-2fd8d9ac81fc,2026-05-04 20:00:30.128255+00,Nie chcę podawać,18-25 lat,Raz na kilka lat,0.1,0.15,0.25,0,0.25,0.25,"Chiny (79%), Włochy (72.5%), Hiszpania (64.8%), USA (64.6%), Indie (64.4%), Japonia (63.3%), Gruzja (63.1%), Słowenia (61.1%), Francja (60.3%), Chorwacja (59.1%)","[{""code"":""CN"",""name"":""Chiny"",""score"":0.7895000000000001,""matchPct"":79},{""code"":""IT"",""name"":""Włochy"",""score"":0.725,""matchPct"":72.5},{""code"":""ES"",""name"":""Hiszpania"",""score"":0.648,""matchPct"":64.8},{""code"":""US"",""name"":""USA"",""score"":0.6459999999999999,""matchPct"":64.6},{""code"":""IN"",""name"":""Indie"",""score"":0.644,""matchPct"":64.4},{""code"":""JP"",""name"":""Japonia"",""score"":0.6329999999999999,""matchPct"":63.3},{""code"":""GE"",""name"":""Gruzja"",""score"":0.631,""matchPct"":63.1},{""code"":""SI"",""name"":""Słowenia"",""score"":0.611,""matchPct"":61.1},{""code"":""FR"",""name"":""Francja"",""score"":0.6034999999999999,""matchPct"":60.3},{""code"":""HR"",""name"":""Chorwacja"",""score"":0.5905,""matchPct"":59.1}]",reality,wsm,aspirations,2,3,1,1,2,1,2,3,1,A,reality,false,"w liście A, przewyższa liczba krai w których języku umiem mówić",trudno_powiedziec
046b28e0-cf77-4138-b766-5ff00caac522,2026-05-04 17:07:33.966909+00,Mężczyzna,18-25 lat,Raz na kilka lat,0.26,0.03,0.08,0.23,0.13,0.27,"Włochy (80.3%), Chiny (78.2%), Hiszpania (74%), Francja (71.2%), Japonia (67.3%), Holandia (65.8%), Wielka Brytania (62.6%), Andora (62%), USA (61.7%), Portugalia (60.6%)","[{""code"":""IT"",""name"":""Włochy"",""score"":0.8034,""matchPct"":80.3},{""code"":""CN"",""name"":""Chiny"",""score"":0.782,""matchPct"":78.2},{""code"":""ES"",""name"":""Hiszpania"",""score"":0.7395,""matchPct"":74},{""code"":""FR"",""name"":""Francja"",""score"":0.7118,""matchPct"":71.2},{""code"":""JP"",""name"":""Japonia"",""score"":0.6732,""matchPct"":67.3},{""code"":""NL"",""name"":""Holandia"",""score"":0.6583,""matchPct"":65.8},{""code"":""GB"",""name"":""Wielka Brytania"",""score"":0.6258,""matchPct"":62.6},{""code"":""AD"",""name"":""Andora"",""score"":0.6202,""matchPct"":62},{""code"":""US"",""name"":""USA"",""score"":0.6171,""matchPct"":61.7},{""code"":""PT"",""name"":""Portugalia"",""score"":0.6064,""matchPct"":60.6}]",aspirations,reality,wsm,5,3,4,2,2,3,2,4,3,C,wsm,false,,tak
04a4bb99-8735-4f44-b8c8-d2e7c4091e48,2026-05-04 17:11:10.30653+00,Mężczyzna,26-35 lat,Raz na kilka lat,0.5,0.05,0.15,0,0.2,0.1,"Włochy (86.6%), Chiny (72.3%), Francja (70.5%), Hiszpania (63.7%), Indie (61.4%), Wielka Brytania (53.4%), USA (52.1%), Japonia (50.1%), Turcja (47.2%), Grecja (46.7%)","[{""code"":""IT"",""name"":""Włochy"",""score"":0.8660000000000001,""matchPct"":86.6},{""code"":""CN"",""name"":""Chiny"",""score"":0.7225,""matchPct"":72.3},{""code"":""FR"",""name"":""Francja"",""score"":0.7045000000000001,""matchPct"":70.5},{""code"":""ES"",""name"":""Hiszpania"",""score"":0.6365,""matchPct"":63.7},{""code"":""IN"",""name"":""Indie"",""score"":0.6135,""matchPct"":61.4},{""code"":""GB"",""name"":""Wielka Brytania"",""score"":0.534,""matchPct"":53.4},{""code"":""US"",""name"":""USA"",""score"":0.5205000000000001,""matchPct"":52.1},{""code"":""JP"",""name"":""Japonia"",""score"":0.5015,""matchPct"":50.1},{""code"":""TR"",""name"":""Turcja"",""score"":0.47200000000000003,""matchPct"":47.2},{""code"":""GR"",""name"":""Grecja"",""score"":0.46749999999999997,""matchPct"":46.7}]",wsm,reality,aspirations,2,4,3,2,1,2,5,5,4,B,reality,false,"LIsta C jest zbyt droga, natomiast pomiędzy listą A i B to B jest bardziej interesująca.",tak
04b8e1d9-b4fb-4ec8-ba05-8399c8c511bc,2026-05-04 17:09:00.222663+00,Kobieta,18-25 lat,Raz na kilka lat,0.2,0.07,0.35,0.06,0.19,0.13,"Chiny (80.9%), Włochy (77.9%), USA (69.1%), Francja (64.7%), Indie (64.2%), Hiszpania (62.5%), Japonia (60.2%), Kanada (56.7%), Turcja (54.3%), Gruzja (54.2%)","[{""code"":""CN"",""name"":""Chiny"",""score"":0.8092999999999999,""matchPct"":80.9},{""code"":""IT"",""name"":""Włochy"",""score"":0.7791999999999999,""matchPct"":77.9},{""code"":""US"",""name"":""USA"",""score"":0.6914,""matchPct"":69.1},{""code"":""FR"",""name"":""Francja"",""score"":0.6467,""matchPct"":64.7},{""code"":""IN"",""name"":""Indie"",""score"":0.6419999999999999,""matchPct"":64.2},{""code"":""ES"",""name"":""Hiszpania"",""score"":0.6247999999999999,""matchPct"":62.5},{""code"":""JP"",""name"":""Japonia"",""score"":0.6016,""matchPct"":60.2},{""code"":""CA"",""name"":""Kanada"",""score"":0.5667,""matchPct"":56.7},{""code"":""TR"",""name"":""Turcja"",""score"":0.5425000000000001,""matchPct"":54.3},{""code"":""GE"",""name"":""Gruzja"",""score"":0.5418,""matchPct"":54.2}]",wsm,aspirations,reality,4,1,3,3,1,4,2,4,2,A,wsm,false,,tak
04bf1214-42e2-4cbe-bc62-a0dcad956a86,2026-05-04 18:07:23.887585+00,Kobieta,26-35 lat,Raz na kilka lat,0.2,0.1,0.3,0,0.2,0.2,"Chiny (79.9%), Włochy (75.8%), USA (64.5%), Indie (63.3%), Hiszpania (62.1%), Francja (61.9%), Japonia (60.1%), Gruzja (55.7%), Słowenia (53.7%), Turcja (53.4%)","[{""code"":""CN"",""name"":""Chiny"",""score"":0.7989999999999999,""matchPct"":79.9},{""code"":""IT"",""name"":""Włochy"",""score"":0.758,""matchPct"":75.8},{""code"":""US"",""name"":""USA"",""score"":0.6449999999999999,""matchPct"":64.5},{""code"":""IN"",""name"":""Indie"",""score"":0.633,""matchPct"":63.3},{""code"":""ES"",""name"":""Hiszpania"",""score"":0.621,""matchPct"":62.1},{""code"":""FR"",""name"":""Francja"",""score"":0.619,""matchPct"":61.9},{""code"":""JP"",""name"":""Japonia"",""score"":0.601,""matchPct"":60.1},{""code"":""GE"",""name"":""Gruzja"",""score"":0.557,""matchPct"":55.7},{""code"":""SI"",""name"":""Słowenia"",""score"":0.537,""matchPct"":53.7},{""code"":""TR"",""name"":""Turcja"",""score"":0.534,""matchPct"":53.4}]",aspirations,reality,wsm,3,4,3,2,4,4,5,4,5,B,reality,false,,tak
04fdfd31-e773-4412-9835-1760caa662a0,2026-05-04 18:18:43.371564+00,Kobieta,18-25 lat,Raz na kilka lat,0.25,0.05,0.1,0.1,0.2,0.3,"Włochy (78.3%), Chiny (78.2%), Hiszpania (71.1%), Francja (67.3%), Japonia (64.5%), Holandia (62.1%), Gruzja (61.5%), Indie (61%), Chorwacja (59.6%), Słowenia (59.3%)","[{""code"":""IT"",""name"":""Włochy"",""score"":0.7830000000000001,""matchPct"":78.3},{""code"":""CN"",""name"":""Chiny"",""score"":0.782,""matchPct"":78.2},{""code"":""ES"",""name"":""Hiszpania"",""score"":0.711,""matchPct"":71.1},{""code"":""FR"",""name"":""Francja"",""score"":0.6725000000000001,""matchPct"":67.3},{""code"":""JP"",""name"":""Japonia"",""score"":0.6445000000000001,""matchPct"":64.5},{""code"":""NL"",""name"":""Holandia"",""score"":0.621,""matchPct"":62.1},{""code"":""GE"",""name"":""Gruzja"",""score"":0.6145,""matchPct"":61.5},{""code"":""IN"",""name"":""Indie"",""score"":0.6100000000000001,""matchPct"":61},{""code"":""HR"",""name"":""Chorwacja"",""score"":0.5955,""matchPct"":59.6},{""code"":""SI"",""name"":""Słowenia"",""score"":0.5930000000000001,""matchPct"":59.3}]",aspirations,reality,wsm,5,3,4,3,2,2,4,4,3,C,wsm,false,,tak
050479e6-a0f6-4825-9e6d-befc1e77e7f3,2026-05-04 19:30:40.448997+00,Mężczyzna,18-25 lat,Raz na kilka lat,0.15,0,0.15,0.25,0.2,0.25,"Chiny (81.7%), Włochy (79.2%), Hiszpania (75.7%), Francja (71.6%), Japonia (70.1%), Andora (70.1%), Holandia (68.1%), USA (67.3%), Gruzja (67.3%), Finlandia (67.2%)","[{""code"":""CN"",""name"":""Chiny"",""score"":0.8165,""matchPct"":81.7},{""code"":""IT"",""name"":""Włochy"",""score"":0.7915,""matchPct"":79.2},{""code"":""ES"",""name"":""Hiszpania"",""score"":0.7565000000000001,""matchPct"":75.7},{""code"":""FR"",""name"":""Francja"",""score"":0.716,""matchPct"":71.6},{""code"":""JP"",""name"":""Japonia"",""score"":0.701,""matchPct"":70.1},{""code"":""AD"",""name"":""Andora"",""score"":0.701,""matchPct"":70.1},{""code"":""NL"",""name"":""Holandia"",""score"":0.6805,""matchPct"":68.1},{""code"":""US"",""name"":""USA"",""score"":0.673,""matchPct"":67.3},{""code"":""GE"",""name"":""Gruzja"",""score"":0.6725,""matchPct"":67.3},{""code"":""FI"",""name"":""Finlandia"",""score"":0.6715,""matchPct"":67.2}]",aspirations,wsm,reality,4,2,3,2,2,2,4,2,3,C,reality,false,,tak
05526cd7-4738-41c6-ba9b-16e3ce0002d3,2026-05-01 20:59:26.632408+00,Kobieta,26-35 lat,Częściej niż 3 razy w roku,0.09,0.2,0.22,0.3,0.06,0.13,"USA (77.4%), Chiny (75.6%), Włochy (75.4%), Hiszpania (68.7%), Japonia (68.7%), Francja (67.5%), Grecja (65.7%), Australia (63.8%), Indie (61.3%), Tajlandia (60.2%)","[{""code"":""US"",""name"":""USA"",""score"":0.7742999999999999,""matchPct"":77.4},{""code"":""CN"",""name"":""Chiny"",""score"":0.7558,""matchPct"":75.6},{""code"":""IT"",""name"":""Włochy"",""score"":0.7543,""matchPct"":75.4},{""code"":""ES"",""name"":""Hiszpania"",""score"":0.6874,""matchPct"":68.7},{""code"":""JP"",""name"":""Japonia"",""score"":0.6874,""matchPct"":68.7},{""code"":""FR"",""name"":""Francja"",""score"":0.6745,""matchPct"":67.5},{""code"":""GR"",""name"":""Grecja"",""score"":0.6568,""matchPct"":65.7},{""code"":""AU"",""name"":""Australia"",""score"":0.638,""matchPct"":63.8},{""code"":""IN"",""name"":""Indie"",""score"":0.6129,""matchPct"":61.3},{""code"":""TH"",""name"":""Tajlandia"",""score"":0.6017,""matchPct"":60.2}]",aspirations,wsm,reality,4,4,3,3,4,2,2,5,1,B,wsm,false,"ma najlepsze dla mnie kierunki (Japonia, Chiny,Wlochy, Hiszpania, Francja, Grecja, Tajlandia",tak
056321c7-7c37-44e3-a5f1-2a3f0d77bd1c,2026-05-02 14:58:00.52791+00,Kobieta,Powyżej 60 lat,Raz na kilka lat,0.34,0.05,0,0,0.61,0,"Włochy (90.1%), Francja (79.5%), Hiszpania (77.5%), Indie (72.8%), Egipt (70.8%), Wielka Brytania (69.1%), Turcja (68.8%), Grecja (68.3%), Chiny (66.8%), Maroko (66.7%)","[{""code"":""IT"",""name"":""Włochy"",""score"":0.9007,""matchPct"":90.1},{""code"":""FR"",""name"":""Francja"",""score"":0.795,""matchPct"":79.5},{""code"":""ES"",""name"":""Hiszpania"",""score"":0.7751,""matchPct"":77.5},{""code"":""IN"",""name"":""Indie"",""score"":0.7282,""matchPct"":72.8},{""code"":""EG"",""name"":""Egipt"",""score"":0.7082999999999999,""matchPct"":70.8},{""code"":""GB"",""name"":""Wielka Brytania"",""score"":0.6914,""matchPct"":69.1},{""code"":""TR"",""name"":""Turcja"",""score"":0.6875,""matchPct"":68.8},{""code"":""GR"",""name"":""Grecja"",""score"":0.6825000000000001,""matchPct"":68.3},{""code"":""CN"",""name"":""Chiny"",""score"":0.6678,""matchPct"":66.8},{""code"":""MA"",""name"":""Maroko"",""score"":0.6666,""matchPct"":66.7}]",wsm,reality,aspirations,5,5,5,5,5,5,5,5,5,C,aspirations,false,,trudno_powiedziec
05ec93fb-4e32-4925-a6d9-c3041e213745,2026-05-04 18:43:23.495045+00,Inna,26-35 lat,Raz na kilka lat,0,0.2,0.2,0.1,0.25,0.25,"Chiny (77.4%), Włochy (70.8%), USA (69.2%), Hiszpania (69.1%), Gruzja (68.3%), Japonia (68.1%), Grecja (67.4%), Słowenia (67.2%), Chorwacja (66.3%), Indonezja (65.3%)","[{""code"":""CN"",""name"":""Chiny"",""score"":0.774,""matchPct"":77.4},{""code"":""IT"",""name"":""Włochy"",""score"":0.708,""matchPct"":70.8},{""code"":""US"",""name"":""USA"",""score"":0.6915,""matchPct"":69.2},{""code"":""ES"",""name"":""Hiszpania"",""score"":0.6905,""matchPct"":69.1},{""code"":""GE"",""name"":""Gruzja"",""score"":0.6825,""matchPct"":68.3},{""code"":""JP"",""name"":""Japonia"",""score"":0.6805,""matchPct"":68.1},{""code"":""GR"",""name"":""Grecja"",""score"":0.6739999999999999,""matchPct"":67.4},{""code"":""SI"",""name"":""Słowenia"",""score"":0.6715000000000001,""matchPct"":67.2},{""code"":""HR"",""name"":""Chorwacja"",""score"":0.6625,""matchPct"":66.3},{""code"":""ID"",""name"":""Indonezja"",""score"":0.653,""matchPct"":65.3}]",wsm,aspirations,reality,3,2,4,2,2,3,5,3,5,C,reality,false,,trudno_powiedziec
072c77be-c097-4b10-89bf-1f0a1d1e41b1,2026-05-04 07:06:35.875841+00,Kobieta,36-45 lat,2-3 razy w roku,0.14,0.22,0.31,0.06,0.21,0.06,"Włochy (75.9%), Chiny (74.1%), USA (71.2%), Indie (65.4%), Francja (63.3%), Hiszpania (61.6%), Grecja (60.1%), Japonia (58.5%), Meksyk (58.4%), Indonezja (57.2%)","[{""code"":""IT"",""name"":""Włochy"",""score"":0.7586999999999999,""matchPct"":75.9},{""code"":""CN"",""name"":""Chiny"",""score"":0.7406999999999999,""matchPct"":74.1},{""code"":""US"",""name"":""USA"",""score"":0.7116999999999999,""matchPct"":71.2},{""code"":""IN"",""name"":""Indie"",""score"":0.6543000000000001,""matchPct"":65.4},{""code"":""FR"",""name"":""Francja"",""score"":0.6333,""matchPct"":63.3},{""code"":""ES"",""name"":""Hiszpania"",""score"":0.616,""matchPct"":61.6},{""code"":""GR"",""name"":""Grecja"",""score"":0.6009999999999999,""matchPct"":60.1},{""code"":""JP"",""name"":""Japonia"",""score"":0.5845,""matchPct"":58.5},{""code"":""MX"",""name"":""Meksyk"",""score"":0.5839,""matchPct"":58.4},{""code"":""ID"",""name"":""Indonezja"",""score"":0.5721,""matchPct"":57.2}]",aspirations,reality,wsm,3,2,2,2,1,1,3,4,2,B,reality,false,Kasa,trudno_powiedziec
072d0d7f-717f-44be-86e1-24658cf0e0da,2026-05-04 19:57:21.54627+00,Mężczyzna,18-25 lat,Raz w roku,0.1,0.5,0.01,0.19,0.11,0.09,"Grecja (75.7%), Włochy (72.1%), Tajlandia (70.9%), Australia (68.4%), USA (68.2%), Hiszpania (66.7%), Indonezja (65.8%), Filipiny (63.8%), Francja (63.2%), Meksyk (62.7%)","[{""code"":""GR"",""name"":""Grecja"",""score"":0.7572999999999999,""matchPct"":75.7},{""code"":""IT"",""name"":""Włochy"",""score"":0.7212000000000001,""matchPct"":72.1},{""code"":""TH"",""name"":""Tajlandia"",""score"":0.7093999999999999,""matchPct"":70.9},{""code"":""AU"",""name"":""Australia"",""score"":0.6843000000000001,""matchPct"":68.4},{""code"":""US"",""name"":""USA"",""score"":0.6818000000000001,""matchPct"":68.2},{""code"":""ES"",""name"":""Hiszpania"",""score"":0.6671999999999999,""matchPct"":66.7},{""code"":""ID"",""name"":""Indonezja"",""score"":0.6582,""matchPct"":65.8},{""code"":""PH"",""name"":""Filipiny"",""score"":0.6383,""matchPct"":63.8},{""code"":""FR"",""name"":""Francja"",""score"":0.6323,""matchPct"":63.2},{""code"":""MX"",""name"":""Meksyk"",""score"":0.6272,""matchPct"":62.7}]",reality,aspirations,wsm,4,2,3,2,1,4,3,4,4,A,reality,false,,tak
07a270a0-916e-4a10-9f54-fe19ec4ea198,2026-05-04 18:21:11.788693+00,Kobieta,18-25 lat,Raz w roku,0.4,0.02,0.04,0.2,0.09,0.25,"Włochy (83.7%), Chiny (75.6%), Francja (72.4%), Hiszpania (72%), Japonia (62.7%), Holandia (62.5%), Wielka Brytania (60.8%), Indie (57.6%), USA (56.1%), Grecja (53.4%)","[{""code"":""IT"",""name"":""Włochy"",""score"":0.8368000000000001,""matchPct"":83.7},{""code"":""CN"",""name"":""Chiny"",""score"":0.7556,""matchPct"":75.6},{""code"":""FR"",""name"":""Francja"",""score"":0.7243999999999999,""matchPct"":72.4},{""code"":""ES"",""name"":""Hiszpania"",""score"":0.7204999999999999,""matchPct"":72},{""code"":""JP"",""name"":""Japonia"",""score"":0.6267,""matchPct"":62.7},{""code"":""NL"",""name"":""Holandia"",""score"":0.6247,""matchPct"":62.5},{""code"":""GB"",""name"":""Wielka Brytania"",""score"":0.6081000000000001,""matchPct"":60.8},{""code"":""IN"",""name"":""Indie"",""score"":0.5757000000000001,""matchPct"":57.6},{""code"":""US"",""name"":""USA"",""score"":0.5607,""matchPct"":56.1},{""code"":""GR"",""name"":""Grecja"",""score"":0.534,""matchPct"":53.4}]",aspirations,wsm,reality,4,5,4,3,4,2,2,4,2,B,wsm,false,"Chiny i Japonia są wysoko, a mnie najbardziej interesują tamte rejony Azji",tak
09645952-1bf9-476b-9cc3-8b015f87f652,2026-05-04 17:07:56.507511+00,Mężczyzna,18-25 lat,Raz na kilka lat,0.3,0.05,0.3,0.05,0.2,0.1,"Włochy (81.5%), Chiny (78.5%), Francja (67.4%), USA (64.5%), Indie (63.8%), Hiszpania (63%), Japonia (56.7%), Wielka Brytania (53.4%), Turcja (52.4%), Kanada (51.2%)","[{""code"":""IT"",""name"":""Włochy"",""score"":0.815,""matchPct"":81.5},{""code"":""CN"",""name"":""Chiny"",""score"":0.7849999999999999,""matchPct"":78.5},{""code"":""FR"",""name"":""Francja"",""score"":0.674,""matchPct"":67.4},{""code"":""US"",""name"":""USA"",""score"":0.645,""matchPct"":64.5},{""code"":""IN"",""name"":""Indie"",""score"":0.6375000000000001,""matchPct"":63.8},{""code"":""ES"",""name"":""Hiszpania"",""score"":0.63,""matchPct"":63},{""code"":""JP"",""name"":""Japonia"",""score"":0.5665,""matchPct"":56.7},{""code"":""GB"",""name"":""Wielka Brytania"",""score"":0.5335000000000001,""matchPct"":53.4},{""code"":""TR"",""name"":""Turcja"",""score"":0.5235000000000001,""matchPct"":52.4},{""code"":""CA"",""name"":""Kanada"",""score"":0.512,""matchPct"":51.2}]",aspirations,wsm,reality,3,2,4,3,1,4,4,3,4,C,reality,false,Lista C zdecydowanie tańsza od reszty oraz lepiej rozdysponowana pod względem historii i gór,tak
09721377-9cf6-4cee-8459-bc945f6a967f,2026-05-04 17:11:33.820643+00,Kobieta,18-25 lat,Raz w roku,0.25,0.05,0.12,0.03,0.15,0.4,"Chiny (80.8%), Włochy (74.9%), Hiszpania (68%), Japonia (65.5%), Francja (62.2%), Gruzja (61.3%), Holandia (60.5%), Słowenia (60.2%), Chorwacja (59.3%), Finlandia (59%)","[{""code"":""CN"",""name"":""Chiny"",""score"":0.8076,""matchPct"":80.8},{""code"":""IT"",""name"":""Włochy"",""score"":0.7488999999999999,""matchPct"":74.9},{""code"":""ES"",""name"":""Hiszpania"",""score"":0.6795,""matchPct"":68},{""code"":""JP"",""name"":""Japonia"",""score"":0.6548,""matchPct"":65.5},{""code"":""FR"",""name"":""Francja"",""score"":0.6219,""matchPct"":62.2},{""code"":""GE"",""name"":""Gruzja"",""score"":0.6125,""matchPct"":61.3},{""code"":""NL"",""name"":""Holandia"",""score"":0.6052,""matchPct"":60.5},{""code"":""SI"",""name"":""Słowenia"",""score"":0.6015,""matchPct"":60.2},{""code"":""HR"",""name"":""Chorwacja"",""score"":0.5925,""matchPct"":59.3},{""code"":""FI"",""name"":""Finlandia"",""score"":0.5896,""matchPct"":59}]",wsm,reality,aspirations,4,3,2,2,3,3,4,5,3,B,reality,false,"Lista A była zbyt kosztowna, natomiast listę c odrzucam pod względem bezpieczeństwa",trudno_powiedziec
0b00a386-a812-4b99-a9c6-d08077ae9cf6,2026-05-02 14:47:11.844853+00,Kobieta,18-25 lat,2-3 razy w roku,0.08,0.5,0.1,0.05,0.12,0.15,"Grecja (69.7%), Tajlandia (68.5%), Włochy (68.4%), USA (66.4%), Indonezja (65.8%), Australia (64.4%), Filipiny (63%), Chiny (62.2%), Indie (61.1%), Hiszpania (61%)","[{""code"":""GR"",""name"":""Grecja"",""score"":0.6965,""matchPct"":69.7},{""code"":""TH"",""name"":""Tajlandia"",""score"":0.6849,""matchPct"":68.5},{""code"":""IT"",""name"":""Włochy"",""score"":0.6839000000000001,""matchPct"":68.4},{""code"":""US"",""name"":""USA"",""score"":0.6641,""matchPct"":66.4},{""code"":""ID"",""name"":""Indonezja"",""score"":0.6575,""matchPct"":65.8},{""code"":""AU"",""name"":""Australia"",""score"":0.6444,""matchPct"":64.4},{""code"":""PH"",""name"":""Filipiny"",""score"":0.6302,""matchPct"":63},{""code"":""CN"",""name"":""Chiny"",""score"":0.6215999999999999,""matchPct"":62.2},{""code"":""IN"",""name"":""Indie"",""score"":0.6113999999999999,""matchPct"":61.1},{""code"":""ES"",""name"":""Hiszpania"",""score"":0.6102000000000001,""matchPct"":61}]",wsm,reality,aspirations,2,4,3,4,4,4,1,5,1,C,aspirations,false,,tak
0b8c4dbc-b281-45f5-aef0-ebab635322a5,2026-05-04 17:09:04.761472+00,Kobieta,18-25 lat,Raz w roku,0.2,0.15,0.2,0.1,0.2,0.15,"Włochy (77.8%), Chiny (74.9%), Hiszpania (66.5%), Francja (66.2%), USA (65.3%), Indie (63.4%), Japonia (60.9%), Grecja (59.6%), Turcja (56.4%), Gruzja (55.4%)","[{""code"":""IT"",""name"":""Włochy"",""score"":0.7775000000000001,""matchPct"":77.8},{""code"":""CN"",""name"":""Chiny"",""score"":0.749,""matchPct"":74.9},{""code"":""ES"",""name"":""Hiszpania"",""score"":0.6650000000000001,""matchPct"":66.5},{""code"":""FR"",""name"":""Francja"",""score"":0.662,""matchPct"":66.2},{""code"":""US"",""name"":""USA"",""score"":0.6525,""matchPct"":65.3},{""code"":""IN"",""name"":""Indie"",""score"":0.6335,""matchPct"":63.4},{""code"":""JP"",""name"":""Japonia"",""score"":0.6094999999999999,""matchPct"":60.9},{""code"":""GR"",""name"":""Grecja"",""score"":0.5955,""matchPct"":59.6},{""code"":""TR"",""name"":""Turcja"",""score"":0.5640000000000001,""matchPct"":56.4},{""code"":""GE"",""name"":""Gruzja"",""score"":0.5535000000000001,""matchPct"":55.4}]",reality,wsm,aspirations,3,2,4,5,3,5,2,4,1,C,aspirations,false,Lista C zawiera kraje ktore chcialam kiedys juz odwiedzic i wydaja sie one dla mnie najprzyjazniejsze i najzgodniejsze z moimi preferencjami,trudno_powiedziec
0ba80235-b9fe-4ee1-946f-89ccc9e4e0cc,2026-05-04 17:16:14.100606+00,Mężczyzna,26-35 lat,Raz na kilka lat,0,0.3,0.1,0.2,0.2,0.2,"Grecja (74.1%), Hiszpania (71.5%), Włochy (71.4%), Chiny (70.9%), USA (70.7%), Tajlandia (69.3%), Japonia (68.7%), Indonezja (67.8%), Australia (65.7%), Chorwacja (65.2%)","[{""code"":""GR"",""name"":""Grecja"",""score"":0.741,""matchPct"":74.1},{""code"":""ES"",""name"":""Hiszpania"",""score"":0.7150000000000001,""matchPct"":71.5},{""code"":""IT"",""name"":""Włochy"",""score"":0.7140000000000001,""matchPct"":71.4},{""code"":""CN"",""name"":""Chiny"",""score"":0.7090000000000001,""matchPct"":70.9},{""code"":""US"",""name"":""USA"",""score"":0.707,""matchPct"":70.7},{""code"":""TH"",""name"":""Tajlandia"",""score"":0.693,""matchPct"":69.3},{""code"":""JP"",""name"":""Japonia"",""score"":0.687,""matchPct"":68.7},{""code"":""ID"",""name"":""Indonezja"",""score"":0.6779999999999999,""matchPct"":67.8},{""code"":""AU"",""name"":""Australia"",""score"":0.6569999999999999,""matchPct"":65.7},{""code"":""HR"",""name"":""Chorwacja"",""score"":0.6520000000000001,""matchPct"":65.2}]",aspirations,wsm,reality,4,4,3,2,2,2,4,4,4,C,reality,false,,tak
0c3c3300-ede5-4a46-8921-7deab0d8effb,2026-05-04 07:14:30.893444+00,Kobieta,36-45 lat,Raz w roku,0.11,0.26,0.16,0.22,0.08,0.17,"Włochy (73.8%), Chiny (72.4%), USA (71.8%), Hiszpania (67.4%), Japonia (66.5%), Grecja (65.7%), Francja (64.7%), Australia (62.5%), Tajlandia (61.1%), Indie (60.7%)","[{""code"":""IT"",""name"":""Włochy"",""score"":0.7381,""matchPct"":73.8},{""code"":""CN"",""name"":""Chiny"",""score"":0.7235999999999999,""matchPct"":72.4},{""code"":""US"",""name"":""USA"",""score"":0.7177,""matchPct"":71.8},{""code"":""ES"",""name"":""Hiszpania"",""score"":0.6742,""matchPct"":67.4},{""code"":""JP"",""name"":""Japonia"",""score"":0.6654,""matchPct"":66.5},{""code"":""GR"",""name"":""Grecja"",""score"":0.657,""matchPct"":65.7},{""code"":""FR"",""name"":""Francja"",""score"":0.6465,""matchPct"":64.7},{""code"":""AU"",""name"":""Australia"",""score"":0.6246,""matchPct"":62.5},{""code"":""TH"",""name"":""Tajlandia"",""score"":0.6109000000000001,""matchPct"":61.1},{""code"":""IN"",""name"":""Indie"",""score"":0.6067,""matchPct"":60.7}]",reality,wsm,aspirations,3,2,3,3,2,4,4,3,3,B,wsm,false,,trudno_powiedziec
0de9f85c-19b5-4d28-a35d-470092d4bd43,2026-05-04 17:09:32.87591+00,Mężczyzna,18-25 lat,2-3 razy w roku,0,0.1,0.1,0.15,0.4,0.25,"Gruzja (79%), Hiszpania (78.1%), Chiny (77.8%), Chorwacja (76.8%), Andora (76.5%), Słowenia (75.8%), Włochy (75.3%), Portugalia (75%), Finlandia (73.6%), Grecja (73.6%)","[{""code"":""GE"",""name"":""Gruzja"",""score"":0.7895000000000001,""matchPct"":79},{""code"":""ES"",""name"":""Hiszpania"",""score"":0.781,""matchPct"":78.1},{""code"":""CN"",""name"":""Chiny"",""score"":0.778,""matchPct"":77.8},{""code"":""HR"",""name"":""Chorwacja"",""score"":0.7675,""matchPct"":76.8},{""code"":""AD"",""name"":""Andora"",""score"":0.765,""matchPct"":76.5},{""code"":""SI"",""name"":""Słowenia"",""score"":0.7580000000000001,""matchPct"":75.8},{""code"":""IT"",""name"":""Włochy"",""score"":0.7525000000000001,""matchPct"":75.3},{""code"":""PT"",""name"":""Portugalia"",""score"":0.7495,""matchPct"":75},{""code"":""FI"",""name"":""Finlandia"",""score"":0.7364999999999999,""matchPct"":73.6},{""code"":""GR"",""name"":""Grecja"",""score"":0.7355,""matchPct"":73.6}]",wsm,aspirations,reality,4,4,3,3,3,4,4,4,3,A,wsm,false,,tak
0ef35da6-f69d-48ce-86f2-8176866fce05,2026-05-04 19:47:39.903963+00,Kobieta,26-35 lat,Raz w roku,0.05,0.05,0.15,0.15,0.24,0.36,"Chiny (83%), Andora (74.5%), Hiszpania (74.2%), Gruzja (74.1%), Słowenia (73.9%), Włochy (73.1%), Chorwacja (72.8%), Finlandia (72.6%), Japonia (72.3%), Portugalia (70.8%)","[{""code"":""CN"",""name"":""Chiny"",""score"":0.8299,""matchPct"":83},{""code"":""AD"",""name"":""Andora"",""score"":0.7447999999999999,""matchPct"":74.5},{""code"":""ES"",""name"":""Hiszpania"",""score"":0.7423,""matchPct"":74.2},{""code"":""GE"",""name"":""Gruzja"",""score"":0.7414000000000001,""matchPct"":74.1},{""code"":""SI"",""name"":""Słowenia"",""score"":0.7388999999999999,""matchPct"":73.9},{""code"":""IT"",""name"":""Włochy"",""score"":0.731,""matchPct"":73.1},{""code"":""HR"",""name"":""Chorwacja"",""score"":0.7276,""matchPct"":72.8},{""code"":""FI"",""name"":""Finlandia"",""score"":0.7263999999999999,""matchPct"":72.6},{""code"":""JP"",""name"":""Japonia"",""score"":0.7231,""matchPct"":72.3},{""code"":""PT"",""name"":""Portugalia"",""score"":0.7079,""matchPct"":70.8}]",wsm,aspirations,reality,1,3,1,1,2,1,1,3,1,C,reality,false,,trudno_powiedziec
0ef67741-5c7f-4aac-b1c7-99b7df292e90,2026-05-04 17:26:33.19803+00,Kobieta,18-25 lat,Raz na kilka lat,0.25,0.1,0.1,0.05,0.15,0.35,"Chiny (77.6%), Włochy (75.4%), Hiszpania (68%), Japonia (64.3%), Francja (63.1%), Indie (59.1%), Gruzja (58.9%), Holandia (58.3%), Słowenia (57.4%), Chorwacja (57.4%)","[{""code"":""CN"",""name"":""Chiny"",""score"":0.7759999999999999,""matchPct"":77.6},{""code"":""IT"",""name"":""Włochy"",""score"":0.754,""matchPct"":75.4},{""code"":""ES"",""name"":""Hiszpania"",""score"":0.6795,""matchPct"":68},{""code"":""JP"",""name"":""Japonia"",""score"":0.6425000000000001,""matchPct"":64.3},{""code"":""FR"",""name"":""Francja"",""score"":0.6305,""matchPct"":63.1},{""code"":""IN"",""name"":""Indie"",""score"":0.591,""matchPct"":59.1},{""code"":""GE"",""name"":""Gruzja"",""score"":0.589,""matchPct"":58.9},{""code"":""NL"",""name"":""Holandia"",""score"":0.5834999999999999,""matchPct"":58.3},{""code"":""SI"",""name"":""Słowenia"",""score"":0.5735,""matchPct"":57.4},{""code"":""HR"",""name"":""Chorwacja"",""score"":0.5735,""matchPct"":57.4}]",reality,wsm,aspirations,3,1,4,2,1,3,4,3,5,A,reality,false,,tak
0fa44721-c79b-43b8-b915-4c8bfaec7dae,2026-05-04 17:55:22.023226+00,Mężczyzna,18-25 lat,Raz na kilka lat,0.2,0.05,0.1,0.2,0.25,0.2,"Włochy (80.8%), Chiny (76.8%), Hiszpania (75.1%), Francja (72.3%), Japonia (65.5%), Holandia (64.9%), Wielka Brytania (64.3%), Gruzja (64.1%), Grecja (63.9%), Indie (63.8%)","[{""code"":""IT"",""name"":""Włochy"",""score"":0.8075,""matchPct"":80.8},{""code"":""CN"",""name"":""Chiny"",""score"":0.768,""matchPct"":76.8},{""code"":""ES"",""name"":""Hiszpania"",""score"":0.7505000000000001,""matchPct"":75.1},{""code"":""FR"",""name"":""Francja"",""score"":0.723,""matchPct"":72.3},{""code"":""JP"",""name"":""Japonia"",""score"":0.655,""matchPct"":65.5},{""code"":""NL"",""name"":""Holandia"",""score"":0.649,""matchPct"":64.9},{""code"":""GB"",""name"":""Wielka Brytania"",""score"":0.643,""matchPct"":64.3},{""code"":""GE"",""name"":""Gruzja"",""score"":0.641,""matchPct"":64.1},{""code"":""GR"",""name"":""Grecja"",""score"":0.6385000000000001,""matchPct"":63.9},{""code"":""IN"",""name"":""Indie"",""score"":0.638,""matchPct"":63.8}]",reality,wsm,aspirations,4,3,4,2,1,2,3,3,3,B,wsm,false,,tak
0fc73f66-585f-414e-b693-171496ed86de,2026-05-02 15:01:17.168055+00,Kobieta,46-60 lat,2-3 razy w roku,0.15,0.39,0.2,0.15,0,0.11,"USA (72.3%), Włochy (71.9%), Chiny (67.4%), Australia (63%), Grecja (62.4%), Japonia (61.4%), Tajlandia (60.5%), Francja (59.8%), Hiszpania (59.7%), Indie (59%)","[{""code"":""US"",""name"":""USA"",""score"":0.7228999999999999,""matchPct"":72.3},{""code"":""IT"",""name"":""Włochy"",""score"":0.7187,""matchPct"":71.9},{""code"":""CN"",""name"":""Chiny"",""score"":0.6744,""matchPct"":67.4},{""code"":""AU"",""name"":""Australia"",""score"":0.6297999999999999,""matchPct"":63},{""code"":""GR"",""name"":""Grecja"",""score"":0.6244000000000001,""matchPct"":62.4},{""code"":""JP"",""name"":""Japonia"",""score"":0.6135,""matchPct"":61.4},{""code"":""TH"",""name"":""Tajlandia"",""score"":0.6050000000000001,""matchPct"":60.5},{""code"":""FR"",""name"":""Francja"",""score"":0.5984999999999999,""matchPct"":59.8},{""code"":""ES"",""name"":""Hiszpania"",""score"":0.5972000000000001,""matchPct"":59.7},{""code"":""IN"",""name"":""Indie"",""score"":0.5896,""matchPct"":59}]",wsm,aspirations,reality,4,3,4,4,3,3,3,5,4,C,reality,false,"Lista C  zawiera najwięcej państw, które chciałabym ponownie odwiedzić. Na pozostałych listach są kraje, które planuję jeszcze odwiedzić, ale na ten moment są poza finansowymi możliwościami bądź nie ma  danych krajów na żadnej liście.",tak
0fdf7842-6f00-45a5-a6a3-9f005de8a0f4,2026-05-04 17:07:21.536347+00,Inna,18-25 lat,Raz na kilka lat,0.25,0,0.3,0.01,0.15,0.29,"Chiny (84.7%), Włochy (76.5%), Hiszpania (63%), Japonia (62.6%), Francja (62.1%), USA (62%), Indie (60.9%), Gruzja (56.9%), Słowenia (56.1%), Kanada (55.4%)","[{""code"":""CN"",""name"":""Chiny"",""score"":0.8472,""matchPct"":84.7},{""code"":""IT"",""name"":""Włochy"",""score"":0.7646,""matchPct"":76.5},{""code"":""ES"",""name"":""Hiszpania"",""score"":0.6298999999999999,""matchPct"":63},{""code"":""JP"",""name"":""Japonia"",""score"":0.6255,""matchPct"":62.6},{""code"":""FR"",""name"":""Francja"",""score"":0.6213,""matchPct"":62.1},{""code"":""US"",""name"":""USA"",""score"":0.6197,""matchPct"":62},{""code"":""IN"",""name"":""Indie"",""score"":0.6092,""matchPct"":60.9},{""code"":""GE"",""name"":""Gruzja"",""score"":0.5688,""matchPct"":56.9},{""code"":""SI"",""name"":""Słowenia"",""score"":0.5607,""matchPct"":56.1},{""code"":""CA"",""name"":""Kanada"",""score"":0.5537,""matchPct"":55.4}]",reality,aspirations,wsm,5,2,4,3,1,4,4,3,4,B,aspirations,false,,tak
0ffbcfd0-5d94-45c1-8607-475b28dc4a31,2026-05-04 17:12:46.728647+00,Mężczyzna,18-25 lat,Raz na kilka lat,0.1,0.3,0,0,0.25,0.35,"Włochy (69.7%), Chiny (69.6%), Hiszpania (69.3%), Grecja (67.6%), Gruzja (65.1%), Chorwacja (64.7%), Japonia (64.6%), Tajlandia (64.2%), Wietnam (62.4%), Indonezja (62%)","[{""code"":""IT"",""name"":""Włochy"",""score"":0.6970000000000001,""matchPct"":69.7},{""code"":""CN"",""name"":""Chiny"",""score"":0.696,""matchPct"":69.6},{""code"":""ES"",""name"":""Hiszpania"",""score"":0.6925,""matchPct"":69.3},{""code"":""GR"",""name"":""Grecja"",""score"":0.6759999999999999,""matchPct"":67.6},{""code"":""GE"",""name"":""Gruzja"",""score"":0.6505,""matchPct"":65.1},{""code"":""HR"",""name"":""Chorwacja"",""score"":0.6465000000000001,""matchPct"":64.7},{""code"":""JP"",""name"":""Japonia"",""score"":0.6455,""matchPct"":64.6},{""code"":""TH"",""name"":""Tajlandia"",""score"":0.642,""matchPct"":64.2},{""code"":""VN"",""name"":""Wietnam"",""score"":0.6234999999999999,""matchPct"":62.4},{""code"":""ID"",""name"":""Indonezja"",""score"":0.62,""matchPct"":62}]",wsm,aspirations,reality,5,5,5,4,5,5,5,5,5,C,reality,false,"Wolę raczej ciepłe i znane kraje, gdzie da się dogadać w języku Angielskim. Zależy mi też na ciepłych bardziej krajach dlatego wybrałem tę listę.",tak
106ddc95-2e68-48de-9ff6-a54b3d790a4a,2026-05-04 17:32:03.410354+00,Kobieta,18-25 lat,Raz na kilka lat,0.2,0.15,0.15,0.1,0.15,0.25,"Chiny (75.9%), Włochy (75.6%), Hiszpania (67.2%), Francja (64.2%), Japonia (63.8%), USA (62.5%), Indie (60.8%), Grecja (58.5%), Gruzja (56.9%), Słowenia (55.5%)","[{""code"":""CN"",""name"":""Chiny"",""score"":0.7585,""matchPct"":75.9},{""code"":""IT"",""name"":""Włochy"",""score"":0.756,""matchPct"":75.6},{""code"":""ES"",""name"":""Hiszpania"",""score"":0.672,""matchPct"":67.2},{""code"":""FR"",""name"":""Francja"",""score"":0.6415,""matchPct"":64.2},{""code"":""JP"",""name"":""Japonia"",""score"":0.638,""matchPct"":63.8},{""code"":""US"",""name"":""USA"",""score"":0.625,""matchPct"":62.5},{""code"":""IN"",""name"":""Indie"",""score"":0.608,""matchPct"":60.8},{""code"":""GR"",""name"":""Grecja"",""score"":0.5845,""matchPct"":58.5},{""code"":""GE"",""name"":""Gruzja"",""score"":0.5690000000000001,""matchPct"":56.9},{""code"":""SI"",""name"":""Słowenia"",""score"":0.555,""matchPct"":55.5}]",reality,wsm,aspirations,5,4,5,4,3,5,4,3,4,B,wsm,false,"lista b ma dla mnie więcej kierunków, które chciałabym odwiedzić, to jest moje marzenie. Lista co kierunki które mnie mniej interesują, lista a jest spoko ale najbardziej przemawia do mnie lista B",tak
1083c55a-140c-465d-8ed6-4ded327dbf23,2026-05-04 18:41:19.890042+00,Mężczyzna,26-35 lat,Raz w roku,0.1,0,0.5,0.1,0.1,0.2,"Chiny (90.1%), USA (77.9%), Włochy (73.9%), Kanada (69.6%), Japonia (66.7%), Indie (63%), Francja (61%), Hiszpania (60.2%), Słowenia (59.8%), Finlandia (58.6%)","[{""code"":""CN"",""name"":""Chiny"",""score"":0.9009999999999998,""matchPct"":90.1},{""code"":""US"",""name"":""USA"",""score"":0.779,""matchPct"":77.9},{""code"":""IT"",""name"":""Włochy"",""score"":0.7389999999999999,""matchPct"":73.9},{""code"":""CA"",""name"":""Kanada"",""score"":0.6960000000000001,""matchPct"":69.6},{""code"":""JP"",""name"":""Japonia"",""score"":0.667,""matchPct"":66.7},{""code"":""IN"",""name"":""Indie"",""score"":0.63,""matchPct"":63},{""code"":""FR"",""name"":""Francja"",""score"":0.61,""matchPct"":61},{""code"":""ES"",""name"":""Hiszpania"",""score"":0.602,""matchPct"":60.2},{""code"":""SI"",""name"":""Słowenia"",""score"":0.5980000000000001,""matchPct"":59.8},{""code"":""FI"",""name"":""Finlandia"",""score"":0.5860000000000001,""matchPct"":58.6}]",reality,wsm,aspirations,4,2,4,4,2,4,2,4,3,A,reality,false,lista A jest najbardziej osiągalna cenowo i logistycznie (ograniczone dni urlopu),trudno_powiedziec
11080188-95f9-4254-9d32-d67862c81f05,2026-05-04 20:25:17.035082+00,Mężczyzna,18-25 lat,2-3 razy w roku,0.4,0.4,0,0.06,0.09,0.05,"Włochy (80%), Francja (65.5%), Hiszpania (61.6%), Grecja (60.4%), Indie (58.7%), Chiny (57.4%), USA (55.5%), Meksyk (55.4%), Tajlandia (53%), Australia (50.8%)","[{""code"":""IT"",""name"":""Włochy"",""score"":0.7996,""matchPct"":80},{""code"":""FR"",""name"":""Francja"",""score"":0.6551999999999999,""matchPct"":65.5},{""code"":""ES"",""name"":""Hiszpania"",""score"":0.6156999999999999,""matchPct"":61.6},{""code"":""GR"",""name"":""Grecja"",""score"":0.6036,""matchPct"":60.4},{""code"":""IN"",""name"":""Indie"",""score"":0.5867,""matchPct"":58.7},{""code"":""CN"",""name"":""Chiny"",""score"":0.5736,""matchPct"":57.4},{""code"":""US"",""name"":""USA"",""score"":0.5546999999999999,""matchPct"":55.5},{""code"":""MX"",""name"":""Meksyk"",""score"":0.5536000000000001,""matchPct"":55.4},{""code"":""TH"",""name"":""Tajlandia"",""score"":0.5296000000000001,""matchPct"":53},{""code"":""AU"",""name"":""Australia"",""score"":0.5076,""matchPct"":50.8}]",reality,wsm,aspirations,4,4,4,4,4,3,4,5,4,B,wsm,false,,tak
115122ca-b4f1-4404-86b1-feaf9b7d9fc5,2026-05-04 19:30:34.393221+00,Mężczyzna,18-25 lat,Raz w roku,0.25,0.31,0.25,0.11,0,0.08,"Włochy (75.3%), USA (69.9%), Chiny (69.5%), Francja (61.3%), Indie (58.9%), Japonia (57.7%), Hiszpania (57.6%), Meksyk (56%), Australia (55.4%), Grecja (55.4%)","[{""code"":""IT"",""name"":""Włochy"",""score"":0.7534,""matchPct"":75.3},{""code"":""US"",""name"":""USA"",""score"":0.6993,""matchPct"":69.9},{""code"":""CN"",""name"":""Chiny"",""score"":0.6952999999999999,""matchPct"":69.5},{""code"":""FR"",""name"":""Francja"",""score"":0.6128,""matchPct"":61.3},{""code"":""IN"",""name"":""Indie"",""score"":0.5886000000000001,""matchPct"":58.9},{""code"":""JP"",""name"":""Japonia"",""score"":0.5765,""matchPct"":57.7},{""code"":""ES"",""name"":""Hiszpania"",""score"":0.5757,""matchPct"":57.6},{""code"":""MX"",""name"":""Meksyk"",""score"":0.5599999999999999,""matchPct"":56},{""code"":""AU"",""name"":""Australia"",""score"":0.5543,""matchPct"":55.4},{""code"":""GR"",""name"":""Grecja"",""score"":0.554,""matchPct"":55.4}]",wsm,aspirations,reality,4,1,4,5,1,5,5,1,5,A,wsm,false,,nie
12566462-eec6-4c1b-b15d-14e79ee60890,2026-05-04 19:39:41.015442+00,Kobieta,18-25 lat,2-3 razy w roku,0,0.75,0,0,0,0.25,"Tajlandia (78.5%), Australia (75.5%), Filipiny (74.3%), Grecja (74.2%), Indonezja (73.8%), USA (64.8%), Malezja (63%), Wietnam (62.8%), Japonia (61.8%), Meksyk (60.5%)","[{""code"":""TH"",""name"":""Tajlandia"",""score"":0.785,""matchPct"":78.5},{""code"":""AU"",""name"":""Australia"",""score"":0.755,""matchPct"":75.5},{""code"":""PH"",""name"":""Filipiny"",""score"":0.7425,""matchPct"":74.3},{""code"":""GR"",""name"":""Grecja"",""score"":0.7424999999999999,""matchPct"":74.2},{""code"":""ID"",""name"":""Indonezja"",""score"":0.7375,""matchPct"":73.8},{""code"":""US"",""name"":""USA"",""score"":0.6475,""matchPct"":64.8},{""code"":""MY"",""name"":""Malezja"",""score"":0.63,""matchPct"":63},{""code"":""VN"",""name"":""Wietnam"",""score"":0.6275,""matchPct"":62.8},{""code"":""JP"",""name"":""Japonia"",""score"":0.6175,""matchPct"":61.8},{""code"":""MX"",""name"":""Meksyk"",""score"":0.605,""matchPct"":60.5}]",aspirations,reality,wsm,3,5,3,3,5,3,3,5,3,A,aspirations,false,Więcej kierunków które chce odwiedzic,tak
12593bd5-a9f0-498f-b54f-dd1a2197e8aa,2026-05-02 09:38:52.594279+00,Kobieta,46-60 lat,2-3 razy w roku,0.25,0.18,0.1,0,0.17,0.3,"Włochy (74.7%), Chiny (73.7%), Hiszpania (65.3%), Francja (61.4%), Japonia (60.8%), Indie (59.9%), Grecja (55.9%), Gruzja (55.4%), USA (55.4%), Chorwacja (53.4%)","[{""code"":""IT"",""name"":""Włochy"",""score"":0.7468999999999999,""matchPct"":74.7},{""code"":""CN"",""name"":""Chiny"",""score"":0.7370000000000001,""matchPct"":73.7},{""code"":""ES"",""name"":""Hiszpania"",""score"":0.6533,""matchPct"":65.3},{""code"":""FR"",""name"":""Francja"",""score"":0.6137,""matchPct"":61.4},{""code"":""JP"",""name"":""Japonia"",""score"":0.6083000000000001,""matchPct"":60.8},{""code"":""IN"",""name"":""Indie"",""score"":0.5992,""matchPct"":59.9},{""code"":""GR"",""name"":""Grecja"",""score"":0.5594,""matchPct"":55.9},{""code"":""GE"",""name"":""Gruzja"",""score"":0.5541,""matchPct"":55.4},{""code"":""US"",""name"":""USA"",""score"":0.5538,""matchPct"":55.4},{""code"":""HR"",""name"":""Chorwacja"",""score"":0.534,""matchPct"":53.4}]",reality,wsm,aspirations,3,4,3,2,2,2,3,4,3,A,reality,false,,nie
12859d9e-71fd-41a1-8cfc-8f4ced0d68da,2026-05-03 17:06:18.123306+00,Kobieta,18-25 lat,2-3 razy w roku,0.26,0.04,0.35,0.08,0.1,0.17,"Chiny (82.4%), Włochy (78.3%), USA (68.2%), Francja (64.3%), Hiszpania (61.3%), Indie (61.2%), Japonia (60.9%), Kanada (55.6%), Wielka Brytania (51%), Gruzja (50%)","[{""code"":""CN"",""name"":""Chiny"",""score"":0.8242999999999999,""matchPct"":82.4},{""code"":""IT"",""name"":""Włochy"",""score"":0.7833,""matchPct"":78.3},{""code"":""US"",""name"":""USA"",""score"":0.6822,""matchPct"":68.2},{""code"":""FR"",""name"":""Francja"",""score"":0.6425,""matchPct"":64.3},{""code"":""ES"",""name"":""Hiszpania"",""score"":0.6125,""matchPct"":61.3},{""code"":""IN"",""name"":""Indie"",""score"":0.6119999999999999,""matchPct"":61.2},{""code"":""JP"",""name"":""Japonia"",""score"":0.6088,""matchPct"":60.9},{""code"":""CA"",""name"":""Kanada"",""score"":0.5555,""matchPct"":55.6},{""code"":""GB"",""name"":""Wielka Brytania"",""score"":0.5101,""matchPct"":51},{""code"":""GE"",""name"":""Gruzja"",""score"":0.5,""matchPct"":50}]",reality,wsm,aspirations,4,4,4,3,2,3,4,5,1,B,wsm,false,"Lista B byla idealnym komromistwm pomiedzy A i C, ma eutopejskie i nie tylko kierunki, państwa jak Gruzja, Japonia i Kana znajdują sie w moich inspiracjsch podrozniczych",tak
12acf97f-a986-4c47-8cfb-b9f704dce8d2,2026-05-05 21:13:30.232791+00,Mężczyzna,18-25 lat,Raz w roku,0.15,0,0.15,0.05,0.4,0.25,"Chiny (80.5%), Włochy (79%), Hiszpania (74.3%), Gruzja (72.9%), Francja (69.2%), Słowenia (68.6%), Andora (68.5%), Czechy (68.2%), Chorwacja (68.2%), Finlandia (68%)","[{""code"":""CN"",""name"":""Chiny"",""score"":0.8045,""matchPct"":80.5},{""code"":""IT"",""name"":""Włochy"",""score"":0.7895,""matchPct"":79},{""code"":""ES"",""name"":""Hiszpania"",""score"":0.7425,""matchPct"":74.3},{""code"":""GE"",""name"":""Gruzja"",""score"":0.7285,""matchPct"":72.9},{""code"":""FR"",""name"":""Francja"",""score"":0.692,""matchPct"":69.2},{""code"":""SI"",""name"":""Słowenia"",""score"":0.6855,""matchPct"":68.6},{""code"":""AD"",""name"":""Andora"",""score"":0.685,""matchPct"":68.5},{""code"":""CZ"",""name"":""Czechy"",""score"":0.682,""matchPct"":68.2},{""code"":""HR"",""name"":""Chorwacja"",""score"":0.682,""matchPct"":68.2},{""code"":""FI"",""name"":""Finlandia"",""score"":0.6795,""matchPct"":68}]",aspirations,reality,wsm,4,4,4,1,1,1,3,2,4,C,wsm,false,,tak
12d49293-6d20-447e-bba4-48addc38cc35,2026-05-04 18:18:20.957069+00,Kobieta,18-25 lat,Raz na kilka lat,0.2,0.11,0.11,0.06,0.31,0.21,"Włochy (78.5%), Chiny (74.7%), Hiszpania (71.1%), Francja (67.8%), Indie (64.9%), Gruzja (63.3%), Grecja (62.4%), Japonia (61.3%), Turcja (60.5%), Chorwacja (60.1%)","[{""code"":""IT"",""name"":""Włochy"",""score"":0.7852,""matchPct"":78.5},{""code"":""CN"",""name"":""Chiny"",""score"":0.7469,""matchPct"":74.7},{""code"":""ES"",""name"":""Hiszpania"",""score"":0.7108,""matchPct"":71.1},{""code"":""FR"",""name"":""Francja"",""score"":0.6779,""matchPct"":67.8},{""code"":""IN"",""name"":""Indie"",""score"":0.6492,""matchPct"":64.9},{""code"":""GE"",""name"":""Gruzja"",""score"":0.633,""matchPct"":63.3},{""code"":""GR"",""name"":""Grecja"",""score"":0.6236999999999999,""matchPct"":62.4},{""code"":""JP"",""name"":""Japonia"",""score"":0.6128,""matchPct"":61.3},{""code"":""TR"",""name"":""Turcja"",""score"":0.6053,""matchPct"":60.5},{""code"":""HR"",""name"":""Chorwacja"",""score"":0.6011,""matchPct"":60.1}]",wsm,aspirations,reality,3,3,2,4,3,3,2,3,1,B,aspirations,false,,trudno_powiedziec
12e77e40-1558-4117-ad67-dd2963c793d9,2026-05-04 17:10:32.884662+00,Kobieta,18-25 lat,Raz na kilka lat,0.2,0.05,0.19,0.1,0.2,0.26,"Chiny (80.3%), Włochy (77.3%), Hiszpania (69%), Francja (66.2%), Japonia (64.7%), USA (62.7%), Indie (62.3%), Gruzja (61.5%), Słowenia (59.9%), Finlandia (58.8%)","[{""code"":""CN"",""name"":""Chiny"",""score"":0.8025,""matchPct"":80.3},{""code"":""IT"",""name"":""Włochy"",""score"":0.7732,""matchPct"":77.3},{""code"":""ES"",""name"":""Hiszpania"",""score"":0.6901,""matchPct"":69},{""code"":""FR"",""name"":""Francja"",""score"":0.6615,""matchPct"":66.2},{""code"":""JP"",""name"":""Japonia"",""score"":0.6471,""matchPct"":64.7},{""code"":""US"",""name"":""USA"",""score"":0.6265000000000001,""matchPct"":62.7},{""code"":""IN"",""name"":""Indie"",""score"":0.6229,""matchPct"":62.3},{""code"":""GE"",""name"":""Gruzja"",""score"":0.6147,""matchPct"":61.5},{""code"":""SI"",""name"":""Słowenia"",""score"":0.5993,""matchPct"":59.9},{""code"":""FI"",""name"":""Finlandia"",""score"":0.5880000000000001,""matchPct"":58.8}]",reality,aspirations,wsm,3,2,4,2,1,3,2,4,4,C,wsm,false,,tak
13fc553f-6113-456a-9fde-ffd6e9f44865,2026-05-04 19:57:19.789177+00,Mężczyzna,18-25 lat,Raz w roku,0.15,0.05,0.65,0.05,0.03,0.07,"Chiny (89.1%), USA (83.1%), Włochy (74.5%), Kanada (66.9%), Indie (63%), Japonia (60.6%), Peru (58.6%), Francja (58.4%), Brazylia (56.3%), Meksyk (54.5%)","[{""code"":""CN"",""name"":""Chiny"",""score"":0.8913,""matchPct"":89.1},{""code"":""US"",""name"":""USA"",""score"":0.831,""matchPct"":83.1},{""code"":""IT"",""name"":""Włochy"",""score"":0.7450000000000001,""matchPct"":74.5},{""code"":""CA"",""name"":""Kanada"",""score"":0.6689999999999999,""matchPct"":66.9},{""code"":""IN"",""name"":""Indie"",""score"":0.6295000000000001,""matchPct"":63},{""code"":""JP"",""name"":""Japonia"",""score"":0.6062000000000001,""matchPct"":60.6},{""code"":""PE"",""name"":""Peru"",""score"":0.5862,""matchPct"":58.6},{""code"":""FR"",""name"":""Francja"",""score"":0.5838000000000001,""matchPct"":58.4},{""code"":""BR"",""name"":""Brazylia"",""score"":0.5633,""matchPct"":56.3},{""code"":""MX"",""name"":""Meksyk"",""score"":0.5452,""matchPct"":54.5}]",wsm,reality,aspirations,5,2,4,3,3,3,3,4,3,A,wsm,false,,tak
14055f8b-cc19-4f89-a462-54dcde7215c6,2026-05-02 21:03:15.069687+00,Mężczyzna,46-60 lat,Raz w roku,0.4,0.1,0.21,0.1,0.1,0.09,"Włochy (83.3%), Chiny (73.7%), Francja (68.9%), Hiszpania (62.8%), USA (61.6%), Indie (60.2%), Japonia (55.1%), Wielka Brytania (51.6%), Grecja (49.6%), Meksyk (48.2%)","[{""code"":""IT"",""name"":""Włochy"",""score"":0.8332999999999999,""matchPct"":83.3},{""code"":""CN"",""name"":""Chiny"",""score"":0.7365,""matchPct"":73.7},{""code"":""FR"",""name"":""Francja"",""score"":0.6885,""matchPct"":68.9},{""code"":""ES"",""name"":""Hiszpania"",""score"":0.6278999999999999,""matchPct"":62.8},{""code"":""US"",""name"":""USA"",""score"":0.616,""matchPct"":61.6},{""code"":""IN"",""name"":""Indie"",""score"":0.6016,""matchPct"":60.2},{""code"":""JP"",""name"":""Japonia"",""score"":0.5514,""matchPct"":55.1},{""code"":""GB"",""name"":""Wielka Brytania"",""score"":0.5163,""matchPct"":51.6},{""code"":""GR"",""name"":""Grecja"",""score"":0.49640000000000006,""matchPct"":49.6},{""code"":""MX"",""name"":""Meksyk"",""score"":0.48229999999999995,""matchPct"":48.2}]",reality,aspirations,wsm,5,4,5,1,2,4,3,4,1,C,wsm,false,To najciekawsze kraje świata,tak
1513c32f-8bcb-4633-8571-85113ec6d2ff,2026-05-01 20:50:38.017668+00,Kobieta,26-35 lat,Raz w roku,0.05,0.25,0.25,0.1,0.25,0.1,"Włochy (73.8%), Chiny (73.4%), USA (72.1%), Grecja (67.1%), Indie (66.4%), Hiszpania (65.7%), Francja (63.6%), Indonezja (63.6%), Tajlandia (62.6%), Japonia (62.4%)","[{""code"":""IT"",""name"":""Włochy"",""score"":0.7375,""matchPct"":73.8},{""code"":""CN"",""name"":""Chiny"",""score"":0.7335,""matchPct"":73.4},{""code"":""US"",""name"":""USA"",""score"":0.7205,""matchPct"":72.1},{""code"":""GR"",""name"":""Grecja"",""score"":0.6705,""matchPct"":67.1},{""code"":""IN"",""name"":""Indie"",""score"":0.6635,""matchPct"":66.4},{""code"":""ES"",""name"":""Hiszpania"",""score"":0.6569999999999999,""matchPct"":65.7},{""code"":""FR"",""name"":""Francja"",""score"":0.636,""matchPct"":63.6},{""code"":""ID"",""name"":""Indonezja"",""score"":0.6355,""matchPct"":63.6},{""code"":""TH"",""name"":""Tajlandia"",""score"":0.6260000000000001,""matchPct"":62.6},{""code"":""JP"",""name"":""Japonia"",""score"":0.624,""matchPct"":62.4}]",aspirations,reality,wsm,2,1,2,2,1,4,5,5,4,B,reality,false,,trudno_powiedziec
157a81f7-baec-4435-b7c3-5c9cb96e65e8,2026-05-04 17:08:54.035187+00,Inna,18-25 lat,Raz w roku,0,0.05,0.25,0.3,0.4,0,"Włochy (81.7%), USA (78.7%), Chiny (78.6%), Hiszpania (78.2%), Francja (77.1%), Grecja (75.5%), Turcja (74.3%), Gruzja (73%), Indie (72.1%), Andora (71.3%)","[{""code"":""IT"",""name"":""Włochy"",""score"":0.817,""matchPct"":81.7},{""code"":""US"",""name"":""USA"",""score"":0.7865,""matchPct"":78.7},{""code"":""CN"",""name"":""Chiny"",""score"":0.7855000000000001,""matchPct"":78.6},{""code"":""ES"",""name"":""Hiszpania"",""score"":0.7815000000000001,""matchPct"":78.2},{""code"":""FR"",""name"":""Francja"",""score"":0.7705,""matchPct"":77.1},{""code"":""GR"",""name"":""Grecja"",""score"":0.7545000000000001,""matchPct"":75.5},{""code"":""TR"",""name"":""Turcja"",""score"":0.7430000000000001,""matchPct"":74.3},{""code"":""GE"",""name"":""Gruzja"",""score"":0.7295,""matchPct"":73},{""code"":""IN"",""name"":""Indie"",""score"":0.7205,""matchPct"":72.1},{""code"":""AD"",""name"":""Andora"",""score"":0.7125,""matchPct"":71.3}]",wsm,aspirations,reality,1,3,1,2,2,2,1,3,1,B,aspirations,false,Mniej upalne kraje,nie
17054aa7-84b9-412b-8c9b-58f69e1deac3,2026-05-04 17:57:32.768772+00,Mężczyzna,26-35 lat,2-3 razy w roku,0.1,0.2,0.25,0.05,0.2,0.2,"Chiny (76.6%), Włochy (72.7%), USA (67.8%), Hiszpania (64.1%), Indie (63.7%), Japonia (63.1%), Francja (61%), Grecja (60.5%), Indonezja (58.9%), Gruzja (58.9%)","[{""code"":""CN"",""name"":""Chiny"",""score"":0.7655000000000001,""matchPct"":76.6},{""code"":""IT"",""name"":""Włochy"",""score"":0.727,""matchPct"":72.7},{""code"":""US"",""name"":""USA"",""score"":0.6775,""matchPct"":67.8},{""code"":""ES"",""name"":""Hiszpania"",""score"":0.6405000000000001,""matchPct"":64.1},{""code"":""IN"",""name"":""Indie"",""score"":0.637,""matchPct"":63.7},{""code"":""JP"",""name"":""Japonia"",""score"":0.631,""matchPct"":63.1},{""code"":""FR"",""name"":""Francja"",""score"":0.6095,""matchPct"":61},{""code"":""GR"",""name"":""Grecja"",""score"":0.6054999999999999,""matchPct"":60.5},{""code"":""ID"",""name"":""Indonezja"",""score"":0.5890000000000001,""matchPct"":58.9},{""code"":""GE"",""name"":""Gruzja"",""score"":0.5885,""matchPct"":58.9}]",reality,aspirations,wsm,4,4,3,5,4,4,3,5,2,B,aspirations,false,"Lista A zawiera zbyt łatwo dostępne kierunki. listy B,C obie są bardzo ciekawe, ale bardziej podpasowała mi Lista B jako bardzie egzotyczna",tak
1786ab66-ead3-47ee-a712-686882ccbd97,2026-05-04 20:20:24.842539+00,Kobieta,18-25 lat,Raz na kilka lat,0.25,0,0,0.2,0.3,0.25,"Włochy (83%), Hiszpania (79.4%), Chiny (76.2%), Francja (75.2%), Holandia (73.6%), Andora (69.9%), Wielka Brytania (69.2%), Czechy (68.8%), Portugalia (68.7%), Gruzja (67.9%)","[{""code"":""IT"",""name"":""Włochy"",""score"":0.8295,""matchPct"":83},{""code"":""ES"",""name"":""Hiszpania"",""score"":0.794,""matchPct"":79.4},{""code"":""CN"",""name"":""Chiny"",""score"":0.762,""matchPct"":76.2},{""code"":""FR"",""name"":""Francja"",""score"":0.7515000000000001,""matchPct"":75.2},{""code"":""NL"",""name"":""Holandia"",""score"":0.7364999999999999,""matchPct"":73.6},{""code"":""AD"",""name"":""Andora"",""score"":0.6985,""matchPct"":69.9},{""code"":""GB"",""name"":""Wielka Brytania"",""score"":0.6915,""matchPct"":69.2},{""code"":""CZ"",""name"":""Czechy"",""score"":0.6880000000000001,""matchPct"":68.8},{""code"":""PT"",""name"":""Portugalia"",""score"":0.6865,""matchPct"":68.7},{""code"":""GE"",""name"":""Gruzja"",""score"":0.6789999999999999,""matchPct"":67.9}]",wsm,aspirations,reality,5,3,4,3,2,3,4,3,4,A,wsm,false,,tak
17ba1d3e-ee61-42b8-a6d7-55319a6fa875,2026-05-02 11:29:03.468285+00,Kobieta,46-60 lat,Raz w roku,0.14,0.24,0.22,0.1,0.12,0.18,"Chiny (74%), Włochy (73.3%), USA (68.5%), Hiszpania (63.4%), Japonia (62.9%), Francja (61.6%), Indie (61.5%), Grecja (60.3%), Indonezja (57.1%), Tajlandia (57.1%)","[{""code"":""CN"",""name"":""Chiny"",""score"":0.7398,""matchPct"":74},{""code"":""IT"",""name"":""Włochy"",""score"":0.7330000000000001,""matchPct"":73.3},{""code"":""US"",""name"":""USA"",""score"":0.6852,""matchPct"":68.5},{""code"":""ES"",""name"":""Hiszpania"",""score"":0.6337999999999999,""matchPct"":63.4},{""code"":""JP"",""name"":""Japonia"",""score"":0.6288,""matchPct"":62.9},{""code"":""FR"",""name"":""Francja"",""score"":0.6156,""matchPct"":61.6},{""code"":""IN"",""name"":""Indie"",""score"":0.615,""matchPct"":61.5},{""code"":""GR"",""name"":""Grecja"",""score"":0.603,""matchPct"":60.3},{""code"":""ID"",""name"":""Indonezja"",""score"":0.571,""matchPct"":57.1},{""code"":""TH"",""name"":""Tajlandia"",""score"":0.5706,""matchPct"":57.1}]",reality,wsm,aspirations,5,2,4,5,1,5,5,5,5,A,reality,false,,tak
1b175fc2-4696-4651-a28a-bfbc53528104,2026-05-02 00:29:29.599761+00,Kobieta,26-35 lat,2-3 razy w roku,0.15,0.2,0.2,0.05,0.2,0.2,"Chiny (74.7%), Włochy (74.2%), Hiszpania (64.9%), USA (64.6%), Indie (63.1%), Francja (62.2%), Japonia (61.8%), Grecja (60.3%), Gruzja (57.2%), Indonezja (56.4%)","[{""code"":""CN"",""name"":""Chiny"",""score"":0.7470000000000001,""matchPct"":74.7},{""code"":""IT"",""name"":""Włochy"",""score"":0.742,""matchPct"":74.2},{""code"":""ES"",""name"":""Hiszpania"",""score"":0.649,""matchPct"":64.9},{""code"":""US"",""name"":""USA"",""score"":0.646,""matchPct"":64.6},{""code"":""IN"",""name"":""Indie"",""score"":0.6305000000000001,""matchPct"":63.1},{""code"":""FR"",""name"":""Francja"",""score"":0.6224999999999999,""matchPct"":62.2},{""code"":""JP"",""name"":""Japonia"",""score"":0.618,""matchPct"":61.8},{""code"":""GR"",""name"":""Grecja"",""score"":0.6025,""matchPct"":60.3},{""code"":""GE"",""name"":""Gruzja"",""score"":0.5715,""matchPct"":57.2},{""code"":""ID"",""name"":""Indonezja"",""score"":0.5640000000000001,""matchPct"":56.4}]",reality,aspirations,wsm,5,4,5,5,4,5,3,5,3,B,aspirations,false,,tak
1bce67e3-467c-4730-92dd-8d27a2abfe09,2026-05-02 04:57:56.195098+00,Mężczyzna,46-60 lat,Raz w roku,0.25,0.3,0.05,0.1,0.05,0.25,"Włochy (73.9%), Chiny (68%), Hiszpania (64.6%), Japonia (61.7%), Francja (61.6%), Grecja (59.8%), USA (59.5%), Indie (57.2%), Australia (56.2%), Tajlandia (55.7%)","[{""code"":""IT"",""name"":""Włochy"",""score"":0.7389999999999999,""matchPct"":73.9},{""code"":""CN"",""name"":""Chiny"",""score"":0.6804999999999999,""matchPct"":68},{""code"":""ES"",""name"":""Hiszpania"",""score"":0.6459999999999999,""matchPct"":64.6},{""code"":""JP"",""name"":""Japonia"",""score"":0.6165,""matchPct"":61.7},{""code"":""FR"",""name"":""Francja"",""score"":0.6159999999999999,""matchPct"":61.6},{""code"":""GR"",""name"":""Grecja"",""score"":0.598,""matchPct"":59.8},{""code"":""US"",""name"":""USA"",""score"":0.595,""matchPct"":59.5},{""code"":""IN"",""name"":""Indie"",""score"":0.5720000000000001,""matchPct"":57.2},{""code"":""AU"",""name"":""Australia"",""score"":0.5615,""matchPct"":56.2},{""code"":""TH"",""name"":""Tajlandia"",""score"":0.5569999999999999,""matchPct"":55.7}]",aspirations,reality,wsm,5,2,5,5,2,5,5,5,5,C,wsm,false,,tak
1bcfa7f8-3ffa-49ef-ac61-6bfa0b67d5a8,2026-05-01 19:51:44.180781+00,Mężczyzna,46-60 lat,Raz w roku,0.23,0.11,0.11,0.06,0.24,0.25,"Włochy (77.7%), Chiny (75.4%), Hiszpania (69.5%), Francja (66.2%), Indie (62.6%), Japonia (61.9%), Gruzja (60.3%), Grecja (59.1%), USA (57.8%), Chorwacja (57.7%)","[{""code"":""IT"",""name"":""Włochy"",""score"":0.7771,""matchPct"":77.7},{""code"":""CN"",""name"":""Chiny"",""score"":0.7541,""matchPct"":75.4},{""code"":""ES"",""name"":""Hiszpania"",""score"":0.6947,""matchPct"":69.5},{""code"":""FR"",""name"":""Francja"",""score"":0.6619999999999999,""matchPct"":66.2},{""code"":""IN"",""name"":""Indie"",""score"":0.6256,""matchPct"":62.6},{""code"":""JP"",""name"":""Japonia"",""score"":0.6189,""matchPct"":61.9},{""code"":""GE"",""name"":""Gruzja"",""score"":0.6025,""matchPct"":60.3},{""code"":""GR"",""name"":""Grecja"",""score"":0.5905,""matchPct"":59.1},{""code"":""US"",""name"":""USA"",""score"":0.5784,""matchPct"":57.8},{""code"":""HR"",""name"":""Chorwacja"",""score"":0.5769,""matchPct"":57.7}]",wsm,reality,aspirations,4,4,4,5,4,5,3,5,3,C,aspirations,false,"Lista C wydaje się największym, podróżniczym wyzwaniem, mimo największych kosztów.",tak
1c78c2d5-b570-471f-a69f-282e2ddb64e0,2026-05-04 17:20:21.647312+00,Kobieta,18-25 lat,Raz na kilka lat,0.5,0.05,0.08,0.05,0.2,0.12,"Włochy (87.2%), Francja (72.5%), Chiny (71%), Hiszpania (67%), Indie (60.8%), Wielka Brytania (56.5%), Japonia (52%), USA (50.9%), Holandia (50.2%), Grecja (49.8%)","[{""code"":""IT"",""name"":""Włochy"",""score"":0.8724000000000002,""matchPct"":87.2},{""code"":""FR"",""name"":""Francja"",""score"":0.7250000000000001,""matchPct"":72.5},{""code"":""CN"",""name"":""Chiny"",""score"":0.7100000000000001,""matchPct"":71},{""code"":""ES"",""name"":""Hiszpania"",""score"":0.6702,""matchPct"":67},{""code"":""IN"",""name"":""Indie"",""score"":0.6083000000000001,""matchPct"":60.8},{""code"":""GB"",""name"":""Wielka Brytania"",""score"":0.5649,""matchPct"":56.5},{""code"":""JP"",""name"":""Japonia"",""score"":0.5196999999999999,""matchPct"":52},{""code"":""US"",""name"":""USA"",""score"":0.509,""matchPct"":50.9},{""code"":""NL"",""name"":""Holandia"",""score"":0.5018,""matchPct"":50.2},{""code"":""GR"",""name"":""Grecja"",""score"":0.49820000000000003,""matchPct"":49.8}]",aspirations,reality,wsm,4,1,4,4,1,4,5,1,4,B,reality,false,Są to państwa o sporym zróżnicowaniu kulturowym oraz historycznym,tak
1cd8400e-b98d-44aa-9dcd-c84cf77e8bbc,2026-05-04 17:08:58.944493+00,Mężczyzna,18-25 lat,Raz na kilka lat,0.08,0.02,0.06,0.5,0.07,0.27,"Hiszpania (82.8%), Andora (81.9%), Singapur (81.6%), Chiny (81%), Holandia (79.5%), Japonia (79.4%), Włochy (78.9%), Francja (76.3%), Austria (76.1%), Portugalia (75.6%)","[{""code"":""ES"",""name"":""Hiszpania"",""score"":0.8277000000000001,""matchPct"":82.8},{""code"":""AD"",""name"":""Andora"",""score"":0.819,""matchPct"":81.9},{""code"":""SG"",""name"":""Singapur"",""score"":0.8163,""matchPct"":81.6},{""code"":""CN"",""name"":""Chiny"",""score"":0.8098000000000001,""matchPct"":81},{""code"":""NL"",""name"":""Holandia"",""score"":0.7949,""matchPct"":79.5},{""code"":""JP"",""name"":""Japonia"",""score"":0.7941,""matchPct"":79.4},{""code"":""IT"",""name"":""Włochy"",""score"":0.7888000000000001,""matchPct"":78.9},{""code"":""FR"",""name"":""Francja"",""score"":0.763,""matchPct"":76.3},{""code"":""AT"",""name"":""Austria"",""score"":0.7607,""matchPct"":76.1},{""code"":""PT"",""name"":""Portugalia"",""score"":0.7562,""matchPct"":75.6}]",aspirations,wsm,reality,3,4,4,1,3,2,2,4,3,B,wsm,false,,tak
1d3e106b-39ae-4c6f-a97f-b7b68d9e9084,2026-05-01 19:04:04.204346+00,Kobieta,18-25 lat,2-3 razy w roku,0.15,0.17,0.15,0.04,0.21,0.28,"Chiny (76%), Włochy (73.4%), Hiszpania (67%), Japonia (63.8%), Indie (62.2%), Francja (61.9%), Gruzja (61.2%), USA (61.1%), Grecja (60.1%), Słowenia (59.2%)","[{""code"":""CN"",""name"":""Chiny"",""score"":0.7601,""matchPct"":76},{""code"":""IT"",""name"":""Włochy"",""score"":0.7344999999999999,""matchPct"":73.4},{""code"":""ES"",""name"":""Hiszpania"",""score"":0.6704000000000001,""matchPct"":67},{""code"":""JP"",""name"":""Japonia"",""score"":0.6384,""matchPct"":63.8},{""code"":""IN"",""name"":""Indie"",""score"":0.6221000000000001,""matchPct"":62.2},{""code"":""FR"",""name"":""Francja"",""score"":0.6188,""matchPct"":61.9},{""code"":""GE"",""name"":""Gruzja"",""score"":0.6124,""matchPct"":61.2},{""code"":""US"",""name"":""USA"",""score"":0.6105,""matchPct"":61.1},{""code"":""GR"",""name"":""Grecja"",""score"":0.6011,""matchPct"":60.1},{""code"":""SI"",""name"":""Słowenia"",""score"":0.5922000000000001,""matchPct"":59.2}]",aspirations,wsm,reality,3,3,4,2,1,5,4,5,4,B,wsm,false,,tak
1e0ca4b9-6a90-4c40-ae44-3792860e2360,2026-05-04 18:34:12.264267+00,Mężczyzna,18-25 lat,Raz na kilka lat,0,0.4,0.1,0.05,0.25,0.2,"Grecja (73.2%), Tajlandia (70.7%), Indonezja (69.5%), Włochy (68.6%), Chiny (67%), Hiszpania (66.6%), Filipiny (66.4%), USA (66%), Indie (64.6%), Wietnam (64.1%)","[{""code"":""GR"",""name"":""Grecja"",""score"":0.7324999999999999,""matchPct"":73.2},{""code"":""TH"",""name"":""Tajlandia"",""score"":0.7074999999999999,""matchPct"":70.7},{""code"":""ID"",""name"":""Indonezja"",""score"":0.6945,""matchPct"":69.5},{""code"":""IT"",""name"":""Włochy"",""score"":0.6855,""matchPct"":68.6},{""code"":""CN"",""name"":""Chiny"",""score"":0.6699999999999999,""matchPct"":67},{""code"":""ES"",""name"":""Hiszpania"",""score"":0.6655000000000001,""matchPct"":66.6},{""code"":""PH"",""name"":""Filipiny"",""score"":0.6635000000000001,""matchPct"":66.4},{""code"":""US"",""name"":""USA"",""score"":0.66,""matchPct"":66},{""code"":""IN"",""name"":""Indie"",""score"":0.6455,""matchPct"":64.6},{""code"":""VN"",""name"":""Wietnam"",""score"":0.6405,""matchPct"":64.1}]",reality,aspirations,wsm,2,1,2,2,1,2,4,2,4,A,reality,false,,nie
1e136b64-0af1-4790-abd3-b2909db7077a,2026-05-04 20:49:42.58965+00,Mężczyzna,18-25 lat,Raz na kilka lat,0.05,0.3,0.15,0.2,0.2,0.1,"Włochy (74.2%), USA (72.6%), Grecja (72.2%), Chiny (69.6%), Hiszpania (69.3%), Tajlandia (66.4%), Francja (66.1%), Indonezja (65%), Japonia (64.8%), Indie (64.7%)","[{""code"":""IT"",""name"":""Włochy"",""score"":0.742,""matchPct"":74.2},{""code"":""US"",""name"":""USA"",""score"":0.7255,""matchPct"":72.6},{""code"":""GR"",""name"":""Grecja"",""score"":0.7220000000000001,""matchPct"":72.2},{""code"":""CN"",""name"":""Chiny"",""score"":0.6955,""matchPct"":69.6},{""code"":""ES"",""name"":""Hiszpania"",""score"":0.6925,""matchPct"":69.3},{""code"":""TH"",""name"":""Tajlandia"",""score"":0.664,""matchPct"":66.4},{""code"":""FR"",""name"":""Francja"",""score"":0.661,""matchPct"":66.1},{""code"":""ID"",""name"":""Indonezja"",""score"":0.6499999999999999,""matchPct"":65},{""code"":""JP"",""name"":""Japonia"",""score"":0.648,""matchPct"":64.8},{""code"":""IN"",""name"":""Indie"",""score"":0.6465000000000001,""matchPct"":64.7}]",reality,aspirations,wsm,3,3,2,3,2,3,4,4,4,A,reality,false,,tak
1e646670-fe9a-4e1b-a3e9-dc8bb5caa64e,2026-05-04 17:09:05.919108+00,Kobieta,18-25 lat,Raz w roku,0.11,0.06,0.22,0.3,0.13,0.18,"Chiny (80.8%), Włochy (78%), USA (74.6%), Hiszpania (72.7%), Francja (70.6%), Japonia (70.4%), Kanada (64.1%), Andora (64%), Grecja (63.6%), Słowenia (63.1%)","[{""code"":""CN"",""name"":""Chiny"",""score"":0.8082,""matchPct"":80.8},{""code"":""IT"",""name"":""Włochy"",""score"":0.7797000000000001,""matchPct"":78},{""code"":""US"",""name"":""USA"",""score"":0.7458,""matchPct"":74.6},{""code"":""ES"",""name"":""Hiszpania"",""score"":0.7273,""matchPct"":72.7},{""code"":""FR"",""name"":""Francja"",""score"":0.7059,""matchPct"":70.6},{""code"":""JP"",""name"":""Japonia"",""score"":0.7043,""matchPct"":70.4},{""code"":""CA"",""name"":""Kanada"",""score"":0.6405,""matchPct"":64.1},{""code"":""AD"",""name"":""Andora"",""score"":0.6401,""matchPct"":64},{""code"":""GR"",""name"":""Grecja"",""score"":0.6356,""matchPct"":63.6},{""code"":""SI"",""name"":""Słowenia"",""score"":0.6311,""matchPct"":63.1}]",aspirations,reality,wsm,4,2,5,3,2,4,2,3,2,C,wsm,false,,tak
1e9ab629-0fa9-4687-bd52-84751a281119,2026-05-04 17:09:59.322968+00,Mężczyzna,18-25 lat,Raz w roku,0.5,0.1,0.1,0.2,0.1,0,"Włochy (89.3%), Francja (76.2%), Chiny (68.1%), Hiszpania (67.2%), Indie (59.9%), USA (59.5%), Wielka Brytania (57%), Grecja (53.1%), Japonia (52.8%), Meksyk (50.7%)","[{""code"":""IT"",""name"":""Włochy"",""score"":0.893,""matchPct"":89.3},{""code"":""FR"",""name"":""Francja"",""score"":0.762,""matchPct"":76.2},{""code"":""CN"",""name"":""Chiny"",""score"":0.6809999999999999,""matchPct"":68.1},{""code"":""ES"",""name"":""Hiszpania"",""score"":0.6719999999999999,""matchPct"":67.2},{""code"":""IN"",""name"":""Indie"",""score"":0.599,""matchPct"":59.9},{""code"":""US"",""name"":""USA"",""score"":0.595,""matchPct"":59.5},{""code"":""GB"",""name"":""Wielka Brytania"",""score"":0.57,""matchPct"":57},{""code"":""GR"",""name"":""Grecja"",""score"":0.5309999999999999,""matchPct"":53.1},{""code"":""JP"",""name"":""Japonia"",""score"":0.528,""matchPct"":52.8},{""code"":""MX"",""name"":""Meksyk"",""score"":0.507,""matchPct"":50.7}]",aspirations,wsm,reality,4,3,3,1,2,1,2,3,2,B,wsm,false,,tak
1ecaf7f0-2d41-4c4f-a1bb-ab1f37557a20,2026-05-03 11:51:02.575678+00,Kobieta,26-35 lat,2-3 razy w roku,0.15,0.3,0.25,0.1,0,0.2,"Chiny (73.4%), Włochy (70.7%), USA (70.6%), Japonia (63.2%), Australia (59.2%), Hiszpania (59%), Indie (58.4%), Francja (57.7%), Grecja (56.9%), Tajlandia (56.3%)","[{""code"":""CN"",""name"":""Chiny"",""score"":0.7344999999999999,""matchPct"":73.4},{""code"":""IT"",""name"":""Włochy"",""score"":0.7069999999999999,""matchPct"":70.7},{""code"":""US"",""name"":""USA"",""score"":0.7055,""matchPct"":70.6},{""code"":""JP"",""name"":""Japonia"",""score"":0.632,""matchPct"":63.2},{""code"":""AU"",""name"":""Australia"",""score"":0.5915,""matchPct"":59.2},{""code"":""ES"",""name"":""Hiszpania"",""score"":0.5895,""matchPct"":59},{""code"":""IN"",""name"":""Indie"",""score"":0.5835,""matchPct"":58.4},{""code"":""FR"",""name"":""Francja"",""score"":0.577,""matchPct"":57.7},{""code"":""GR"",""name"":""Grecja"",""score"":0.5690000000000001,""matchPct"":56.9},{""code"":""TH"",""name"":""Tajlandia"",""score"":0.5630000000000001,""matchPct"":56.3}]",wsm,reality,aspirations,3,4,3,5,4,5,3,5,2,C,aspirations,false,"Poza Stanami i Brazylią kierunki raczej bezpieczne
Wszystkie  z dużą ilością natury i dostępami do morza 
Lista B to lista która kojarzy mi się z po prostu tanimi  i bardzo osiągalnymi finansowo kierunkami

Lista A kojarzy mi się z lista najbardziej znanych kierunków i najbardziej obleganych turystycznie",trudno_powiedziec
1ecdfd7c-fd25-4947-8bfc-3e53ed44086c,2026-05-05 20:29:55.638552+00,Mężczyzna,18-25 lat,2-3 razy w roku,0.05,0,0,0,0,0.95,"Singapur (95%), Chiny (93.4%), Andora (91.2%), Słowenia (88.5%), Finlandia (87.7%), Chorwacja (85.8%), Japonia (85.4%), Holandia (85.3%), Czechy (85.3%), Rwanda (84.6%)","[{""code"":""SG"",""name"":""Singapur"",""score"":0.9504999999999999,""matchPct"":95},{""code"":""CN"",""name"":""Chiny"",""score"":0.9339999999999999,""matchPct"":93.4},{""code"":""AD"",""name"":""Andora"",""score"":0.9124999999999999,""matchPct"":91.2},{""code"":""SI"",""name"":""Słowenia"",""score"":0.8849999999999999,""matchPct"":88.5},{""code"":""FI"",""name"":""Finlandia"",""score"":0.8765,""matchPct"":87.7},{""code"":""HR"",""name"":""Chorwacja"",""score"":0.8584999999999999,""matchPct"":85.8},{""code"":""JP"",""name"":""Japonia"",""score"":0.854,""matchPct"":85.4},{""code"":""NL"",""name"":""Holandia"",""score"":0.8534999999999999,""matchPct"":85.3},{""code"":""CZ"",""name"":""Czechy"",""score"":0.8529999999999999,""matchPct"":85.3},{""code"":""RW"",""name"":""Rwanda"",""score"":0.8459999999999999,""matchPct"":84.6}]",aspirations,reality,wsm,2,3,3,2,3,2,4,4,3,B,reality,false,,trudno_powiedziec
1fb54063-40b1-4ad1-9ded-f87bcb43c520,2026-05-04 18:13:28.983081+00,Mężczyzna,18-25 lat,Raz na kilka lat,0.05,0.3,0,0.05,0.5,0.1,"Grecja (80.2%), Włochy (76.6%), Hiszpania (75.4%), Egipt (73.8%), Turcja (72%), Indie (71%), Gruzja (70.8%), Tajlandia (70.6%), Francja (69%), Chorwacja (68%)","[{""code"":""GR"",""name"":""Grecja"",""score"":0.8015,""matchPct"":80.2},{""code"":""IT"",""name"":""Włochy"",""score"":0.766,""matchPct"":76.6},{""code"":""ES"",""name"":""Hiszpania"",""score"":0.754,""matchPct"":75.4},{""code"":""EG"",""name"":""Egipt"",""score"":0.7375,""matchPct"":73.8},{""code"":""TR"",""name"":""Turcja"",""score"":0.7195,""matchPct"":72},{""code"":""IN"",""name"":""Indie"",""score"":0.7095,""matchPct"":71},{""code"":""GE"",""name"":""Gruzja"",""score"":0.7075,""matchPct"":70.8},{""code"":""TH"",""name"":""Tajlandia"",""score"":0.706,""matchPct"":70.6},{""code"":""FR"",""name"":""Francja"",""score"":0.6895,""matchPct"":69},{""code"":""HR"",""name"":""Chorwacja"",""score"":0.68,""matchPct"":68}]",wsm,reality,aspirations,1,4,3,1,3,2,2,4,3,B,reality,false,Nie jestem fanem państw muzułmańskich ale mimo wszystko moim ulubionym kierunkiem podróży są włochy,tak
20b60603-49e3-49ea-a665-53cbc7c56ba9,2026-05-01 19:12:34.664127+00,Kobieta,18-25 lat,2-3 razy w roku,0.12,0.23,0.09,0.23,0.14,0.19,"Włochy (75.4%), Chiny (71.7%), Hiszpania (71.4%), Grecja (68.3%), USA (68.3%), Francja (67.2%), Japonia (67%), Tajlandia (61.8%), Indie (61.5%), Australia (61.2%)","[{""code"":""IT"",""name"":""Włochy"",""score"":0.7535,""matchPct"":75.4},{""code"":""CN"",""name"":""Chiny"",""score"":0.7169000000000001,""matchPct"":71.7},{""code"":""ES"",""name"":""Hiszpania"",""score"":0.7137,""matchPct"":71.4},{""code"":""GR"",""name"":""Grecja"",""score"":0.6834,""matchPct"":68.3},{""code"":""US"",""name"":""USA"",""score"":0.6828,""matchPct"":68.3},{""code"":""FR"",""name"":""Francja"",""score"":0.6724999999999999,""matchPct"":67.2},{""code"":""JP"",""name"":""Japonia"",""score"":0.6703,""matchPct"":67},{""code"":""TH"",""name"":""Tajlandia"",""score"":0.6180000000000001,""matchPct"":61.8},{""code"":""IN"",""name"":""Indie"",""score"":0.6153,""matchPct"":61.5},{""code"":""AU"",""name"":""Australia"",""score"":0.6121,""matchPct"":61.2}]",reality,wsm,aspirations,5,4,5,5,4,5,3,5,3,C,aspirations,false,,tak
21731990-e212-449e-81c2-5a2aaead14bf,2026-05-04 17:55:47.601671+00,Kobieta,18-25 lat,Raz w roku,0.05,0.48,0.1,0.05,0.12,0.2,"Grecja (69.7%), Tajlandia (69.2%), Włochy (67%), Indonezja (66.9%), USA (66.4%), Australia (65.3%), Chiny (64.2%), Filipiny (64%), Japonia (62.3%), Hiszpania (61.9%)","[{""code"":""GR"",""name"":""Grecja"",""score"":0.6968999999999999,""matchPct"":69.7},{""code"":""TH"",""name"":""Tajlandia"",""score"":0.6918,""matchPct"":69.2},{""code"":""IT"",""name"":""Włochy"",""score"":0.6704,""matchPct"":67},{""code"":""ID"",""name"":""Indonezja"",""score"":0.6691999999999999,""matchPct"":66.9},{""code"":""US"",""name"":""USA"",""score"":0.6638,""matchPct"":66.4},{""code"":""AU"",""name"":""Australia"",""score"":0.6526,""matchPct"":65.3},{""code"":""CN"",""name"":""Chiny"",""score"":0.642,""matchPct"":64.2},{""code"":""PH"",""name"":""Filipiny"",""score"":0.6401,""matchPct"":64},{""code"":""JP"",""name"":""Japonia"",""score"":0.6228,""matchPct"":62.3},{""code"":""ES"",""name"":""Hiszpania"",""score"":0.6187999999999999,""matchPct"":61.9}]",aspirations,reality,wsm,4,1,4,2,1,3,4,2,5,B,reality,false,,tak
217c3404-827f-40bb-8624-2a26720167ab,2026-05-04 18:05:17.168405+00,Nie chcę podawać,18-25 lat,Częściej niż 3 razy w roku,0.15,0.3,0.2,0.1,0.05,0.2,"Chiny (72%), Włochy (71.5%), USA (68.3%), Japonia (63%), Hiszpania (61.3%), Grecja (59.6%), Indie (59.3%), Francja (59.2%), Australia (58.7%), Tajlandia (57.8%)","[{""code"":""CN"",""name"":""Chiny"",""score"":0.72,""matchPct"":72},{""code"":""IT"",""name"":""Włochy"",""score"":0.7154999999999999,""matchPct"":71.5},{""code"":""US"",""name"":""USA"",""score"":0.683,""matchPct"":68.3},{""code"":""JP"",""name"":""Japonia"",""score"":0.6295000000000001,""matchPct"":63},{""code"":""ES"",""name"":""Hiszpania"",""score"":0.6134999999999999,""matchPct"":61.3},{""code"":""GR"",""name"":""Grecja"",""score"":0.596,""matchPct"":59.6},{""code"":""IN"",""name"":""Indie"",""score"":0.593,""matchPct"":59.3},{""code"":""FR"",""name"":""Francja"",""score"":0.5924999999999999,""matchPct"":59.2},{""code"":""AU"",""name"":""Australia"",""score"":0.5870000000000001,""matchPct"":58.7},{""code"":""TH"",""name"":""Tajlandia"",""score"":0.5775,""matchPct"":57.8}]",wsm,reality,aspirations,5,3,4,3,2,2,3,4,4,A,wsm,false,"Lista  A  posiadała najwięcej moich preferencji, natomiast lista B i lista C nie przypadła mi do gustu, łącznie z Japonią i Tajlandią.",tak
22782cd8-ca59-4a08-8419-80b74d77179e,2026-05-01 19:45:41.286521+00,Kobieta,18-25 lat,Raz na kilka lat,0.16,0.16,0.16,0.16,0.16,0.2,"Włochy (76.2%), Chiny (75.3%), Hiszpania (68.8%), USA (66.6%), Francja (66.2%), Japonia (65%), Grecja (62.2%), Indie (62%), Gruzja (58%), Turcja (57.4%)","[{""code"":""IT"",""name"":""Włochy"",""score"":0.762,""matchPct"":76.2},{""code"":""CN"",""name"":""Chiny"",""score"":0.7532000000000001,""matchPct"":75.3},{""code"":""ES"",""name"":""Hiszpania"",""score"":0.6884,""matchPct"":68.8},{""code"":""US"",""name"":""USA"",""score"":0.6659999999999999,""matchPct"":66.6},{""code"":""FR"",""name"":""Francja"",""score"":0.662,""matchPct"":66.2},{""code"":""JP"",""name"":""Japonia"",""score"":0.6496,""matchPct"":65},{""code"":""GR"",""name"":""Grecja"",""score"":0.622,""matchPct"":62.2},{""code"":""IN"",""name"":""Indie"",""score"":0.62,""matchPct"":62},{""code"":""GE"",""name"":""Gruzja"",""score"":0.5804,""matchPct"":58},{""code"":""TR"",""name"":""Turcja"",""score"":0.5744,""matchPct"":57.4}]",reality,wsm,aspirations,2,2,2,1,1,1,3,3,2,A,reality,false,,trudno_powiedziec
22b38c57-37ed-448b-af7d-57076c7beb8c,2026-05-04 19:54:15.380835+00,Mężczyzna,18-25 lat,Raz na kilka lat,0.4,0,0.3,0.2,0.03,0.07,"Włochy (85.2%), Chiny (79.4%), Francja (71.6%), USA (68.4%), Hiszpania (63.4%), Indie (59.5%), Japonia (58.5%), Wielka Brytania (55.2%), Kanada (51.9%), Meksyk (47.7%)","[{""code"":""IT"",""name"":""Włochy"",""score"":0.8520000000000001,""matchPct"":85.2},{""code"":""CN"",""name"":""Chiny"",""score"":0.7938000000000001,""matchPct"":79.4},{""code"":""FR"",""name"":""Francja"",""score"":0.7158000000000002,""matchPct"":71.6},{""code"":""US"",""name"":""USA"",""score"":0.6835,""matchPct"":68.4},{""code"":""ES"",""name"":""Hiszpania"",""score"":0.6341000000000001,""matchPct"":63.4},{""code"":""IN"",""name"":""Indie"",""score"":0.5945,""matchPct"":59.5},{""code"":""JP"",""name"":""Japonia"",""score"":0.5847,""matchPct"":58.5},{""code"":""GB"",""name"":""Wielka Brytania"",""score"":0.5523,""matchPct"":55.2},{""code"":""CA"",""name"":""Kanada"",""score"":0.519,""matchPct"":51.9},{""code"":""MX"",""name"":""Meksyk"",""score"":0.47719999999999996,""matchPct"":47.7}]",wsm,aspirations,reality,3,4,4,1,3,2,1,3,1,A,wsm,false,,tak
233f5743-e577-4da8-a3b3-d6a9837957d3,2026-05-01 19:39:01.998598+00,Kobieta,18-25 lat,Częściej niż 3 razy w roku,0.5,0.25,0,0,0,0.25,"Włochy (79.3%), Chiny (65.5%), Francja (62.5%), Hiszpania (60.5%), Indie (53.8%), Japonia (53.3%), USA (47.8%), Grecja (47.8%), Australia (43.5%), Wielka Brytania (42.8%)","[{""code"":""IT"",""name"":""Włochy"",""score"":0.7925,""matchPct"":79.3},{""code"":""CN"",""name"":""Chiny"",""score"":0.655,""matchPct"":65.5},{""code"":""FR"",""name"":""Francja"",""score"":0.625,""matchPct"":62.5},{""code"":""ES"",""name"":""Hiszpania"",""score"":0.605,""matchPct"":60.5},{""code"":""IN"",""name"":""Indie"",""score"":0.5375,""matchPct"":53.8},{""code"":""JP"",""name"":""Japonia"",""score"":0.5325,""matchPct"":53.3},{""code"":""US"",""name"":""USA"",""score"":0.4775,""matchPct"":47.8},{""code"":""GR"",""name"":""Grecja"",""score"":0.4775,""matchPct"":47.8},{""code"":""AU"",""name"":""Australia"",""score"":0.43500000000000005,""matchPct"":43.5},{""code"":""GB"",""name"":""Wielka Brytania"",""score"":0.4275,""matchPct"":42.8}]",wsm,reality,aspirations,4,3,4,3,2,5,2,5,2,A,wsm,false,,tak
23da441f-abfa-4875-8e6b-52dfc5bce446,2026-05-04 20:15:24.1204+00,Mężczyzna,18-25 lat,Raz na kilka lat,0.3,0,0.25,0.1,0.2,0.15,"Włochy (82.3%), Chiny (80.1%), Francja (69.6%), Hiszpania (66.9%), USA (63.3%), Indie (63.1%), Japonia (59.7%), Wielka Brytania (57.9%), Gruzja (54.2%), Turcja (54%)","[{""code"":""IT"",""name"":""Włochy"",""score"":0.8225,""matchPct"":82.3},{""code"":""CN"",""name"":""Chiny"",""score"":0.8005,""matchPct"":80.1},{""code"":""FR"",""name"":""Francja"",""score"":0.6955,""matchPct"":69.6},{""code"":""ES"",""name"":""Hiszpania"",""score"":0.6685000000000001,""matchPct"":66.9},{""code"":""US"",""name"":""USA"",""score"":0.633,""matchPct"":63.3},{""code"":""IN"",""name"":""Indie"",""score"":0.631,""matchPct"":63.1},{""code"":""JP"",""name"":""Japonia"",""score"":0.597,""matchPct"":59.7},{""code"":""GB"",""name"":""Wielka Brytania"",""score"":0.5785,""matchPct"":57.9},{""code"":""GE"",""name"":""Gruzja"",""score"":0.542,""matchPct"":54.2},{""code"":""TR"",""name"":""Turcja"",""score"":0.54,""matchPct"":54}]",aspirations,wsm,reality,5,2,4,3,1,4,4,3,3,B,wsm,false,,tak
23dc671c-d7f7-42a9-add5-8d4aca53242c,2026-05-04 17:07:33.026945+00,Mężczyzna,18-25 lat,Raz na kilka lat,0,0,0.2,0.2,0.5,0.1,"Włochy (80.8%), Gruzja (80.7%), Chiny (80.4%), Hiszpania (80.1%), Andora (78.6%), Portugalia (76.4%), Turcja (76.3%), Słowenia (76.3%), Chorwacja (76.1%), Finlandia (75.9%)","[{""code"":""IT"",""name"":""Włochy"",""score"":0.808,""matchPct"":80.8},{""code"":""GE"",""name"":""Gruzja"",""score"":0.8069999999999999,""matchPct"":80.7},{""code"":""CN"",""name"":""Chiny"",""score"":0.804,""matchPct"":80.4},{""code"":""ES"",""name"":""Hiszpania"",""score"":0.8009999999999999,""matchPct"":80.1},{""code"":""AD"",""name"":""Andora"",""score"":0.7859999999999999,""matchPct"":78.6},{""code"":""PT"",""name"":""Portugalia"",""score"":0.764,""matchPct"":76.4},{""code"":""TR"",""name"":""Turcja"",""score"":0.7630000000000001,""matchPct"":76.3},{""code"":""SI"",""name"":""Słowenia"",""score"":0.7629999999999999,""matchPct"":76.3},{""code"":""HR"",""name"":""Chorwacja"",""score"":0.761,""matchPct"":76.1},{""code"":""FI"",""name"":""Finlandia"",""score"":0.759,""matchPct"":75.9}]",aspirations,reality,wsm,5,3,4,3,2,4,5,3,5,C,wsm,false,,tak
242ee32f-7018-4647-8f29-ca85d4dab0f7,2026-05-04 18:01:58.856153+00,Mężczyzna,26-35 lat,2-3 razy w roku,0.1,0.25,0.25,0.25,0.1,0.05,"USA (77.7%), Włochy (76.1%), Chiny (72.6%), Francja (66.9%), Grecja (66.1%), Hiszpania (66.1%), Japonia (64.5%), Indie (63.1%), Australia (62.1%), Meksyk (60.7%)","[{""code"":""US"",""name"":""USA"",""score"":0.777,""matchPct"":77.7},{""code"":""IT"",""name"":""Włochy"",""score"":0.7605,""matchPct"":76.1},{""code"":""CN"",""name"":""Chiny"",""score"":0.7264999999999999,""matchPct"":72.6},{""code"":""FR"",""name"":""Francja"",""score"":0.6694999999999999,""matchPct"":66.9},{""code"":""GR"",""name"":""Grecja"",""score"":0.6609999999999999,""matchPct"":66.1},{""code"":""ES"",""name"":""Hiszpania"",""score"":0.6605,""matchPct"":66.1},{""code"":""JP"",""name"":""Japonia"",""score"":0.6445000000000001,""matchPct"":64.5},{""code"":""IN"",""name"":""Indie"",""score"":0.6305000000000001,""matchPct"":63.1},{""code"":""AU"",""name"":""Australia"",""score"":0.6205,""matchPct"":62.1},{""code"":""MX"",""name"":""Meksyk"",""score"":0.607,""matchPct"":60.7}]",aspirations,wsm,reality,4,4,4,5,4,5,4,5,2,A,aspirations,false,,tak
24359f1a-0ed5-4342-b8e8-4010a540f8bf,2026-05-04 17:09:08.068247+00,Kobieta,18-25 lat,Raz w roku,0.25,0,0.25,0.04,0.2,0.26,"Chiny (82.7%), Włochy (78.2%), Hiszpania (66.1%), Francja (65.1%), Japonia (62.3%), Indie (62.2%), USA (61.1%), Gruzja (59%), Słowenia (57.2%), Finlandia (56.7%)","[{""code"":""CN"",""name"":""Chiny"",""score"":0.8272999999999999,""matchPct"":82.7},{""code"":""IT"",""name"":""Włochy"",""score"":0.7824,""matchPct"":78.2},{""code"":""ES"",""name"":""Hiszpania"",""score"":0.6611,""matchPct"":66.1},{""code"":""FR"",""name"":""Francja"",""score"":0.6512,""matchPct"":65.1},{""code"":""JP"",""name"":""Japonia"",""score"":0.623,""matchPct"":62.3},{""code"":""IN"",""name"":""Indie"",""score"":0.6223,""matchPct"":62.2},{""code"":""US"",""name"":""USA"",""score"":0.6113,""matchPct"":61.1},{""code"":""GE"",""name"":""Gruzja"",""score"":0.5902000000000001,""matchPct"":59},{""code"":""SI"",""name"":""Słowenia"",""score"":0.5723,""matchPct"":57.2},{""code"":""FI"",""name"":""Finlandia"",""score"":0.5668,""matchPct"":56.7}]",reality,wsm,aspirations,3,3,2,3,2,3,4,3,2,A,reality,false,,trudno_powiedziec
2645f947-f406-4758-914c-e48fc5b2095d,2026-05-04 19:42:03.929991+00,Kobieta,26-35 lat,Raz w roku,0.5,0.1,0.2,0,0,0.2,"Włochy (81.4%), Chiny (74.6%), Francja (63.5%), Hiszpania (57.6%), Indie (55.6%), USA (54.6%), Japonia (53.3%), Wielka Brytania (44.6%), Grecja (39.9%), Meksyk (39.6%)","[{""code"":""IT"",""name"":""Włochy"",""score"":0.8140000000000001,""matchPct"":81.4},{""code"":""CN"",""name"":""Chiny"",""score"":0.746,""matchPct"":74.6},{""code"":""FR"",""name"":""Francja"",""score"":0.635,""matchPct"":63.5},{""code"":""ES"",""name"":""Hiszpania"",""score"":0.576,""matchPct"":57.6},{""code"":""IN"",""name"":""Indie"",""score"":0.556,""matchPct"":55.6},{""code"":""US"",""name"":""USA"",""score"":0.546,""matchPct"":54.6},{""code"":""JP"",""name"":""Japonia"",""score"":0.533,""matchPct"":53.3},{""code"":""GB"",""name"":""Wielka Brytania"",""score"":0.44600000000000006,""matchPct"":44.6},{""code"":""GR"",""name"":""Grecja"",""score"":0.399,""matchPct"":39.9},{""code"":""MX"",""name"":""Meksyk"",""score"":0.396,""matchPct"":39.6}]",reality,wsm,aspirations,4,4,3,4,4,3,2,4,2,C,aspirations,false,,tak
2780f4f0-9cee-42d0-bc56-3e2a6b41492a,2026-05-04 17:20:16.830128+00,Mężczyzna,18-25 lat,Raz na kilka lat,0.3,0,0.3,0.1,0.1,0.2,"Chiny (82.7%), Włochy (79.9%), Francja (66.2%), USA (65.3%), Hiszpania (63.6%), Japonia (61.5%), Indie (60.4%), Kanada (54.8%), Wielka Brytania (53.9%), Gruzja (51%)","[{""code"":""CN"",""name"":""Chiny"",""score"":0.827,""matchPct"":82.7},{""code"":""IT"",""name"":""Włochy"",""score"":0.7989999999999999,""matchPct"":79.9},{""code"":""FR"",""name"":""Francja"",""score"":0.6619999999999999,""matchPct"":66.2},{""code"":""US"",""name"":""USA"",""score"":0.653,""matchPct"":65.3},{""code"":""ES"",""name"":""Hiszpania"",""score"":0.636,""matchPct"":63.6},{""code"":""JP"",""name"":""Japonia"",""score"":0.615,""matchPct"":61.5},{""code"":""IN"",""name"":""Indie"",""score"":0.604,""matchPct"":60.4},{""code"":""CA"",""name"":""Kanada"",""score"":0.548,""matchPct"":54.8},{""code"":""GB"",""name"":""Wielka Brytania"",""score"":0.539,""matchPct"":53.9},{""code"":""GE"",""name"":""Gruzja"",""score"":0.51,""matchPct"":51}]",aspirations,reality,wsm,3,3,3,5,2,5,3,4,2,A,aspirations,false,,tak
27c8174a-6968-4e4a-aae4-41b280a28470,2026-05-04 17:08:08.26641+00,Kobieta,18-25 lat,Raz w roku,0.3,0.25,0.03,0.1,0.16,0.16,"Włochy (78.9%), Hiszpania (67.5%), Francja (67%), Chiny (66.4%), Grecja (61.7%), Indie (60.4%), Japonia (57.9%), USA (57.4%), Tajlandia (53.9%), Turcja (53.2%)","[{""code"":""IT"",""name"":""Włochy"",""score"":0.7893999999999999,""matchPct"":78.9},{""code"":""ES"",""name"":""Hiszpania"",""score"":0.6749,""matchPct"":67.5},{""code"":""FR"",""name"":""Francja"",""score"":0.6701,""matchPct"":67},{""code"":""CN"",""name"":""Chiny"",""score"":0.6641,""matchPct"":66.4},{""code"":""GR"",""name"":""Grecja"",""score"":0.6165,""matchPct"":61.7},{""code"":""IN"",""name"":""Indie"",""score"":0.6043,""matchPct"":60.4},{""code"":""JP"",""name"":""Japonia"",""score"":0.5791000000000001,""matchPct"":57.9},{""code"":""US"",""name"":""USA"",""score"":0.5735,""matchPct"":57.4},{""code"":""TH"",""name"":""Tajlandia"",""score"":0.5388999999999999,""matchPct"":53.9},{""code"":""TR"",""name"":""Turcja"",""score"":0.5318000000000002,""matchPct"":53.2}]",wsm,reality,aspirations,3,3,3,2,2,2,4,3,3,B,reality,false,,tak
27d2c0dd-9549-4da6-912f-980c63b63894,2026-05-01 19:40:52.935803+00,Kobieta,18-25 lat,2-3 razy w roku,0.37,0.25,0,0,0.25,0.13,"Włochy (81.2%), Francja (67.5%), Hiszpania (66.6%), Chiny (63.7%), Indie (62.1%), Grecja (60.1%), Turcja (52.9%), Japonia (52.3%), Egipt (51.7%), Tajlandia (51.1%)","[{""code"":""IT"",""name"":""Włochy"",""score"":0.8116000000000001,""matchPct"":81.2},{""code"":""FR"",""name"":""Francja"",""score"":0.6747000000000001,""matchPct"":67.5},{""code"":""ES"",""name"":""Hiszpania"",""score"":0.6657,""matchPct"":66.6},{""code"":""CN"",""name"":""Chiny"",""score"":0.6366,""matchPct"":63.7},{""code"":""IN"",""name"":""Indie"",""score"":0.6211,""matchPct"":62.1},{""code"":""GR"",""name"":""Grecja"",""score"":0.6011,""matchPct"":60.1},{""code"":""TR"",""name"":""Turcja"",""score"":0.5287000000000001,""matchPct"":52.9},{""code"":""JP"",""name"":""Japonia"",""score"":0.5226,""matchPct"":52.3},{""code"":""EG"",""name"":""Egipt"",""score"":0.5165,""matchPct"":51.7},{""code"":""TH"",""name"":""Tajlandia"",""score"":0.5109,""matchPct"":51.1}]",aspirations,wsm,reality,4,5,5,4,5,4,5,5,5,C,reality,false,,nie
28a802db-ac8d-4c05-84db-5e3399af712c,2026-05-04 19:26:14.212498+00,Kobieta,18-25 lat,Raz na kilka lat,0.2,0,0.1,0.1,0.2,0.4,"Chiny (82.5%), Włochy (76%), Hiszpania (72.9%), Japonia (68.8%), Andora (68.7%), Holandia (68.6%), Gruzja (68.1%), Słowenia (67.1%), Finlandia (67%), Czechy (67%)","[{""code"":""CN"",""name"":""Chiny"",""score"":0.8250000000000001,""matchPct"":82.5},{""code"":""IT"",""name"":""Włochy"",""score"":0.76,""matchPct"":76},{""code"":""ES"",""name"":""Hiszpania"",""score"":0.7290000000000001,""matchPct"":72.9},{""code"":""JP"",""name"":""Japonia"",""score"":0.6880000000000001,""matchPct"":68.8},{""code"":""AD"",""name"":""Andora"",""score"":0.687,""matchPct"":68.7},{""code"":""NL"",""name"":""Holandia"",""score"":0.686,""matchPct"":68.6},{""code"":""GE"",""name"":""Gruzja"",""score"":0.681,""matchPct"":68.1},{""code"":""SI"",""name"":""Słowenia"",""score"":0.671,""matchPct"":67.1},{""code"":""FI"",""name"":""Finlandia"",""score"":0.6700000000000002,""matchPct"":67},{""code"":""CZ"",""name"":""Czechy"",""score"":0.6700000000000002,""matchPct"":67}]",aspirations,wsm,reality,2,2,4,3,3,4,2,4,2,A,aspirations,false,,tak
28bc65fd-c9ff-4f86-a10c-fc1509f208a5,2026-05-03 07:39:43.536908+00,Kobieta,46-60 lat,2-3 razy w roku,0.5,0.16,0.11,0,0,0.23,"Włochy (80.4%), Chiny (70.9%), Francja (63.1%), Hiszpania (59.1%), Indie (54.7%), Japonia (53.5%), USA (51.4%), Wielka Brytania (44%), Grecja (43.2%), Holandia (40.5%)","[{""code"":""IT"",""name"":""Włochy"",""score"":0.8040999999999999,""matchPct"":80.4},{""code"":""CN"",""name"":""Chiny"",""score"":0.7091,""matchPct"":70.9},{""code"":""FR"",""name"":""Francja"",""score"":0.6305,""matchPct"":63.1},{""code"":""ES"",""name"":""Hiszpania"",""score"":0.5907,""matchPct"":59.1},{""code"":""IN"",""name"":""Indie"",""score"":0.547,""matchPct"":54.7},{""code"":""JP"",""name"":""Japonia"",""score"":0.5354,""matchPct"":53.5},{""code"":""US"",""name"":""USA"",""score"":0.5136,""matchPct"":51.4},{""code"":""GB"",""name"":""Wielka Brytania"",""score"":0.4403,""matchPct"":44},{""code"":""GR"",""name"":""Grecja"",""score"":0.432,""matchPct"":43.2},{""code"":""NL"",""name"":""Holandia"",""score"":0.4049,""matchPct"":40.5}]",aspirations,wsm,reality,4,4,4,3,4,3,2,4,4,B,wsm,false,,tak
29a08a20-72c1-4377-b6a3-1716f1c5fa0f,2026-05-01 20:13:55.009921+00,Mężczyzna,18-25 lat,2-3 razy w roku,0.2,0.08,0.06,0.1,0.2,0.36,"Chiny (78%), Włochy (75.7%), Hiszpania (72.4%), Japonia (67%), Holandia (65.6%), Francja (65.5%), Gruzja (65.2%), Chorwacja (64.3%), Andora (63.7%), Słowenia (63.5%)","[{""code"":""CN"",""name"":""Chiny"",""score"":0.7797999999999999,""matchPct"":78},{""code"":""IT"",""name"":""Włochy"",""score"":0.7572,""matchPct"":75.7},{""code"":""ES"",""name"":""Hiszpania"",""score"":0.7238,""matchPct"":72.4},{""code"":""JP"",""name"":""Japonia"",""score"":0.6704,""matchPct"":67},{""code"":""NL"",""name"":""Holandia"",""score"":0.656,""matchPct"":65.6},{""code"":""FR"",""name"":""Francja"",""score"":0.655,""matchPct"":65.5},{""code"":""GE"",""name"":""Gruzja"",""score"":0.6521999999999999,""matchPct"":65.2},{""code"":""HR"",""name"":""Chorwacja"",""score"":0.6426000000000001,""matchPct"":64.3},{""code"":""AD"",""name"":""Andora"",""score"":0.637,""matchPct"":63.7},{""code"":""SI"",""name"":""Słowenia"",""score"":0.6354,""matchPct"":63.5}]",wsm,aspirations,reality,3,5,2,2,3,1,5,5,5,C,reality,false,Lista C najbardziej odpowiada moim wymaganiom.,trudno_powiedziec
29e3e90e-da8e-4f7e-8cf6-f5185a804113,2026-05-04 17:22:31.902926+00,Mężczyzna,18-25 lat,Raz na kilka lat,0.3,0,0.4,0.15,0.15,0,"Włochy (84.3%), Chiny (81.1%), USA (72.9%), Francja (70.9%), Indie (64.4%), Hiszpania (62.6%), Kanada (58.2%), Japonia (57.4%), Wielka Brytania (55.7%), Meksyk (54%)","[{""code"":""IT"",""name"":""Włochy"",""score"":0.8425,""matchPct"":84.3},{""code"":""CN"",""name"":""Chiny"",""score"":0.8109999999999999,""matchPct"":81.1},{""code"":""US"",""name"":""USA"",""score"":0.729,""matchPct"":72.9},{""code"":""FR"",""name"":""Francja"",""score"":0.709,""matchPct"":70.9},{""code"":""IN"",""name"":""Indie"",""score"":0.6435,""matchPct"":64.4},{""code"":""ES"",""name"":""Hiszpania"",""score"":0.6255,""matchPct"":62.6},{""code"":""CA"",""name"":""Kanada"",""score"":0.582,""matchPct"":58.2},{""code"":""JP"",""name"":""Japonia"",""score"":0.5735,""matchPct"":57.4},{""code"":""GB"",""name"":""Wielka Brytania"",""score"":0.5565,""matchPct"":55.7},{""code"":""MX"",""name"":""Meksyk"",""score"":0.5395,""matchPct"":54}]",wsm,reality,aspirations,2,3,2,2,2,1,4,3,3,B,reality,false,"Zwyczajnie nie jestem zwolennikiem krajów typu USA, czy Chiny. Niektóre propozycje państw niosą za sobą niebezpieczeństwo podczas podróżowania (chociażby Meksyk, Francja, USA czy Indie) takie jak ryzyko kradzieży kieszonkowych lub napaści na mnie. Pozdrawiam",trudno_powiedziec
2a7f4a93-64e0-41f6-a22a-4c4b37271165,2026-05-01 19:58:06.944353+00,Kobieta,18-25 lat,Raz w roku,0.25,0.25,0.1,0.05,0.25,0.1,"Włochy (78.9%), Chiny (67.1%), Francja (66.7%), Hiszpania (66.4%), Indie (64%), Grecja (63.1%), USA (59.6%), Turcja (56.4%), Japonia (55.9%), Tajlandia (55.5%)","[{""code"":""IT"",""name"":""Włochy"",""score"":0.7885,""matchPct"":78.9},{""code"":""CN"",""name"":""Chiny"",""score"":0.6709999999999999,""matchPct"":67.1},{""code"":""FR"",""name"":""Francja"",""score"":0.6665,""matchPct"":66.7},{""code"":""ES"",""name"":""Hiszpania"",""score"":0.6635,""matchPct"":66.4},{""code"":""IN"",""name"":""Indie"",""score"":0.6395000000000001,""matchPct"":64},{""code"":""GR"",""name"":""Grecja"",""score"":0.631,""matchPct"":63.1},{""code"":""US"",""name"":""USA"",""score"":0.596,""matchPct"":59.6},{""code"":""TR"",""name"":""Turcja"",""score"":0.5640000000000001,""matchPct"":56.4},{""code"":""JP"",""name"":""Japonia"",""score"":0.5589999999999999,""matchPct"":55.9},{""code"":""TH"",""name"":""Tajlandia"",""score"":0.5549999999999999,""matchPct"":55.5}]",wsm,aspirations,reality,2,2,3,3,2,5,3,3,4,B,aspirations,false,"Większość spoza Europy, tropiki",tak
2aa69e14-9053-486e-9cab-68bac3d3faa7,2026-05-04 17:38:11.72162+00,Mężczyzna,18-25 lat,Raz na kilka lat,0.3,0,0.3,0.1,0.1,0.2,"Chiny (82.7%), Włochy (79.9%), Francja (66.2%), USA (65.3%), Hiszpania (63.6%), Japonia (61.5%), Indie (60.4%), Kanada (54.8%), Wielka Brytania (53.9%), Gruzja (51%)","[{""code"":""CN"",""name"":""Chiny"",""score"":0.827,""matchPct"":82.7},{""code"":""IT"",""name"":""Włochy"",""score"":0.7989999999999999,""matchPct"":79.9},{""code"":""FR"",""name"":""Francja"",""score"":0.6619999999999999,""matchPct"":66.2},{""code"":""US"",""name"":""USA"",""score"":0.653,""matchPct"":65.3},{""code"":""ES"",""name"":""Hiszpania"",""score"":0.636,""matchPct"":63.6},{""code"":""JP"",""name"":""Japonia"",""score"":0.615,""matchPct"":61.5},{""code"":""IN"",""name"":""Indie"",""score"":0.604,""matchPct"":60.4},{""code"":""CA"",""name"":""Kanada"",""score"":0.548,""matchPct"":54.8},{""code"":""GB"",""name"":""Wielka Brytania"",""score"":0.539,""matchPct"":53.9},{""code"":""GE"",""name"":""Gruzja"",""score"":0.51,""matchPct"":51}]",aspirations,wsm,reality,2,4,2,1,2,2,3,3,3,C,reality,false,,tak
2ae99589-0d57-4699-984e-52a5a6b530c5,2026-05-02 10:43:56.146964+00,Mężczyzna,18-25 lat,2-3 razy w roku,0.2,0.1,0.15,0.15,0.2,0.2,"Włochy (78.5%), Chiny (76.5%), Hiszpania (70.4%), Francja (68.4%), USA (64.1%), Japonia (64%), Indie (62.7%), Grecja (60.8%), Gruzja (59.5%), Wielka Brytania (58.3%)","[{""code"":""IT"",""name"":""Włochy"",""score"":0.785,""matchPct"":78.5},{""code"":""CN"",""name"":""Chiny"",""score"":0.7645,""matchPct"":76.5},{""code"":""ES"",""name"":""Hiszpania"",""score"":0.7035,""matchPct"":70.4},{""code"":""FR"",""name"":""Francja"",""score"":0.6835,""matchPct"":68.4},{""code"":""US"",""name"":""USA"",""score"":0.6405,""matchPct"":64.1},{""code"":""JP"",""name"":""Japonia"",""score"":0.64,""matchPct"":64},{""code"":""IN"",""name"":""Indie"",""score"":0.627,""matchPct"":62.7},{""code"":""GR"",""name"":""Grecja"",""score"":0.6075,""matchPct"":60.8},{""code"":""GE"",""name"":""Gruzja"",""score"":0.5945,""matchPct"":59.5},{""code"":""GB"",""name"":""Wielka Brytania"",""score"":0.5825,""matchPct"":58.3}]",wsm,reality,aspirations,4,3,4,4,2,4,2,5,3,A,wsm,false,"Zwiedziłem większość krajów z listy B, a reszta nie jest dla mnie zachęcająca. Chętnie odwiedziłbym kraje z listy C, ale nie są one dostępne dla mnie ze względów finansowych. Lista A jest najbardziej wyważona i równocześnie interesująca. Nie odpowiadają mi na niej jedynie Indie.",tak
2af7e41d-55ad-455e-bef7-d60c05e7f08c,2026-05-02 08:40:32.237008+00,Kobieta,26-35 lat,Częściej niż 3 razy w roku,0.15,0.15,0.1,0.15,0.1,0.35,"Chiny (77.5%), Włochy (72.9%), Hiszpania (69.8%), Japonia (69.3%), Francja (63%), USA (62.8%), Chorwacja (61.8%), Słowenia (61.7%), Gruzja (61.4%), Singapur (61.3%)","[{""code"":""CN"",""name"":""Chiny"",""score"":0.7749999999999999,""matchPct"":77.5},{""code"":""IT"",""name"":""Włochy"",""score"":0.7285,""matchPct"":72.9},{""code"":""ES"",""name"":""Hiszpania"",""score"":0.698,""matchPct"":69.8},{""code"":""JP"",""name"":""Japonia"",""score"":0.6925,""matchPct"":69.3},{""code"":""FR"",""name"":""Francja"",""score"":0.6295,""matchPct"":63},{""code"":""US"",""name"":""USA"",""score"":0.6275,""matchPct"":62.8},{""code"":""HR"",""name"":""Chorwacja"",""score"":0.618,""matchPct"":61.8},{""code"":""SI"",""name"":""Słowenia"",""score"":0.617,""matchPct"":61.7},{""code"":""GE"",""name"":""Gruzja"",""score"":0.614,""matchPct"":61.4},{""code"":""SG"",""name"":""Singapur"",""score"":0.613,""matchPct"":61.3}]",wsm,reality,aspirations,3,5,3,5,5,5,3,5,1,C,aspirations,false,,tak
2bd8e73d-c2fd-418c-a619-59f9064c6829,2026-05-04 17:08:12.778043+00,Kobieta,18-25 lat,2-3 razy w roku,0.3,0.1,0.1,0.05,0.15,0.3,"Włochy (77.6%), Chiny (76%), Hiszpania (67.3%), Francja (64.6%), Japonia (61.7%), Indie (59.3%), Holandia (55.7%), USA (55.3%), Gruzja (55.1%), Grecja (53.6%)","[{""code"":""IT"",""name"":""Włochy"",""score"":0.7755000000000001,""matchPct"":77.6},{""code"":""CN"",""name"":""Chiny"",""score"":0.76,""matchPct"":76},{""code"":""ES"",""name"":""Hiszpania"",""score"":0.6725,""matchPct"":67.3},{""code"":""FR"",""name"":""Francja"",""score"":0.6459999999999999,""matchPct"":64.6},{""code"":""JP"",""name"":""Japonia"",""score"":0.6165,""matchPct"":61.7},{""code"":""IN"",""name"":""Indie"",""score"":0.5925,""matchPct"":59.3},{""code"":""NL"",""name"":""Holandia"",""score"":0.5569999999999999,""matchPct"":55.7},{""code"":""US"",""name"":""USA"",""score"":0.553,""matchPct"":55.3},{""code"":""GE"",""name"":""Gruzja"",""score"":0.551,""matchPct"":55.1},{""code"":""GR"",""name"":""Grecja"",""score"":0.5355,""matchPct"":53.6}]",reality,wsm,aspirations,4,3,4,4,3,4,2,3,3,B,wsm,false,,tak
2c2b0e6f-cc41-4b83-89f5-35cc29918f7c,2026-05-04 18:14:56.210444+00,Kobieta,18-25 lat,Raz na kilka lat,0.25,0.12,0.12,0.06,0.23,0.22,"Włochy (78.4%), Chiny (74.5%), Hiszpania (68.5%), Francja (66.5%), Indie (62.5%), Japonia (60.5%), Grecja (58.4%), USA (58.2%), Gruzja (57.6%), Turcja (56%)","[{""code"":""IT"",""name"":""Włochy"",""score"":0.7843,""matchPct"":78.4},{""code"":""CN"",""name"":""Chiny"",""score"":0.7452,""matchPct"":74.5},{""code"":""ES"",""name"":""Hiszpania"",""score"":0.6849,""matchPct"":68.5},{""code"":""FR"",""name"":""Francja"",""score"":0.6651,""matchPct"":66.5},{""code"":""IN"",""name"":""Indie"",""score"":0.6252,""matchPct"":62.5},{""code"":""JP"",""name"":""Japonia"",""score"":0.6054999999999999,""matchPct"":60.5},{""code"":""GR"",""name"":""Grecja"",""score"":0.5838,""matchPct"":58.4},{""code"":""US"",""name"":""USA"",""score"":0.5823999999999999,""matchPct"":58.2},{""code"":""GE"",""name"":""Gruzja"",""score"":0.5763,""matchPct"":57.6},{""code"":""TR"",""name"":""Turcja"",""score"":0.5597000000000001,""matchPct"":56}]",reality,aspirations,wsm,3,1,4,3,1,4,4,2,5,A,reality,false,"Lista A była dla mnie najlepszym wyborem, ponieważ ma wiele kierunków, które bym chciała zwiedzić, a listy B i C również posiadają ciekawe kierunki lecz są za drogie.",trudno_powiedziec
2ccebbe4-8b45-4394-b1db-2a462b9b398b,2026-05-04 19:01:03.455226+00,Inna,26-35 lat,Raz na kilka lat,0.5,0.2,0.1,0,0.1,0.1,"Włochy (83.4%), Francja (66.6%), Chiny (66.3%), Hiszpania (60.2%), Indie (58.4%), USA (52.2%), Japonia (49.3%), Grecja (48.4%), Meksyk (46.7%), Wielka Brytania (45.9%)","[{""code"":""IT"",""name"":""Włochy"",""score"":0.8339999999999999,""matchPct"":83.4},{""code"":""FR"",""name"":""Francja"",""score"":0.666,""matchPct"":66.6},{""code"":""CN"",""name"":""Chiny"",""score"":0.6629999999999999,""matchPct"":66.3},{""code"":""ES"",""name"":""Hiszpania"",""score"":0.602,""matchPct"":60.2},{""code"":""IN"",""name"":""Indie"",""score"":0.5840000000000001,""matchPct"":58.4},{""code"":""US"",""name"":""USA"",""score"":0.5219999999999999,""matchPct"":52.2},{""code"":""JP"",""name"":""Japonia"",""score"":0.49300000000000005,""matchPct"":49.3},{""code"":""GR"",""name"":""Grecja"",""score"":0.484,""matchPct"":48.4},{""code"":""MX"",""name"":""Meksyk"",""score"":0.467,""matchPct"":46.7},{""code"":""GB"",""name"":""Wielka Brytania"",""score"":0.45899999999999996,""matchPct"":45.9}]",wsm,aspirations,reality,2,1,1,2,1,1,2,1,2,C,reality,false,,trudno_powiedziec
2ce37dfc-c013-4ebb-88e2-5df862ed88b2,2026-05-04 17:08:50.800028+00,Nie chcę podawać,18-25 lat,Raz w roku,0.2,0.19,0.2,0.11,0.18,0.12,"Włochy (77.6%), Chiny (73%), USA (66.5%), Francja (66%), Hiszpania (65.5%), Indie (63.1%), Grecja (60.4%), Japonia (60.2%), Turcja (55.8%), Tajlandia (54.3%)","[{""code"":""IT"",""name"":""Włochy"",""score"":0.7757999999999999,""matchPct"":77.6},{""code"":""CN"",""name"":""Chiny"",""score"":0.7304,""matchPct"":73},{""code"":""US"",""name"":""USA"",""score"":0.6645999999999999,""matchPct"":66.5},{""code"":""FR"",""name"":""Francja"",""score"":0.6596,""matchPct"":66},{""code"":""ES"",""name"":""Hiszpania"",""score"":0.6552,""matchPct"":65.5},{""code"":""IN"",""name"":""Indie"",""score"":0.6313,""matchPct"":63.1},{""code"":""GR"",""name"":""Grecja"",""score"":0.6042000000000001,""matchPct"":60.4},{""code"":""JP"",""name"":""Japonia"",""score"":0.6017,""matchPct"":60.2},{""code"":""TR"",""name"":""Turcja"",""score"":0.5575,""matchPct"":55.8},{""code"":""TH"",""name"":""Tajlandia"",""score"":0.5427,""matchPct"":54.3}]",wsm,reality,aspirations,3,3,4,2,2,2,2,4,2,A,wsm,false,,tak
2de3fb8a-1ad3-4570-96d7-f35a547c9381,2026-05-01 21:41:47.206886+00,Kobieta,46-60 lat,Raz w roku,0.16,0.38,0,0,0.17,0.29,"Włochy (70.1%), Grecja (65.7%), Hiszpania (65.3%), Chiny (65.3%), Tajlandia (62.9%), Japonia (61.1%), Indie (59.9%), Indonezja (59.5%), Filipiny (58.7%), Francja (58.1%)","[{""code"":""IT"",""name"":""Włochy"",""score"":0.7012,""matchPct"":70.1},{""code"":""GR"",""name"":""Grecja"",""score"":0.6572,""matchPct"":65.7},{""code"":""ES"",""name"":""Hiszpania"",""score"":0.6529,""matchPct"":65.3},{""code"":""CN"",""name"":""Chiny"",""score"":0.6527999999999999,""matchPct"":65.3},{""code"":""TH"",""name"":""Tajlandia"",""score"":0.629,""matchPct"":62.9},{""code"":""JP"",""name"":""Japonia"",""score"":0.6111,""matchPct"":61.1},{""code"":""IN"",""name"":""Indie"",""score"":0.5985,""matchPct"":59.9},{""code"":""ID"",""name"":""Indonezja"",""score"":0.5954,""matchPct"":59.5},{""code"":""PH"",""name"":""Filipiny"",""score"":0.5865,""matchPct"":58.7},{""code"":""FR"",""name"":""Francja"",""score"":0.5808,""matchPct"":58.1}]",aspirations,wsm,reality,3,4,4,5,2,4,3,5,2,A,aspirations,false,,tak
2e0b4d9b-66fb-47f6-8b41-dd3baf47447f,2026-05-02 14:08:44.000038+00,Mężczyzna,18-25 lat,2-3 razy w roku,0.5,0.25,0,0,0.25,0,"Włochy (86.8%), Francja (71.5%), Hiszpania (64.8%), Indie (62.5%), Chiny (59.5%), Grecja (57.3%), Meksyk (53%), Wielka Brytania (50.5%), Turcja (49.8%), USA (49%)","[{""code"":""IT"",""name"":""Włochy"",""score"":0.8675,""matchPct"":86.8},{""code"":""FR"",""name"":""Francja"",""score"":0.7150000000000001,""matchPct"":71.5},{""code"":""ES"",""name"":""Hiszpania"",""score"":0.6475,""matchPct"":64.8},{""code"":""IN"",""name"":""Indie"",""score"":0.625,""matchPct"":62.5},{""code"":""CN"",""name"":""Chiny"",""score"":0.595,""matchPct"":59.5},{""code"":""GR"",""name"":""Grecja"",""score"":0.5725,""matchPct"":57.3},{""code"":""MX"",""name"":""Meksyk"",""score"":0.53,""matchPct"":53},{""code"":""GB"",""name"":""Wielka Brytania"",""score"":0.505,""matchPct"":50.5},{""code"":""TR"",""name"":""Turcja"",""score"":0.49750000000000005,""matchPct"":49.8},{""code"":""US"",""name"":""USA"",""score"":0.49,""matchPct"":49}]",wsm,aspirations,reality,5,2,5,5,1,5,2,4,3,B,aspirations,false,,tak
2e12eb02-3da0-4e53-96c2-2a8d414d9556,2026-05-04 17:06:15.180898+00,Mężczyzna,18-25 lat,Raz na kilka lat,0,0.27,0.17,0.45,0.11,0,"USA (84.9%), Grecja (78.4%), Włochy (77.3%), Hiszpania (74.5%), Francja (73.4%), Australia (72.6%), Japonia (70.7%), Chiny (70.5%), Tajlandia (69.8%), Indonezja (67.6%)","[{""code"":""US"",""name"":""USA"",""score"":0.8487,""matchPct"":84.9},{""code"":""GR"",""name"":""Grecja"",""score"":0.7838,""matchPct"":78.4},{""code"":""IT"",""name"":""Włochy"",""score"":0.7727,""matchPct"":77.3},{""code"":""ES"",""name"":""Hiszpania"",""score"":0.7445999999999999,""matchPct"":74.5},{""code"":""FR"",""name"":""Francja"",""score"":0.7341,""matchPct"":73.4},{""code"":""AU"",""name"":""Australia"",""score"":0.7257000000000001,""matchPct"":72.6},{""code"":""JP"",""name"":""Japonia"",""score"":0.7072,""matchPct"":70.7},{""code"":""CN"",""name"":""Chiny"",""score"":0.7053,""matchPct"":70.5},{""code"":""TH"",""name"":""Tajlandia"",""score"":0.6983999999999999,""matchPct"":69.8},{""code"":""ID"",""name"":""Indonezja"",""score"":0.6763,""matchPct"":67.6}]",aspirations,reality,wsm,5,5,5,5,5,5,5,5,5,A,aspirations,false,,tak
2ea62ea5-e039-4262-b872-e96d077ce4af,2026-05-01 19:13:51.533486+00,Kobieta,18-25 lat,2-3 razy w roku,0.14,0.34,0.07,0.21,0.1,0.14,"Włochy (74.5%), Grecja (69.3%), USA (68.2%), Hiszpania (68.1%), Chiny (66.3%), Francja (65.4%), Japonia (63.9%), Tajlandia (63.7%), Australia (63.3%), Indie (60.6%)","[{""code"":""IT"",""name"":""Włochy"",""score"":0.7445999999999999,""matchPct"":74.5},{""code"":""GR"",""name"":""Grecja"",""score"":0.6933,""matchPct"":69.3},{""code"":""US"",""name"":""USA"",""score"":0.6819000000000001,""matchPct"":68.2},{""code"":""ES"",""name"":""Hiszpania"",""score"":0.6813,""matchPct"":68.1},{""code"":""CN"",""name"":""Chiny"",""score"":0.6633,""matchPct"":66.3},{""code"":""FR"",""name"":""Francja"",""score"":0.6537,""matchPct"":65.4},{""code"":""JP"",""name"":""Japonia"",""score"":0.639,""matchPct"":63.9},{""code"":""TH"",""name"":""Tajlandia"",""score"":0.6367999999999999,""matchPct"":63.7},{""code"":""AU"",""name"":""Australia"",""score"":0.6329000000000001,""matchPct"":63.3},{""code"":""IN"",""name"":""Indie"",""score"":0.6062000000000001,""matchPct"":60.6}]",wsm,reality,aspirations,3,3,4,2,4,2,4,4,2,A,wsm,false,,tak
2ef04658-27d5-4441-b9f2-520108794115,2026-05-02 11:31:38.929694+00,Mężczyzna,46-60 lat,2-3 razy w roku,0.04,0.24,0.09,0.24,0.24,0.15,"Włochy (75.3%), Grecja (74.6%), Hiszpania (74.2%), Chiny (71.1%), USA (70.5%), Francja (68.8%), Japonia (67.7%), Tajlandia (67.1%), Turcja (65.9%), Chorwacja (65.3%)","[{""code"":""IT"",""name"":""Włochy"",""score"":0.7525000000000001,""matchPct"":75.3},{""code"":""GR"",""name"":""Grecja"",""score"":0.746,""matchPct"":74.6},{""code"":""ES"",""name"":""Hiszpania"",""score"":0.7421,""matchPct"":74.2},{""code"":""CN"",""name"":""Chiny"",""score"":0.7112999999999999,""matchPct"":71.1},{""code"":""US"",""name"":""USA"",""score"":0.705,""matchPct"":70.5},{""code"":""FR"",""name"":""Francja"",""score"":0.6884999999999999,""matchPct"":68.8},{""code"":""JP"",""name"":""Japonia"",""score"":0.6773999999999999,""matchPct"":67.7},{""code"":""TH"",""name"":""Tajlandia"",""score"":0.6708999999999999,""matchPct"":67.1},{""code"":""TR"",""name"":""Turcja"",""score"":0.6586,""matchPct"":65.9},{""code"":""HR"",""name"":""Chorwacja"",""score"":0.6532,""matchPct"":65.3}]",wsm,aspirations,reality,3,3,4,4,2,5,3,4,5,A,wsm,false,,tak
2f34fb64-8a9c-465b-a35e-ed6c0341db29,2026-05-04 17:17:43.342821+00,Kobieta,18-25 lat,Raz w roku,0.3,0.05,0.35,0.05,0.15,0.1,"Włochy (80.7%), Chiny (80%), USA (66.8%), Francja (65.9%), Indie (62.8%), Hiszpania (60.6%), Japonia (56.9%), Kanada (52.3%), Wielka Brytania (51%), Turcja (50%)","[{""code"":""IT"",""name"":""Włochy"",""score"":0.8065,""matchPct"":80.7},{""code"":""CN"",""name"":""Chiny"",""score"":0.7995,""matchPct"":80},{""code"":""US"",""name"":""USA"",""score"":0.6675,""matchPct"":66.8},{""code"":""FR"",""name"":""Francja"",""score"":0.6585,""matchPct"":65.9},{""code"":""IN"",""name"":""Indie"",""score"":0.6280000000000001,""matchPct"":62.8},{""code"":""ES"",""name"":""Hiszpania"",""score"":0.6059999999999999,""matchPct"":60.6},{""code"":""JP"",""name"":""Japonia"",""score"":0.569,""matchPct"":56.9},{""code"":""CA"",""name"":""Kanada"",""score"":0.5234999999999999,""matchPct"":52.3},{""code"":""GB"",""name"":""Wielka Brytania"",""score"":0.5095000000000001,""matchPct"":51},{""code"":""TR"",""name"":""Turcja"",""score"":0.5,""matchPct"":50}]",wsm,aspirations,reality,4,2,3,3,2,2,4,2,3,A,wsm,false,,tak
2ff1d0c8-0b3b-4856-acca-99abe3251ab3,2026-05-04 19:47:32.296925+00,Kobieta,18-25 lat,2-3 razy w roku,0.15,0.15,0.15,0.15,0.1,0.3,"Chiny (77.8%), Włochy (73.5%), Hiszpania (68.3%), Japonia (68%), USA (65.3%), Francja (63.2%), Grecja (59.6%), Słowenia (59.6%), Indie (59.5%), Gruzja (59.3%)","[{""code"":""CN"",""name"":""Chiny"",""score"":0.7775,""matchPct"":77.8},{""code"":""IT"",""name"":""Włochy"",""score"":0.7349999999999999,""matchPct"":73.5},{""code"":""ES"",""name"":""Hiszpania"",""score"":0.6825,""matchPct"":68.3},{""code"":""JP"",""name"":""Japonia"",""score"":0.6795,""matchPct"":68},{""code"":""US"",""name"":""USA"",""score"":0.6525000000000001,""matchPct"":65.3},{""code"":""FR"",""name"":""Francja"",""score"":0.632,""matchPct"":63.2},{""code"":""GR"",""name"":""Grecja"",""score"":0.596,""matchPct"":59.6},{""code"":""SI"",""name"":""Słowenia"",""score"":0.5955,""matchPct"":59.6},{""code"":""IN"",""name"":""Indie"",""score"":0.595,""matchPct"":59.5},{""code"":""GE"",""name"":""Gruzja"",""score"":0.593,""matchPct"":59.3}]",aspirations,reality,wsm,3,3,3,2,2,2,3,5,4,A,aspirations,false,stany są moim marzeniem,trudno_powiedziec
2ff80748-c0dc-420f-911e-b917210ab58c,2026-05-04 17:59:19.110965+00,Kobieta,18-25 lat,Raz na kilka lat,0.02,0,0.17,0.16,0.3,0.35,"Chiny (85.1%), Andora (80.3%), Gruzja (78.9%), Słowenia (78.3%), Finlandia (77.8%), Chorwacja (76.8%), Hiszpania (76.4%), Portugalia (75.3%), Czechy (75.3%), Austria (74.6%)","[{""code"":""CN"",""name"":""Chiny"",""score"":0.8513,""matchPct"":85.1},{""code"":""AD"",""name"":""Andora"",""score"":0.8030999999999999,""matchPct"":80.3},{""code"":""GE"",""name"":""Gruzja"",""score"":0.7891999999999999,""matchPct"":78.9},{""code"":""SI"",""name"":""Słowenia"",""score"":0.7831,""matchPct"":78.3},{""code"":""FI"",""name"":""Finlandia"",""score"":0.7783,""matchPct"":77.8},{""code"":""HR"",""name"":""Chorwacja"",""score"":0.7676000000000001,""matchPct"":76.8},{""code"":""ES"",""name"":""Hiszpania"",""score"":0.7639,""matchPct"":76.4},{""code"":""PT"",""name"":""Portugalia"",""score"":0.7534000000000001,""matchPct"":75.3},{""code"":""CZ"",""name"":""Czechy"",""score"":0.7534000000000001,""matchPct"":75.3},{""code"":""AT"",""name"":""Austria"",""score"":0.7457,""matchPct"":74.6}]",reality,aspirations,wsm,3,4,4,2,2,4,4,3,4,A,reality,false,,tak
306ebe71-e159-4be2-9d44-941f4c96bba8,2026-05-02 17:12:33.298631+00,Kobieta,Powyżej 60 lat,Raz na kilka lat,0,0.1,0,0,0.36,0.54,"Gruzja (85.3%), Chorwacja (84%), Andora (83.5%), Słowenia (83.2%), Chiny (81%), Finlandia (80.5%), Czechy (80.5%), Portugalia (79.9%), Uzbekistan (77.9%), Holandia (77.8%)","[{""code"":""GE"",""name"":""Gruzja"",""score"":0.8526,""matchPct"":85.3},{""code"":""HR"",""name"":""Chorwacja"",""score"":0.8404,""matchPct"":84},{""code"":""AD"",""name"":""Andora"",""score"":0.8351999999999999,""matchPct"":83.5},{""code"":""SI"",""name"":""Słowenia"",""score"":0.8316000000000001,""matchPct"":83.2},{""code"":""CN"",""name"":""Chiny"",""score"":0.8096,""matchPct"":81},{""code"":""FI"",""name"":""Finlandia"",""score"":0.8046,""matchPct"":80.5},{""code"":""CZ"",""name"":""Czechy"",""score"":0.8046,""matchPct"":80.5},{""code"":""PT"",""name"":""Portugalia"",""score"":0.7986,""matchPct"":79.9},{""code"":""UZ"",""name"":""Uzbekistan"",""score"":0.7794000000000001,""matchPct"":77.9},{""code"":""NL"",""name"":""Holandia"",""score"":0.7778,""matchPct"":77.8}]",wsm,aspirations,reality,2,2,2,2,2,2,5,5,5,C,reality,false,,nie
32385ec3-7027-413c-8d21-d2575d2b28ac,2026-05-04 17:14:13.783597+00,Mężczyzna,18-25 lat,Raz na kilka lat,0.1,0,0.1,0.1,0.3,0.4,"Chiny (83.3%), Andora (77.4%), Gruzja (76.8%), Hiszpania (76%), Słowenia (75.2%), Finlandia (74.8%), Chorwacja (74.7%), Włochy (74.7%), Czechy (74.5%), Portugalia (73.4%)","[{""code"":""CN"",""name"":""Chiny"",""score"":0.833,""matchPct"":83.3},{""code"":""AD"",""name"":""Andora"",""score"":0.774,""matchPct"":77.4},{""code"":""GE"",""name"":""Gruzja"",""score"":0.768,""matchPct"":76.8},{""code"":""ES"",""name"":""Hiszpania"",""score"":0.76,""matchPct"":76},{""code"":""SI"",""name"":""Słowenia"",""score"":0.752,""matchPct"":75.2},{""code"":""FI"",""name"":""Finlandia"",""score"":0.748,""matchPct"":74.8},{""code"":""HR"",""name"":""Chorwacja"",""score"":0.7470000000000001,""matchPct"":74.7},{""code"":""IT"",""name"":""Włochy"",""score"":0.747,""matchPct"":74.7},{""code"":""CZ"",""name"":""Czechy"",""score"":0.7450000000000001,""matchPct"":74.5},{""code"":""PT"",""name"":""Portugalia"",""score"":0.734,""matchPct"":73.4}]",wsm,reality,aspirations,4,3,5,5,2,3,5,4,5,A,wsm,false,"wiele ciekawych krajów z bogatą historią, jedzeniem a tak że krajobraz",trudno_powiedziec
332c50c9-3bdc-4353-9559-0eed918338fd,2026-05-02 00:15:44.826594+00,Kobieta,18-25 lat,2-3 razy w roku,0.25,0.25,0,0,0.25,0.25,"Włochy (76%), Hiszpania (68.3%), Chiny (67.5%), Francja (63.8%), Grecja (62.8%), Indie (61.8%), Japonia (58.5%), Gruzja (56.5%), Tajlandia (56.3%), Turcja (55.8%)","[{""code"":""IT"",""name"":""Włochy"",""score"":0.76,""matchPct"":76},{""code"":""ES"",""name"":""Hiszpania"",""score"":0.6825,""matchPct"":68.3},{""code"":""CN"",""name"":""Chiny"",""score"":0.675,""matchPct"":67.5},{""code"":""FR"",""name"":""Francja"",""score"":0.6375,""matchPct"":63.8},{""code"":""GR"",""name"":""Grecja"",""score"":0.6275,""matchPct"":62.8},{""code"":""IN"",""name"":""Indie"",""score"":0.6175,""matchPct"":61.8},{""code"":""JP"",""name"":""Japonia"",""score"":0.585,""matchPct"":58.5},{""code"":""GE"",""name"":""Gruzja"",""score"":0.565,""matchPct"":56.5},{""code"":""TH"",""name"":""Tajlandia"",""score"":0.5625,""matchPct"":56.3},{""code"":""TR"",""name"":""Turcja"",""score"":0.5575,""matchPct"":55.8}]",wsm,aspirations,reality,3,2,4,3,2,4,3,2,4,C,reality,false,,tak
334ed27f-be9c-4778-a251-62591d5d041b,2026-05-04 17:08:55.535206+00,Kobieta,18-25 lat,2-3 razy w roku,0.05,0.1,0.5,0.1,0.05,0.2,"Chiny (87.5%), USA (80.4%), Włochy (70.5%), Japonia (67.4%), Kanada (67.2%), Indie (62%), Słowenia (58.2%), Hiszpania (57.8%), Francja (57.7%), Indonezja (57.3%)","[{""code"":""CN"",""name"":""Chiny"",""score"":0.875,""matchPct"":87.5},{""code"":""US"",""name"":""USA"",""score"":0.8039999999999999,""matchPct"":80.4},{""code"":""IT"",""name"":""Włochy"",""score"":0.7054999999999999,""matchPct"":70.5},{""code"":""JP"",""name"":""Japonia"",""score"":0.6735000000000001,""matchPct"":67.4},{""code"":""CA"",""name"":""Kanada"",""score"":0.6715,""matchPct"":67.2},{""code"":""IN"",""name"":""Indie"",""score"":0.62,""matchPct"":62},{""code"":""SI"",""name"":""Słowenia"",""score"":0.5815,""matchPct"":58.2},{""code"":""ES"",""name"":""Hiszpania"",""score"":0.5784999999999999,""matchPct"":57.8},{""code"":""FR"",""name"":""Francja"",""score"":0.5765,""matchPct"":57.7},{""code"":""ID"",""name"":""Indonezja"",""score"":0.5725,""matchPct"":57.3}]",aspirations,wsm,reality,2,3,1,2,3,2,1,4,1,B,wsm,false,,tak
341bcee5-8e60-4238-ac93-ce5d3fd200e2,2026-05-01 20:45:53.400649+00,Kobieta,18-25 lat,Częściej niż 3 razy w roku,0.15,0.21,0,0.16,0.23,0.25,"Włochy (75.9%), Hiszpania (74%), Chiny (70.5%), Grecja (69.2%), Francja (67.6%), Japonia (65.7%), Chorwacja (63.8%), Gruzja (63.4%), Holandia (63.1%), Indie (62.3%)","[{""code"":""IT"",""name"":""Włochy"",""score"":0.7594,""matchPct"":75.9},{""code"":""ES"",""name"":""Hiszpania"",""score"":0.7403000000000001,""matchPct"":74},{""code"":""CN"",""name"":""Chiny"",""score"":0.7045999999999999,""matchPct"":70.5},{""code"":""GR"",""name"":""Grecja"",""score"":0.6919,""matchPct"":69.2},{""code"":""FR"",""name"":""Francja"",""score"":0.6760999999999999,""matchPct"":67.6},{""code"":""JP"",""name"":""Japonia"",""score"":0.6572,""matchPct"":65.7},{""code"":""HR"",""name"":""Chorwacja"",""score"":0.638,""matchPct"":63.8},{""code"":""GE"",""name"":""Gruzja"",""score"":0.6344000000000001,""matchPct"":63.4},{""code"":""NL"",""name"":""Holandia"",""score"":0.6307,""matchPct"":63.1},{""code"":""IN"",""name"":""Indie"",""score"":0.6231,""matchPct"":62.3}]",aspirations,wsm,reality,3,4,3,1,3,1,3,5,2,B,wsm,false,,tak
35079ad2-cd17-4e22-8e31-047feedb6a94,2026-05-04 17:06:35.926883+00,Kobieta,18-25 lat,Raz w roku,0.16,0.33,0.14,0.12,0.12,0.13,"Włochy (74%), Chiny (67.7%), USA (67.1%), Grecja (64.7%), Hiszpania (64.1%), Francja (62.7%), Indie (61.3%), Japonia (60.8%), Tajlandia (60.4%), Australia (58.7%)","[{""code"":""IT"",""name"":""Włochy"",""score"":0.7401,""matchPct"":74},{""code"":""CN"",""name"":""Chiny"",""score"":0.6772,""matchPct"":67.7},{""code"":""US"",""name"":""USA"",""score"":0.6708999999999999,""matchPct"":67.1},{""code"":""GR"",""name"":""Grecja"",""score"":0.6471,""matchPct"":64.7},{""code"":""ES"",""name"":""Hiszpania"",""score"":0.6408,""matchPct"":64.1},{""code"":""FR"",""name"":""Francja"",""score"":0.6274000000000001,""matchPct"":62.7},{""code"":""IN"",""name"":""Indie"",""score"":0.6133,""matchPct"":61.3},{""code"":""JP"",""name"":""Japonia"",""score"":0.6077000000000001,""matchPct"":60.8},{""code"":""TH"",""name"":""Tajlandia"",""score"":0.604,""matchPct"":60.4},{""code"":""AU"",""name"":""Australia"",""score"":0.5871999999999999,""matchPct"":58.7}]",reality,aspirations,wsm,4,4,4,2,1,2,3,2,4,A,reality,false,,tak
354bdf3a-6383-41b0-b434-79da2441ccc5,2026-05-04 08:32:32.141669+00,Kobieta,26-35 lat,Raz na kilka lat,0.08,0.13,0.31,0.14,0.15,0.19,"Chiny (80.9%), Włochy (73.7%), USA (73.5%), Japonia (66.6%), Hiszpania (65.3%), Indie (63.3%), Francja (63.2%), Kanada (60.6%), Słowenia (60%), Gruzja (59.8%)","[{""code"":""CN"",""name"":""Chiny"",""score"":0.8085000000000001,""matchPct"":80.9},{""code"":""IT"",""name"":""Włochy"",""score"":0.737,""matchPct"":73.7},{""code"":""US"",""name"":""USA"",""score"":0.7351999999999999,""matchPct"":73.5},{""code"":""JP"",""name"":""Japonia"",""score"":0.6658000000000001,""matchPct"":66.6},{""code"":""ES"",""name"":""Hiszpania"",""score"":0.6532,""matchPct"":65.3},{""code"":""IN"",""name"":""Indie"",""score"":0.633,""matchPct"":63.3},{""code"":""FR"",""name"":""Francja"",""score"":0.6315,""matchPct"":63.2},{""code"":""CA"",""name"":""Kanada"",""score"":0.6063,""matchPct"":60.6},{""code"":""SI"",""name"":""Słowenia"",""score"":0.6002000000000001,""matchPct"":60},{""code"":""GE"",""name"":""Gruzja"",""score"":0.5976,""matchPct"":59.8}]",aspirations,wsm,reality,2,2,3,2,2,4,3,3,3,A,aspirations,false,,tak
354c85e2-74de-447a-9f4e-dfe70339cb6f,2026-05-04 17:32:21.413805+00,Mężczyzna,18-25 lat,Raz na kilka lat,0.3,0,0,0,0.32,0.38,"Włochy (79.5%), Chiny (77.7%), Hiszpania (74.2%), Holandia (69.9%), Francja (67.8%), Gruzja (67.7%), Czechy (67.1%), Andora (64.9%), Chorwacja (64.8%), Portugalia (64.6%)","[{""code"":""IT"",""name"":""Włochy"",""score"":0.795,""matchPct"":79.5},{""code"":""CN"",""name"":""Chiny"",""score"":0.7772,""matchPct"":77.7},{""code"":""ES"",""name"":""Hiszpania"",""score"":0.7424,""matchPct"":74.2},{""code"":""NL"",""name"":""Holandia"",""score"":0.6986000000000001,""matchPct"":69.9},{""code"":""FR"",""name"":""Francja"",""score"":0.6781999999999999,""matchPct"":67.8},{""code"":""GE"",""name"":""Gruzja"",""score"":0.6772,""matchPct"":67.7},{""code"":""CZ"",""name"":""Czechy"",""score"":0.6712,""matchPct"":67.1},{""code"":""AD"",""name"":""Andora"",""score"":0.6494,""matchPct"":64.9},{""code"":""HR"",""name"":""Chorwacja"",""score"":0.6478,""matchPct"":64.8},{""code"":""PT"",""name"":""Portugalia"",""score"":0.6462,""matchPct"":64.6}]",aspirations,wsm,reality,4,3,4,2,3,1,4,4,4,B,wsm,false,Dużo interesujących państw o zróżnicowanych kulturach,tak
355470fd-7f8c-4274-99f6-8ef3765b5c1c,2026-05-04 20:21:14.003162+00,Kobieta,18-25 lat,Raz w roku,0.1,0.3,0.1,0.05,0.25,0.2,"Włochy (72.6%), Chiny (69.2%), Grecja (67.9%), Hiszpania (67.4%), Indie (64%), Tajlandia (63.5%), USA (62.6%), Indonezja (62%), Francja (62%), Japonia (62%)","[{""code"":""IT"",""name"":""Włochy"",""score"":0.7255,""matchPct"":72.6},{""code"":""CN"",""name"":""Chiny"",""score"":0.692,""matchPct"":69.2},{""code"":""GR"",""name"":""Grecja"",""score"":0.6794999999999999,""matchPct"":67.9},{""code"":""ES"",""name"":""Hiszpania"",""score"":0.6735,""matchPct"":67.4},{""code"":""IN"",""name"":""Indie"",""score"":0.6395,""matchPct"":64},{""code"":""TH"",""name"":""Tajlandia"",""score"":0.6345,""matchPct"":63.5},{""code"":""US"",""name"":""USA"",""score"":0.626,""matchPct"":62.6},{""code"":""ID"",""name"":""Indonezja"",""score"":0.6204999999999999,""matchPct"":62},{""code"":""FR"",""name"":""Francja"",""score"":0.62,""matchPct"":62},{""code"":""JP"",""name"":""Japonia"",""score"":0.6195,""matchPct"":62}]",reality,aspirations,wsm,4,1,5,3,1,5,3,3,4,A,reality,false,"Lista B oraz C są dla mnie zbyt drogie, lista A pasuje do mojej sytuacji finansowej.",trudno_powiedziec
35d481ad-c851-4e81-b607-f76e15f72247,2026-05-04 17:09:18.166874+00,Kobieta,18-25 lat,Raz na kilka lat,0.48,0.03,0.08,0.04,0.3,0.07,"Włochy (89%), Francja (75%), Chiny (70.5%), Hiszpania (69.2%), Indie (64%), Wielka Brytania (60%), Turcja (53.2%), Grecja (53.1%), Holandia (52%), USA (50.8%)","[{""code"":""IT"",""name"":""Włochy"",""score"":0.8901000000000001,""matchPct"":89},{""code"":""FR"",""name"":""Francja"",""score"":0.75,""matchPct"":75},{""code"":""CN"",""name"":""Chiny"",""score"":0.705,""matchPct"":70.5},{""code"":""ES"",""name"":""Hiszpania"",""score"":0.6920000000000001,""matchPct"":69.2},{""code"":""IN"",""name"":""Indie"",""score"":0.6397,""matchPct"":64},{""code"":""GB"",""name"":""Wielka Brytania"",""score"":0.5997,""matchPct"":60},{""code"":""TR"",""name"":""Turcja"",""score"":0.5324000000000001,""matchPct"":53.2},{""code"":""GR"",""name"":""Grecja"",""score"":0.5305,""matchPct"":53.1},{""code"":""NL"",""name"":""Holandia"",""score"":0.5203,""matchPct"":52},{""code"":""US"",""name"":""USA"",""score"":0.5076999999999999,""matchPct"":50.8}]",aspirations,wsm,reality,3,2,4,1,2,2,2,2,1,B,wsm,false,,tak
36113129-b3a7-4988-b347-4ba4c2b84c42,2026-05-04 18:42:36.459522+00,Kobieta,26-35 lat,Raz na kilka lat,0,0.14,0.1,0.07,0.57,0.12,"Gruzja (79.9%), Hiszpania (78.2%), Grecja (78.1%), Włochy (78%), Turcja (76.2%), Egipt (75.9%), Bułgaria (75.2%), Chorwacja (75.2%), Indie (73.6%), Portugalia (73.2%)","[{""code"":""GE"",""name"":""Gruzja"",""score"":0.7989999999999999,""matchPct"":79.9},{""code"":""ES"",""name"":""Hiszpania"",""score"":0.7819,""matchPct"":78.2},{""code"":""GR"",""name"":""Grecja"",""score"":0.7813,""matchPct"":78.1},{""code"":""IT"",""name"":""Włochy"",""score"":0.7799,""matchPct"":78},{""code"":""TR"",""name"":""Turcja"",""score"":0.7624000000000001,""matchPct"":76.2},{""code"":""EG"",""name"":""Egipt"",""score"":0.7591,""matchPct"":75.9},{""code"":""BG"",""name"":""Bułgaria"",""score"":0.7522999999999999,""matchPct"":75.2},{""code"":""HR"",""name"":""Chorwacja"",""score"":0.7522,""matchPct"":75.2},{""code"":""IN"",""name"":""Indie"",""score"":0.7364999999999999,""matchPct"":73.6},{""code"":""PT"",""name"":""Portugalia"",""score"":0.7321,""matchPct"":73.2}]",aspirations,wsm,reality,5,3,5,4,2,3,4,3,3,B,wsm,false,,tak
36641867-4ddc-40fa-a728-536cf450928d,2026-05-02 10:13:21.027106+00,Kobieta,18-25 lat,2-3 razy w roku,0.1,0.15,0.05,0.3,0.15,0.25,"Hiszpania (76.5%), Włochy (76.2%), Chiny (75%), Japonia (71.6%), Francja (70.2%), Grecja (70%), USA (68.2%), Singapur (68%), Holandia (67.7%), Andora (67.6%)","[{""code"":""ES"",""name"":""Hiszpania"",""score"":0.765,""matchPct"":76.5},{""code"":""IT"",""name"":""Włochy"",""score"":0.7619999999999999,""matchPct"":76.2},{""code"":""CN"",""name"":""Chiny"",""score"":0.7495,""matchPct"":75},{""code"":""JP"",""name"":""Japonia"",""score"":0.716,""matchPct"":71.6},{""code"":""FR"",""name"":""Francja"",""score"":0.7015,""matchPct"":70.2},{""code"":""GR"",""name"":""Grecja"",""score"":0.7004999999999999,""matchPct"":70},{""code"":""US"",""name"":""USA"",""score"":0.6819999999999999,""matchPct"":68.2},{""code"":""SG"",""name"":""Singapur"",""score"":0.6795,""matchPct"":68},{""code"":""NL"",""name"":""Holandia"",""score"":0.6765,""matchPct"":67.7},{""code"":""AD"",""name"":""Andora"",""score"":0.6755,""matchPct"":67.6}]",reality,wsm,aspirations,5,3,4,3,2,3,3,4,3,B,wsm,false,,tak
36eca80a-0e9a-49f3-b12e-59717f7db9c5,2026-05-02 05:59:00.531551+00,Kobieta,26-35 lat,2-3 razy w roku,0.15,0.15,0.1,0.1,0.25,0.25,"Włochy (75.8%), Chiny (74.8%), Hiszpania (71.2%), Francja (66%), Japonia (64.6%), Grecja (64.2%), Gruzja (63.9%), Indie (63.4%), Chorwacja (62.2%), Słowenia (61.3%)","[{""code"":""IT"",""name"":""Włochy"",""score"":0.758,""matchPct"":75.8},{""code"":""CN"",""name"":""Chiny"",""score"":0.748,""matchPct"":74.8},{""code"":""ES"",""name"":""Hiszpania"",""score"":0.7115,""matchPct"":71.2},{""code"":""FR"",""name"":""Francja"",""score"":0.6595,""matchPct"":66},{""code"":""JP"",""name"":""Japonia"",""score"":0.646,""matchPct"":64.6},{""code"":""GR"",""name"":""Grecja"",""score"":0.6415,""matchPct"":64.2},{""code"":""GE"",""name"":""Gruzja"",""score"":0.639,""matchPct"":63.9},{""code"":""IN"",""name"":""Indie"",""score"":0.6335,""matchPct"":63.4},{""code"":""HR"",""name"":""Chorwacja"",""score"":0.622,""matchPct"":62.2},{""code"":""SI"",""name"":""Słowenia"",""score"":0.6125,""matchPct"":61.3}]",reality,aspirations,wsm,3,3,3,3,2,2,4,5,3,C,wsm,false,"Lista B zawiera kilka kierunków które nie są dla mnie interesujące i na ten moment jest dla mnie nieosiągalna finansowo, lista A natomiast zawiera miejsca które w większości już odwiedziłam, albo nie jestem zainteresowana kierunkami. Lista C jest kompromisem, ale też nie specjalnie idealnym",trudno_powiedziec
371d55fb-42a1-43eb-b93c-f9dc86cefe8e,2026-05-04 18:20:21.331373+00,Mężczyzna,18-25 lat,Raz w roku,0.24,0.15,0.15,0.24,0.1,0.12,"Włochy (80.2%), Chiny (73.2%), Francja (70.3%), Hiszpania (69.1%), USA (68.3%), Japonia (63.3%), Grecja (61.1%), Indie (60.9%), Wielka Brytania (56.7%), Turcja (55.1%)","[{""code"":""IT"",""name"":""Włochy"",""score"":0.8015999999999999,""matchPct"":80.2},{""code"":""CN"",""name"":""Chiny"",""score"":0.7324999999999999,""matchPct"":73.2},{""code"":""FR"",""name"":""Francja"",""score"":0.7031,""matchPct"":70.3},{""code"":""ES"",""name"":""Hiszpania"",""score"":0.6914999999999999,""matchPct"":69.1},{""code"":""US"",""name"":""USA"",""score"":0.6831,""matchPct"":68.3},{""code"":""JP"",""name"":""Japonia"",""score"":0.6327,""matchPct"":63.3},{""code"":""GR"",""name"":""Grecja"",""score"":0.6113,""matchPct"":61.1},{""code"":""IN"",""name"":""Indie"",""score"":0.6085,""matchPct"":60.9},{""code"":""GB"",""name"":""Wielka Brytania"",""score"":0.567,""matchPct"":56.7},{""code"":""TR"",""name"":""Turcja"",""score"":0.5514,""matchPct"":55.1}]",wsm,aspirations,reality,3,4,2,2,1,2,2,4,3,C,reality,false,,tak
3740b751-4c94-49a1-8cb1-91c31dd6edf9,2026-05-04 18:28:55.935096+00,Mężczyzna,26-35 lat,Raz w roku,0.05,0.2,0.2,0.05,0.2,0.3,"Chiny (77.9%), Włochy (69.9%), Japonia (67%), Hiszpania (66.3%), USA (65.9%), Gruzja (64.8%), Słowenia (64%), Indie (62.8%), Chorwacja (62.7%), Grecja (62.5%)","[{""code"":""CN"",""name"":""Chiny"",""score"":0.7789999999999999,""matchPct"":77.9},{""code"":""IT"",""name"":""Włochy"",""score"":0.6989999999999998,""matchPct"":69.9},{""code"":""JP"",""name"":""Japonia"",""score"":0.6699999999999999,""matchPct"":67},{""code"":""ES"",""name"":""Hiszpania"",""score"":0.663,""matchPct"":66.3},{""code"":""US"",""name"":""USA"",""score"":0.659,""matchPct"":65.9},{""code"":""GE"",""name"":""Gruzja"",""score"":0.6475000000000001,""matchPct"":64.8},{""code"":""SI"",""name"":""Słowenia"",""score"":0.6400000000000001,""matchPct"":64},{""code"":""IN"",""name"":""Indie"",""score"":0.6275000000000001,""matchPct"":62.8},{""code"":""HR"",""name"":""Chorwacja"",""score"":0.627,""matchPct"":62.7},{""code"":""GR"",""name"":""Grecja"",""score"":0.6245,""matchPct"":62.5}]",wsm,reality,aspirations,4,3,3,5,4,4,4,4,3,A,wsm,false,"Lista C jest świetna i najbardziej pasuje pod moje preferencje. ALE JEST PROBLEM, bo zwiedziłem z tej listy Stany Zjednoczone, Kanadę, Tajlandie i Zjednoczone Emiraty Arabskie. Natomiast z listy A zwiedziłem Turcję i Egipt. Dlatego wybieram listę A!!!",tak
3741b286-f679-470f-af92-114a31bfe598,2026-05-04 17:06:48.012603+00,Mężczyzna,18-25 lat,Raz w roku,0.03,0.8,0.05,0.01,0.05,0.06,"Tajlandia (78.8%), Grecja (76.6%), Australia (74.1%), Indonezja (73.7%), Filipiny (73.7%), Meksyk (70.7%), USA (68.6%), Włochy (63.2%), Malezja (62.3%), Brazylia (60%)","[{""code"":""TH"",""name"":""Tajlandia"",""score"":0.7881,""matchPct"":78.8},{""code"":""GR"",""name"":""Grecja"",""score"":0.7663,""matchPct"":76.6},{""code"":""AU"",""name"":""Australia"",""score"":0.7405,""matchPct"":74.1},{""code"":""ID"",""name"":""Indonezja"",""score"":0.7373000000000001,""matchPct"":73.7},{""code"":""PH"",""name"":""Filipiny"",""score"":0.7372000000000001,""matchPct"":73.7},{""code"":""MX"",""name"":""Meksyk"",""score"":0.7074000000000001,""matchPct"":70.7},{""code"":""US"",""name"":""USA"",""score"":0.6863,""matchPct"":68.6},{""code"":""IT"",""name"":""Włochy"",""score"":0.6315000000000001,""matchPct"":63.2},{""code"":""MY"",""name"":""Malezja"",""score"":0.6225999999999999,""matchPct"":62.3},{""code"":""BR"",""name"":""Brazylia"",""score"":0.6002,""matchPct"":60}]",reality,wsm,aspirations,5,5,5,5,5,5,5,5,5,A,reality,false,,tak
377347da-ffc2-4c37-a3b8-840632a9e3c0,2026-05-04 17:25:04.167762+00,Mężczyzna,18-25 lat,Częściej niż 3 razy w roku,0,0.2,0.1,0.4,0.1,0.2,"USA (77.5%), Hiszpania (76.8%), Japonia (75.3%), Chiny (75.1%), Grecja (75%), Włochy (74.3%), Singapur (73%), Australia (70.7%), Francja (70.3%), Andora (69.3%)","[{""code"":""US"",""name"":""USA"",""score"":0.775,""matchPct"":77.5},{""code"":""ES"",""name"":""Hiszpania"",""score"":0.768,""matchPct"":76.8},{""code"":""JP"",""name"":""Japonia"",""score"":0.753,""matchPct"":75.3},{""code"":""CN"",""name"":""Chiny"",""score"":0.7510000000000001,""matchPct"":75.1},{""code"":""GR"",""name"":""Grecja"",""score"":0.75,""matchPct"":75},{""code"":""IT"",""name"":""Włochy"",""score"":0.743,""matchPct"":74.3},{""code"":""SG"",""name"":""Singapur"",""score"":0.73,""matchPct"":73},{""code"":""AU"",""name"":""Australia"",""score"":0.7070000000000001,""matchPct"":70.7},{""code"":""FR"",""name"":""Francja"",""score"":0.703,""matchPct"":70.3},{""code"":""AD"",""name"":""Andora"",""score"":0.6930000000000001,""matchPct"":69.3}]",aspirations,wsm,reality,1,4,4,2,3,4,1,5,2,A,aspirations,false,generalnie zaznaczona lista ma ponad 50% destynacji do ktorych chcialbym pojechac (do niektórych ponownie) aczkolwiek  reszta list ma panstwa ktore malo mnie interesuja jako destynacja podrozy,trudno_powiedziec
37b3b5b7-23f0-4dd4-beb7-7161220e15b0,2026-05-04 06:57:11.539367+00,Kobieta,26-35 lat,2-3 razy w roku,0,0.25,0.15,0.15,0.2,0.25,"Chiny (74.8%), Włochy (70.4%), Hiszpania (69.9%), USA (69.8%), Grecja (69.8%), Japonia (69.2%), Tajlandia (66.3%), Indonezja (66.3%), Gruzja (66.1%), Chorwacja (65.8%)","[{""code"":""CN"",""name"":""Chiny"",""score"":0.7475,""matchPct"":74.8},{""code"":""IT"",""name"":""Włochy"",""score"":0.7035,""matchPct"":70.4},{""code"":""ES"",""name"":""Hiszpania"",""score"":0.6985,""matchPct"":69.9},{""code"":""US"",""name"":""USA"",""score"":0.698,""matchPct"":69.8},{""code"":""GR"",""name"":""Grecja"",""score"":0.698,""matchPct"":69.8},{""code"":""JP"",""name"":""Japonia"",""score"":0.6915,""matchPct"":69.2},{""code"":""TH"",""name"":""Tajlandia"",""score"":0.6629999999999999,""matchPct"":66.3},{""code"":""ID"",""name"":""Indonezja"",""score"":0.6625000000000001,""matchPct"":66.3},{""code"":""GE"",""name"":""Gruzja"",""score"":0.661,""matchPct"":66.1},{""code"":""HR"",""name"":""Chorwacja"",""score"":0.6575,""matchPct"":65.8}]",aspirations,wsm,reality,3,3,2,2,2,1,4,4,3,C,reality,false,"Bo są to kraje które chce odwiedzić, są to kraje europejskie w większości. Chciałabym jeszcze do tej listy dopisać Japonię",trudno_powiedziec
388124e5-c796-43a2-a192-babdb1e2a7fd,2026-05-04 17:18:41.103051+00,Kobieta,18-25 lat,Raz na kilka lat,0.13,0.1,0.1,0.12,0.25,0.3,"Chiny (77.8%), Włochy (75.4%), Hiszpania (73%), Gruzja (67.9%), Japonia (67.4%), Chorwacja (66.4%), Francja (66.3%), Słowenia (66%), Andora (65.4%), Portugalia (64.7%)","[{""code"":""CN"",""name"":""Chiny"",""score"":0.7778,""matchPct"":77.8},{""code"":""IT"",""name"":""Włochy"",""score"":0.7541,""matchPct"":75.4},{""code"":""ES"",""name"":""Hiszpania"",""score"":0.7301,""matchPct"":73},{""code"":""GE"",""name"":""Gruzja"",""score"":0.6793,""matchPct"":67.9},{""code"":""JP"",""name"":""Japonia"",""score"":0.6738999999999999,""matchPct"":67.4},{""code"":""HR"",""name"":""Chorwacja"",""score"":0.6644,""matchPct"":66.4},{""code"":""FR"",""name"":""Francja"",""score"":0.6629,""matchPct"":66.3},{""code"":""SI"",""name"":""Słowenia"",""score"":0.6599,""matchPct"":66},{""code"":""AD"",""name"":""Andora"",""score"":0.6535,""matchPct"":65.4},{""code"":""PT"",""name"":""Portugalia"",""score"":0.6473,""matchPct"":64.7}]",reality,aspirations,wsm,3,2,2,3,2,3,2,4,3,B,aspirations,false,"Oczywiste jest, że nie każda lista jest dla mnie idealnym wyborem. Z listy A wybrałabym 4/5 destynacji ale nie są one dla mnie pierwszym wyborem, z listy B wybrałabym 5 (z których 3 w o wiele większym stopniu mi się podoba (w porównaniu do innych list)(nr. 2, 3, 4). Lista C natomiast zawiera kraje które wybrałabym w następnej kolejności ( z faworyzacją nr.1, 5).",tak
38918cf8-5345-4b43-b88a-eae8ba6a04d2,2026-05-04 17:15:18.64457+00,Mężczyzna,18-25 lat,Raz na kilka lat,0.1,0.05,0.25,0.2,0.24,0.16,"Chiny (81%), Włochy (78.1%), USA (71.8%), Hiszpania (71.6%), Francja (69.6%), Japonia (67.1%), Indie (65.6%), Gruzja (65.3%), Słowenia (64.2%), Kanada (63.6%)","[{""code"":""CN"",""name"":""Chiny"",""score"":0.8099000000000001,""matchPct"":81},{""code"":""IT"",""name"":""Włochy"",""score"":0.7809999999999999,""matchPct"":78.1},{""code"":""US"",""name"":""USA"",""score"":0.7184999999999999,""matchPct"":71.8},{""code"":""ES"",""name"":""Hiszpania"",""score"":0.7163,""matchPct"":71.6},{""code"":""FR"",""name"":""Francja"",""score"":0.6959000000000001,""matchPct"":69.6},{""code"":""JP"",""name"":""Japonia"",""score"":0.6711,""matchPct"":67.1},{""code"":""IN"",""name"":""Indie"",""score"":0.6555,""matchPct"":65.6},{""code"":""GE"",""name"":""Gruzja"",""score"":0.6528999999999999,""matchPct"":65.3},{""code"":""SI"",""name"":""Słowenia"",""score"":0.6419,""matchPct"":64.2},{""code"":""CA"",""name"":""Kanada"",""score"":0.6355000000000001,""matchPct"":63.6}]",reality,wsm,aspirations,5,3,5,4,2,4,4,5,5,A,reality,false,,trudno_powiedziec
393b9877-d9e4-46eb-b6f2-0f6c52cc6114,2026-05-04 17:14:16.13385+00,Kobieta,18-25 lat,Raz na kilka lat,0.16,0.07,0.32,0,0.15,0.3,"Chiny (84.1%), Włochy (72.8%), USA (65.1%), Japonia (64.3%), Hiszpania (61.8%), Indie (61.5%), Gruzja (59.1%), Francja (59%), Słowenia (58.9%), Kanada (56.7%)","[{""code"":""CN"",""name"":""Chiny"",""score"":0.841,""matchPct"":84.1},{""code"":""IT"",""name"":""Włochy"",""score"":0.7275,""matchPct"":72.8},{""code"":""US"",""name"":""USA"",""score"":0.6514,""matchPct"":65.1},{""code"":""JP"",""name"":""Japonia"",""score"":0.6426000000000001,""matchPct"":64.3},{""code"":""ES"",""name"":""Hiszpania"",""score"":0.6184999999999999,""matchPct"":61.8},{""code"":""IN"",""name"":""Indie"",""score"":0.6148,""matchPct"":61.5},{""code"":""GE"",""name"":""Gruzja"",""score"":0.5906,""matchPct"":59.1},{""code"":""FR"",""name"":""Francja"",""score"":0.5896,""matchPct"":59},{""code"":""SI"",""name"":""Słowenia"",""score"":0.5887,""matchPct"":58.9},{""code"":""CA"",""name"":""Kanada"",""score"":0.567,""matchPct"":56.7}]",reality,aspirations,wsm,4,2,3,5,2,5,3,4,2,B,aspirations,false,"Lista A miała kierunki bezpieczne i osiągalne aczkolwiek średnio mnie interesujące, lista C miała po części kierunki nieosiągalne i drogie, lista B miała większość wymarzonych kierunków.",tak
399f94ce-cb95-41b1-b6a8-e16f0ad33ba1,2026-05-04 20:04:58.236114+00,Kobieta,18-25 lat,Raz w roku,0.2,0.15,0.15,0.15,0.1,0.25,"Chiny (76.2%), Włochy (75.7%), Hiszpania (67.6%), Japonia (65.4%), Francja (64.8%), USA (64.6%), Indie (59.7%), Grecja (58.5%), Gruzja (55.5%), Słowenia (55.1%)","[{""code"":""CN"",""name"":""Chiny"",""score"":0.7615000000000001,""matchPct"":76.2},{""code"":""IT"",""name"":""Włochy"",""score"":0.7565,""matchPct"":75.7},{""code"":""ES"",""name"":""Hiszpania"",""score"":0.6755,""matchPct"":67.6},{""code"":""JP"",""name"":""Japonia"",""score"":0.6535,""matchPct"":65.4},{""code"":""FR"",""name"":""Francja"",""score"":0.6475,""matchPct"":64.8},{""code"":""US"",""name"":""USA"",""score"":0.6460000000000001,""matchPct"":64.6},{""code"":""IN"",""name"":""Indie"",""score"":0.5965,""matchPct"":59.7},{""code"":""GR"",""name"":""Grecja"",""score"":0.585,""matchPct"":58.5},{""code"":""GE"",""name"":""Gruzja"",""score"":0.555,""matchPct"":55.5},{""code"":""SI"",""name"":""Słowenia"",""score"":0.5505,""matchPct"":55.1}]",reality,aspirations,wsm,3,4,5,4,3,5,2,1,1,C,wsm,false,,tak
3a3bdfbc-0bb2-4c97-bcde-c37bf141f535,2026-05-02 06:30:16.248693+00,Kobieta,26-35 lat,Raz na kilka lat,0.52,0.48,0,0,0,0,"Włochy (80.8%), Francja (63.1%), Meksyk (56.2%), Indie (55.9%), Hiszpania (55.2%), Grecja (54.4%), Chiny (52.4%), USA (52.3%), Tajlandia (48%), Australia (47.7%)","[{""code"":""IT"",""name"":""Włochy"",""score"":0.808,""matchPct"":80.8},{""code"":""FR"",""name"":""Francja"",""score"":0.6312,""matchPct"":63.1},{""code"":""MX"",""name"":""Meksyk"",""score"":0.5616,""matchPct"":56.2},{""code"":""IN"",""name"":""Indie"",""score"":0.5588,""matchPct"":55.9},{""code"":""ES"",""name"":""Hiszpania"",""score"":0.5516,""matchPct"":55.2},{""code"":""GR"",""name"":""Grecja"",""score"":0.5444,""matchPct"":54.4},{""code"":""CN"",""name"":""Chiny"",""score"":0.5244,""matchPct"":52.4},{""code"":""US"",""name"":""USA"",""score"":0.5232,""matchPct"":52.3},{""code"":""TH"",""name"":""Tajlandia"",""score"":0.4804,""matchPct"":48},{""code"":""AU"",""name"":""Australia"",""score"":0.47720000000000007,""matchPct"":47.7}]",wsm,aspirations,reality,3,3,3,3,3,3,3,3,3,B,aspirations,false,,tak
3a48d775-347f-4d12-b576-71954ed51978,2026-05-03 09:31:44.170933+00,Mężczyzna,36-45 lat,Raz w roku,0.15,0.2,0.05,0.1,0.2,0.3,"Włochy (73.8%), Chiny (73%), Hiszpania (70.8%), Japonia (65.7%), Grecja (64.6%), Francja (63.9%), Gruzja (62.6%), Chorwacja (62.3%), Indie (61.3%), Słowenia (60.6%)","[{""code"":""IT"",""name"":""Włochy"",""score"":0.738,""matchPct"":73.8},{""code"":""CN"",""name"":""Chiny"",""score"":0.7304999999999999,""matchPct"":73},{""code"":""ES"",""name"":""Hiszpania"",""score"":0.7075,""matchPct"":70.8},{""code"":""JP"",""name"":""Japonia"",""score"":0.657,""matchPct"":65.7},{""code"":""GR"",""name"":""Grecja"",""score"":0.646,""matchPct"":64.6},{""code"":""FR"",""name"":""Francja"",""score"":0.639,""matchPct"":63.9},{""code"":""GE"",""name"":""Gruzja"",""score"":0.626,""matchPct"":62.6},{""code"":""HR"",""name"":""Chorwacja"",""score"":0.6225,""matchPct"":62.3},{""code"":""IN"",""name"":""Indie"",""score"":0.6125,""matchPct"":61.3},{""code"":""SI"",""name"":""Słowenia"",""score"":0.6055,""matchPct"":60.6}]",aspirations,wsm,reality,4,4,5,2,2,5,5,4,4,B,wsm,false,,tak
3a771fa2-e11c-4703-9636-bd264c0bd613,2026-05-04 17:07:43.823429+00,Kobieta,18-25 lat,Raz na kilka lat,0.2,0.2,0.15,0,0.15,0.3,"Chiny (75%), Włochy (72.6%), Hiszpania (63.7%), Japonia (62.1%), Indie (60.1%), Francja (59.4%), USA (58.8%), Grecja (56.1%), Gruzja (55.8%), Wietnam (54%)","[{""code"":""CN"",""name"":""Chiny"",""score"":0.7494999999999999,""matchPct"":75},{""code"":""IT"",""name"":""Włochy"",""score"":0.7264999999999999,""matchPct"":72.6},{""code"":""ES"",""name"":""Hiszpania"",""score"":0.637,""matchPct"":63.7},{""code"":""JP"",""name"":""Japonia"",""score"":0.6205,""matchPct"":62.1},{""code"":""IN"",""name"":""Indie"",""score"":0.6005,""matchPct"":60.1},{""code"":""FR"",""name"":""Francja"",""score"":0.5935,""matchPct"":59.4},{""code"":""US"",""name"":""USA"",""score"":0.5884999999999999,""matchPct"":58.8},{""code"":""GR"",""name"":""Grecja"",""score"":0.561,""matchPct"":56.1},{""code"":""GE"",""name"":""Gruzja"",""score"":0.5575,""matchPct"":55.8},{""code"":""VN"",""name"":""Wietnam"",""score"":0.54,""matchPct"":54}]",wsm,reality,aspirations,3,3,4,4,4,4,4,4,4,B,reality,false,,tak
3ada215d-de3d-4e7c-86f9-7f6d48fedbed,2026-05-04 19:31:25.952322+00,Mężczyzna,18-25 lat,2-3 razy w roku,0.3,0,0.3,0.2,0.1,0.1,"Włochy (83%), Chiny (80.9%), Francja (71%), USA (70%), Hiszpania (66%), Indie (61.6%), Japonia (61.5%), Wielka Brytania (57.7%), Kanada (57%), Turcja (52.1%)","[{""code"":""IT"",""name"":""Włochy"",""score"":0.8300000000000001,""matchPct"":83},{""code"":""CN"",""name"":""Chiny"",""score"":0.8089999999999999,""matchPct"":80.9},{""code"":""FR"",""name"":""Francja"",""score"":0.7100000000000001,""matchPct"":71},{""code"":""US"",""name"":""USA"",""score"":0.7000000000000001,""matchPct"":70},{""code"":""ES"",""name"":""Hiszpania"",""score"":0.6599999999999999,""matchPct"":66},{""code"":""IN"",""name"":""Indie"",""score"":0.616,""matchPct"":61.6},{""code"":""JP"",""name"":""Japonia"",""score"":0.6149999999999999,""matchPct"":61.5},{""code"":""GB"",""name"":""Wielka Brytania"",""score"":0.5770000000000001,""matchPct"":57.7},{""code"":""CA"",""name"":""Kanada"",""score"":0.5700000000000001,""matchPct"":57},{""code"":""TR"",""name"":""Turcja"",""score"":0.5210000000000001,""matchPct"":52.1}]",reality,aspirations,wsm,4,5,4,4,5,4,4,5,2,C,wsm,false,Interesują mnie kraje azjatyckie,nie
3bf87ce9-13a3-4dfc-8b02-e9edede97df7,2026-05-04 17:12:39.263713+00,Kobieta,18-25 lat,2-3 razy w roku,0.4,0,0.2,0.1,0.2,0.1,"Włochy (85.9%), Chiny (76.6%), Francja (72.4%), Hiszpania (67%), Indie (62.6%), USA (59.5%), Wielka Brytania (58.4%), Japonia (55.8%), Turcja (51.9%), Grecja (50.5%)","[{""code"":""IT"",""name"":""Włochy"",""score"":0.859,""matchPct"":85.9},{""code"":""CN"",""name"":""Chiny"",""score"":0.766,""matchPct"":76.6},{""code"":""FR"",""name"":""Francja"",""score"":0.7240000000000001,""matchPct"":72.4},{""code"":""ES"",""name"":""Hiszpania"",""score"":0.67,""matchPct"":67},{""code"":""IN"",""name"":""Indie"",""score"":0.6260000000000001,""matchPct"":62.6},{""code"":""US"",""name"":""USA"",""score"":0.595,""matchPct"":59.5},{""code"":""GB"",""name"":""Wielka Brytania"",""score"":0.5840000000000001,""matchPct"":58.4},{""code"":""JP"",""name"":""Japonia"",""score"":0.558,""matchPct"":55.8},{""code"":""TR"",""name"":""Turcja"",""score"":0.5190000000000001,""matchPct"":51.9},{""code"":""GR"",""name"":""Grecja"",""score"":0.5050000000000001,""matchPct"":50.5}]",wsm,aspirations,reality,4,2,4,2,2,4,5,4,4,C,reality,false,,tak
3c4c8ce5-ed59-4847-84e4-e5f7f5d42f0f,2026-05-04 17:09:29.950335+00,Kobieta,18-25 lat,Raz w roku,0.4,0.2,0.2,0,0.1,0.1,"Włochy (80.4%), Chiny (70%), Francja (64%), Indie (59.7%), USA (58.5%), Hiszpania (58.5%), Japonia (51.9%), Meksyk (49.2%), Grecja (49%), Turcja (44.9%)","[{""code"":""IT"",""name"":""Włochy"",""score"":0.804,""matchPct"":80.4},{""code"":""CN"",""name"":""Chiny"",""score"":0.7,""matchPct"":70},{""code"":""FR"",""name"":""Francja"",""score"":0.64,""matchPct"":64},{""code"":""IN"",""name"":""Indie"",""score"":0.5970000000000001,""matchPct"":59.7},{""code"":""US"",""name"":""USA"",""score"":0.5850000000000001,""matchPct"":58.5},{""code"":""ES"",""name"":""Hiszpania"",""score"":0.585,""matchPct"":58.5},{""code"":""JP"",""name"":""Japonia"",""score"":0.519,""matchPct"":51.9},{""code"":""MX"",""name"":""Meksyk"",""score"":0.49200000000000005,""matchPct"":49.2},{""code"":""GR"",""name"":""Grecja"",""score"":0.49000000000000005,""matchPct"":49},{""code"":""TR"",""name"":""Turcja"",""score"":0.44900000000000007,""matchPct"":44.9}]",aspirations,wsm,reality,2,3,4,4,2,5,1,4,2,A,aspirations,false,,tak
3c7551fa-6ce2-4035-9252-cbb05ab803c7,2026-05-04 19:34:35.128113+00,Mężczyzna,18-25 lat,Raz w roku,0.1,0.05,0.15,0.1,0.4,0.2,"Włochy (78.5%), Chiny (78.5%), Hiszpania (75.1%), Gruzja (73%), Francja (70.1%), Chorwacja (69%), Słowenia (68.9%), Andora (68.5%), Indie (68.4%), Portugalia (68.1%)","[{""code"":""IT"",""name"":""Włochy"",""score"":0.785,""matchPct"":78.5},{""code"":""CN"",""name"":""Chiny"",""score"":0.7845,""matchPct"":78.5},{""code"":""ES"",""name"":""Hiszpania"",""score"":0.7505000000000001,""matchPct"":75.1},{""code"":""GE"",""name"":""Gruzja"",""score"":0.7295,""matchPct"":73},{""code"":""FR"",""name"":""Francja"",""score"":0.7005,""matchPct"":70.1},{""code"":""HR"",""name"":""Chorwacja"",""score"":0.6900000000000001,""matchPct"":69},{""code"":""SI"",""name"":""Słowenia"",""score"":0.6885000000000001,""matchPct"":68.9},{""code"":""AD"",""name"":""Andora"",""score"":0.6845000000000001,""matchPct"":68.5},{""code"":""IN"",""name"":""Indie"",""score"":0.6835,""matchPct"":68.4},{""code"":""PT"",""name"":""Portugalia"",""score"":0.6805000000000001,""matchPct"":68.1}]",wsm,reality,aspirations,4,4,5,4,2,5,3,5,2,C,aspirations,false,,trudno_powiedziec
3c911867-4b87-4755-a672-7e11a63d1497,2026-05-02 04:49:03.860127+00,Kobieta,36-45 lat,2-3 razy w roku,0.25,0.2,0.15,0.1,0.1,0.2,"Włochy (76.4%), Chiny (72.8%), Hiszpania (64.6%), Francja (63.9%), USA (62.7%), Japonia (61%), Indie (59.7%), Grecja (57%), Tajlandia (51.9%), Australia (51.9%)","[{""code"":""IT"",""name"":""Włochy"",""score"":0.7639999999999999,""matchPct"":76.4},{""code"":""CN"",""name"":""Chiny"",""score"":0.7275,""matchPct"":72.8},{""code"":""ES"",""name"":""Hiszpania"",""score"":0.6455,""matchPct"":64.6},{""code"":""FR"",""name"":""Francja"",""score"":0.639,""matchPct"":63.9},{""code"":""US"",""name"":""USA"",""score"":0.6265,""matchPct"":62.7},{""code"":""JP"",""name"":""Japonia"",""score"":0.6100000000000001,""matchPct"":61},{""code"":""IN"",""name"":""Indie"",""score"":0.5965,""matchPct"":59.7},{""code"":""GR"",""name"":""Grecja"",""score"":0.5700000000000001,""matchPct"":57},{""code"":""TH"",""name"":""Tajlandia"",""score"":0.519,""matchPct"":51.9},{""code"":""AU"",""name"":""Australia"",""score"":0.5185000000000001,""matchPct"":51.9}]",aspirations,wsm,reality,5,4,5,3,3,4,4,5,3,B,wsm,false,Chiny jako kolejny cel podrózniczy,tak
3cb0e491-8bbc-4e6d-a261-c6d9f774052f,2026-05-04 17:20:10.658351+00,Kobieta,18-25 lat,Raz na kilka lat,0.1,0,0.1,0.2,0.3,0.3,"Chiny (81.5%), Hiszpania (78.4%), Włochy (77.8%), Andora (77.4%), Gruzja (75.1%), Portugalia (73.7%), Holandia (73.7%), Chorwacja (73.6%), Czechy (73.5%), Finlandia (73.5%)","[{""code"":""CN"",""name"":""Chiny"",""score"":0.815,""matchPct"":81.5},{""code"":""ES"",""name"":""Hiszpania"",""score"":0.784,""matchPct"":78.4},{""code"":""IT"",""name"":""Włochy"",""score"":0.778,""matchPct"":77.8},{""code"":""AD"",""name"":""Andora"",""score"":0.774,""matchPct"":77.4},{""code"":""GE"",""name"":""Gruzja"",""score"":0.751,""matchPct"":75.1},{""code"":""PT"",""name"":""Portugalia"",""score"":0.7370000000000001,""matchPct"":73.7},{""code"":""NL"",""name"":""Holandia"",""score"":0.7370000000000001,""matchPct"":73.7},{""code"":""HR"",""name"":""Chorwacja"",""score"":0.7360000000000001,""matchPct"":73.6},{""code"":""CZ"",""name"":""Czechy"",""score"":0.7350000000000001,""matchPct"":73.5},{""code"":""FI"",""name"":""Finlandia"",""score"":0.735,""matchPct"":73.5}]",wsm,aspirations,reality,3,2,2,2,2,1,3,3,2,A,wsm,false,,tak
3d14f2e9-3da9-4074-a8b3-e613b5f98130,2026-05-04 08:10:02.725501+00,Kobieta,26-35 lat,Raz na kilka lat,0.13,0.25,0,0.25,0.12,0.25,"Włochy (74.7%), Hiszpania (73.7%), Grecja (70.2%), Chiny (70%), Japonia (68.8%), Francja (67.4%), USA (64.9%), Singapur (64.8%), Tajlandia (63.3%), Australia (63.1%)","[{""code"":""IT"",""name"":""Włochy"",""score"":0.7469,""matchPct"":74.7},{""code"":""ES"",""name"":""Hiszpania"",""score"":0.7372,""matchPct"":73.7},{""code"":""GR"",""name"":""Grecja"",""score"":0.702,""matchPct"":70.2},{""code"":""CN"",""name"":""Chiny"",""score"":0.6996,""matchPct"":70},{""code"":""JP"",""name"":""Japonia"",""score"":0.6877,""matchPct"":68.8},{""code"":""FR"",""name"":""Francja"",""score"":0.6735,""matchPct"":67.4},{""code"":""US"",""name"":""USA"",""score"":0.6491,""matchPct"":64.9},{""code"":""SG"",""name"":""Singapur"",""score"":0.6477999999999999,""matchPct"":64.8},{""code"":""TH"",""name"":""Tajlandia"",""score"":0.6334,""matchPct"":63.3},{""code"":""AU"",""name"":""Australia"",""score"":0.6314000000000001,""matchPct"":63.1}]",wsm,aspirations,reality,4,4,3,3,2,2,3,3,3,A,wsm,false,"Są to miejsca, które chciałabym odwiedzić i sa w moim zasięgu budzetowym. Lista B jest zdecydowanie poza moim zasiegiem",trudno_powiedziec
3d548ba1-0295-44a0-b1f5-13b759c0be4f,2026-05-04 17:07:59.263446+00,Kobieta,18-25 lat,Raz w roku,0.23,0.27,0.16,0,0.14,0.2,"Włochy (74%), Chiny (70.5%), Hiszpania (61.3%), Indie (60.6%), USA (60.4%), Francja (60%), Japonia (58.1%), Grecja (57.1%), Tajlandia (53.8%), Indonezja (52.7%)","[{""code"":""IT"",""name"":""Włochy"",""score"":0.7398,""matchPct"":74},{""code"":""CN"",""name"":""Chiny"",""score"":0.7050000000000001,""matchPct"":70.5},{""code"":""ES"",""name"":""Hiszpania"",""score"":0.6126,""matchPct"":61.3},{""code"":""IN"",""name"":""Indie"",""score"":0.6058,""matchPct"":60.6},{""code"":""US"",""name"":""USA"",""score"":0.6038,""matchPct"":60.4},{""code"":""FR"",""name"":""Francja"",""score"":0.5997,""matchPct"":60},{""code"":""JP"",""name"":""Japonia"",""score"":0.5809,""matchPct"":58.1},{""code"":""GR"",""name"":""Grecja"",""score"":0.5707,""matchPct"":57.1},{""code"":""TH"",""name"":""Tajlandia"",""score"":0.5377,""matchPct"":53.8},{""code"":""ID"",""name"":""Indonezja"",""score"":0.5268,""matchPct"":52.7}]",reality,wsm,aspirations,1,1,1,1,1,1,2,3,3,A,reality,false,,tak
3d703c2b-5be7-44c8-8985-f6d221124cc4,2026-05-04 17:33:49.904166+00,Mężczyzna,36-45 lat,2-3 razy w roku,0.31,0.35,0.34,0,0,0,"Włochy (75.8%), USA (69.3%), Chiny (67.9%), Indie (59.5%), Meksyk (59.2%), Francja (58.3%), Brazylia (52.3%), Japonia (50.8%), Hiszpania (50.4%), Australia (49.9%)","[{""code"":""IT"",""name"":""Włochy"",""score"":0.758,""matchPct"":75.8},{""code"":""US"",""name"":""USA"",""score"":0.6932,""matchPct"":69.3},{""code"":""CN"",""name"":""Chiny"",""score"":0.6788000000000001,""matchPct"":67.9},{""code"":""IN"",""name"":""Indie"",""score"":0.5952000000000001,""matchPct"":59.5},{""code"":""MX"",""name"":""Meksyk"",""score"":0.592,""matchPct"":59.2},{""code"":""FR"",""name"":""Francja"",""score"":0.5831,""matchPct"":58.3},{""code"":""BR"",""name"":""Brazylia"",""score"":0.5231,""matchPct"":52.3},{""code"":""JP"",""name"":""Japonia"",""score"":0.5079,""matchPct"":50.8},{""code"":""ES"",""name"":""Hiszpania"",""score"":0.5042,""matchPct"":50.4},{""code"":""AU"",""name"":""Australia"",""score"":0.4994,""matchPct"":49.9}]",reality,aspirations,wsm,2,2,2,2,2,2,2,3,3,A,reality,false,,trudno_powiedziec
3e290222-394a-40d6-bdad-65d2c33753cc,2026-05-01 19:53:22.019633+00,Kobieta,26-35 lat,2-3 razy w roku,0.25,0.15,0.1,0.15,0.05,0.3,"Włochy (75.7%), Chiny (75.5%), Hiszpania (67.6%), Japonia (65.6%), Francja (64.3%), USA (61.2%), Indie (57.3%), Grecja (56.3%), Holandia (55.7%), Singapur (54.2%)","[{""code"":""IT"",""name"":""Włochy"",""score"":0.7565,""matchPct"":75.7},{""code"":""CN"",""name"":""Chiny"",""score"":0.7549999999999999,""matchPct"":75.5},{""code"":""ES"",""name"":""Hiszpania"",""score"":0.6755,""matchPct"":67.6},{""code"":""JP"",""name"":""Japonia"",""score"":0.656,""matchPct"":65.6},{""code"":""FR"",""name"":""Francja"",""score"":0.6425,""matchPct"":64.3},{""code"":""US"",""name"":""USA"",""score"":0.6120000000000001,""matchPct"":61.2},{""code"":""IN"",""name"":""Indie"",""score"":0.5725,""matchPct"":57.3},{""code"":""GR"",""name"":""Grecja"",""score"":0.563,""matchPct"":56.3},{""code"":""NL"",""name"":""Holandia"",""score"":0.557,""matchPct"":55.7},{""code"":""SG"",""name"":""Singapur"",""score"":0.5415,""matchPct"":54.2}]",reality,wsm,aspirations,4,4,4,5,4,5,2,5,3,C,aspirations,false,"Lista C najciekawsze kierunki, lista A najmniej dla mnie ciekawe",tak
3e66502f-cba9-41e1-928a-a6928f6d509c,2026-05-04 17:41:54.805816+00,Mężczyzna,18-25 lat,Raz w roku,0,0.4,0.15,0.1,0.1,0.25,"USA (70.1%), Chiny (70%), Grecja (68.7%), Tajlandia (68.7%), Indonezja (67.9%), Japonia (67%), Australia (66.8%), Włochy (66.3%), Hiszpania (63.7%), Filipiny (63%)","[{""code"":""US"",""name"":""USA"",""score"":0.7010000000000001,""matchPct"":70.1},{""code"":""CN"",""name"":""Chiny"",""score"":0.6995,""matchPct"":70},{""code"":""GR"",""name"":""Grecja"",""score"":0.687,""matchPct"":68.7},{""code"":""TH"",""name"":""Tajlandia"",""score"":0.6865,""matchPct"":68.7},{""code"":""ID"",""name"":""Indonezja"",""score"":0.6785000000000001,""matchPct"":67.9},{""code"":""JP"",""name"":""Japonia"",""score"":0.67,""matchPct"":67},{""code"":""AU"",""name"":""Australia"",""score"":0.6675000000000001,""matchPct"":66.8},{""code"":""IT"",""name"":""Włochy"",""score"":0.6625,""matchPct"":66.3},{""code"":""ES"",""name"":""Hiszpania"",""score"":0.6365000000000001,""matchPct"":63.7},{""code"":""PH"",""name"":""Filipiny"",""score"":0.6300000000000001,""matchPct"":63}]",aspirations,wsm,reality,4,4,3,5,4,3,4,4,3,A,aspirations,false,,tak
3eba3a38-5c7f-4da9-9bc5-25360202fa39,2026-05-04 19:31:10.101705+00,Mężczyzna,18-25 lat,2-3 razy w roku,0.4,0.1,0.1,0.2,0,0.2,"Włochy (82%), Chiny (73.7%), Francja (69.5%), Hiszpania (66.9%), Japonia (61.1%), USA (60.3%), Indie (56.1%), Wielka Brytania (54.2%), Holandia (52.2%), Grecja (51.5%)","[{""code"":""IT"",""name"":""Włochy"",""score"":0.8200000000000001,""matchPct"":82},{""code"":""CN"",""name"":""Chiny"",""score"":0.7370000000000001,""matchPct"":73.7},{""code"":""FR"",""name"":""Francja"",""score"":0.695,""matchPct"":69.5},{""code"":""ES"",""name"":""Hiszpania"",""score"":0.6689999999999999,""matchPct"":66.9},{""code"":""JP"",""name"":""Japonia"",""score"":0.6110000000000001,""matchPct"":61.1},{""code"":""US"",""name"":""USA"",""score"":0.6029999999999999,""matchPct"":60.3},{""code"":""IN"",""name"":""Indie"",""score"":0.561,""matchPct"":56.1},{""code"":""GB"",""name"":""Wielka Brytania"",""score"":0.542,""matchPct"":54.2},{""code"":""NL"",""name"":""Holandia"",""score"":0.522,""matchPct"":52.2},{""code"":""GR"",""name"":""Grecja"",""score"":0.515,""matchPct"":51.5}]",reality,wsm,aspirations,4,5,3,3,5,4,3,5,3,B,wsm,false,,tak
3ecc8641-c37c-4e35-946e-117c447b1562,2026-05-05 23:43:51.414378+00,Mężczyzna,18-25 lat,Raz na kilka lat,0.21,0,0.15,0.26,0.18,0.2,"Włochy (81.4%), Chiny (80%), Hiszpania (74.7%), Francja (73.2%), Japonia (67.6%), USA (66.9%), Wielka Brytania (65.3%), Holandia (65.1%), Andora (64.6%), Austria (62.6%)","[{""code"":""IT"",""name"":""Włochy"",""score"":0.8144,""matchPct"":81.4},{""code"":""CN"",""name"":""Chiny"",""score"":0.8003,""matchPct"":80},{""code"":""ES"",""name"":""Hiszpania"",""score"":0.7471,""matchPct"":74.7},{""code"":""FR"",""name"":""Francja"",""score"":0.7322,""matchPct"":73.2},{""code"":""JP"",""name"":""Japonia"",""score"":0.6759999999999999,""matchPct"":67.6},{""code"":""US"",""name"":""USA"",""score"":0.6688999999999999,""matchPct"":66.9},{""code"":""GB"",""name"":""Wielka Brytania"",""score"":0.6527999999999999,""matchPct"":65.3},{""code"":""NL"",""name"":""Holandia"",""score"":0.6506000000000001,""matchPct"":65.1},{""code"":""AD"",""name"":""Andora"",""score"":0.6456,""matchPct"":64.6},{""code"":""AT"",""name"":""Austria"",""score"":0.6263000000000001,""matchPct"":62.6}]",wsm,reality,aspirations,4,2,4,2,1,2,1,3,2,A,wsm,false,,tak
3ed8d01f-29a5-45d5-ab49-4c6298b84fc0,2026-05-04 07:10:05.327783+00,Kobieta,46-60 lat,2-3 razy w roku,0.26,0.4,0.22,0,0.12,0,"Włochy (75.8%), USA (65.6%), Chiny (63.3%), Indie (62.1%), Meksyk (61.4%), Francja (60.5%), Grecja (58.7%), Hiszpania (55.8%), Tajlandia (55.2%), Brazylia (53.9%)","[{""code"":""IT"",""name"":""Włochy"",""score"":0.7584,""matchPct"":75.8},{""code"":""US"",""name"":""USA"",""score"":0.6561999999999999,""matchPct"":65.6},{""code"":""CN"",""name"":""Chiny"",""score"":0.633,""matchPct"":63.3},{""code"":""IN"",""name"":""Indie"",""score"":0.621,""matchPct"":62.1},{""code"":""MX"",""name"":""Meksyk"",""score"":0.6142000000000001,""matchPct"":61.4},{""code"":""FR"",""name"":""Francja"",""score"":0.6048000000000001,""matchPct"":60.5},{""code"":""GR"",""name"":""Grecja"",""score"":0.5871999999999999,""matchPct"":58.7},{""code"":""ES"",""name"":""Hiszpania"",""score"":0.5578000000000001,""matchPct"":55.8},{""code"":""TH"",""name"":""Tajlandia"",""score"":0.552,""matchPct"":55.2},{""code"":""BR"",""name"":""Brazylia"",""score"":0.5388000000000001,""matchPct"":53.9}]",aspirations,wsm,reality,5,4,5,3,3,4,5,5,5,C,reality,false,,trudno_powiedziec
4191e72f-1cc9-4ba9-930d-d87395694b21,2026-05-04 17:09:16.270032+00,Kobieta,18-25 lat,Raz na kilka lat,0.05,0.25,0.2,0,0.3,0.2,"Chiny (73.7%), Włochy (71.5%), Indie (66.1%), Grecja (65.9%), Hiszpania (65.7%), USA (65.1%), Gruzja (63.9%), Indonezja (63.6%), Tajlandia (62.6%), Japonia (62.1%)","[{""code"":""CN"",""name"":""Chiny"",""score"":0.7370000000000001,""matchPct"":73.7},{""code"":""IT"",""name"":""Włochy"",""score"":0.715,""matchPct"":71.5},{""code"":""IN"",""name"":""Indie"",""score"":0.6609999999999999,""matchPct"":66.1},{""code"":""GR"",""name"":""Grecja"",""score"":0.6585,""matchPct"":65.9},{""code"":""ES"",""name"":""Hiszpania"",""score"":0.657,""matchPct"":65.7},{""code"":""US"",""name"":""USA"",""score"":0.651,""matchPct"":65.1},{""code"":""GE"",""name"":""Gruzja"",""score"":0.6385000000000001,""matchPct"":63.9},{""code"":""ID"",""name"":""Indonezja"",""score"":0.636,""matchPct"":63.6},{""code"":""TH"",""name"":""Tajlandia"",""score"":0.6255,""matchPct"":62.6},{""code"":""JP"",""name"":""Japonia"",""score"":0.6214999999999999,""matchPct"":62.1}]",wsm,reality,aspirations,1,3,1,1,2,3,1,3,1,A,wsm,false,malo z tych krajów jest podemnie jednak ta ma najciekawsze zestawienie tych ktore bym chciala odwiedzic,nie
422815dd-d351-439a-b76a-7280e4a9afde,2026-05-04 17:58:19.831142+00,Mężczyzna,18-25 lat,Raz w roku,0,0.1,0.4,0,0.2,0.3,"Chiny (86.8%), USA (72.1%), Włochy (68.5%), Japonia (67.9%), Słowenia (67.4%), Gruzja (66.7%), Kanada (65.2%), Indie (64.3%), Finlandia (63.9%), Chorwacja (61.8%)","[{""code"":""CN"",""name"":""Chiny"",""score"":0.8679999999999999,""matchPct"":86.8},{""code"":""US"",""name"":""USA"",""score"":0.7210000000000001,""matchPct"":72.1},{""code"":""IT"",""name"":""Włochy"",""score"":0.685,""matchPct"":68.5},{""code"":""JP"",""name"":""Japonia"",""score"":0.679,""matchPct"":67.9},{""code"":""SI"",""name"":""Słowenia"",""score"":0.674,""matchPct"":67.4},{""code"":""GE"",""name"":""Gruzja"",""score"":0.667,""matchPct"":66.7},{""code"":""CA"",""name"":""Kanada"",""score"":0.652,""matchPct"":65.2},{""code"":""IN"",""name"":""Indie"",""score"":0.643,""matchPct"":64.3},{""code"":""FI"",""name"":""Finlandia"",""score"":0.639,""matchPct"":63.9},{""code"":""HR"",""name"":""Chorwacja"",""score"":0.6180000000000001,""matchPct"":61.8}]",reality,wsm,aspirations,4,4,3,4,4,3,3,4,3,B,wsm,false,,tak
42cd31cc-d4ea-4304-ac99-12eeb3ae3bae,2026-05-04 08:20:19.041998+00,Kobieta,36-45 lat,Raz na kilka lat,0.25,0.25,0.25,0,0,0.25,"Chiny (74.8%), Włochy (71.7%), USA (63.5%), Japonia (59.8%), Indie (57%), Hiszpania (56.3%), Francja (56%), Australia (51.3%), Indonezja (49.3%), Grecja (49.3%)","[{""code"":""CN"",""name"":""Chiny"",""score"":0.7475,""matchPct"":74.8},{""code"":""IT"",""name"":""Włochy"",""score"":0.7174999999999999,""matchPct"":71.7},{""code"":""US"",""name"":""USA"",""score"":0.635,""matchPct"":63.5},{""code"":""JP"",""name"":""Japonia"",""score"":0.5975,""matchPct"":59.8},{""code"":""IN"",""name"":""Indie"",""score"":0.5700000000000001,""matchPct"":57},{""code"":""ES"",""name"":""Hiszpania"",""score"":0.5625,""matchPct"":56.3},{""code"":""FR"",""name"":""Francja"",""score"":0.56,""matchPct"":56},{""code"":""AU"",""name"":""Australia"",""score"":0.5125,""matchPct"":51.3},{""code"":""ID"",""name"":""Indonezja"",""score"":0.49250000000000005,""matchPct"":49.3},{""code"":""GR"",""name"":""Grecja"",""score"":0.4925,""matchPct"":49.3}]",aspirations,reality,wsm,2,2,3,3,2,3,5,2,3,B,reality,false,Kraje bardziej dostosowane do moich preferencji.,tak
4336b52b-bd76-451a-bd10-f74f796f6d3e,2026-05-04 17:14:38.474534+00,Mężczyzna,18-25 lat,Raz na kilka lat,0,0,0.2,0.2,0.6,0,"Włochy (83.8%), Hiszpania (81.8%), Gruzja (81.8%), Turcja (80.4%), Francja (79.2%), Grecja (78.4%), Bułgaria (78.4%), Chiny (78%), Andora (77.8%), Portugalia (77%)","[{""code"":""IT"",""name"":""Włochy"",""score"":0.8380000000000001,""matchPct"":83.8},{""code"":""ES"",""name"":""Hiszpania"",""score"":0.8180000000000001,""matchPct"":81.8},{""code"":""GE"",""name"":""Gruzja"",""score"":0.818,""matchPct"":81.8},{""code"":""TR"",""name"":""Turcja"",""score"":0.804,""matchPct"":80.4},{""code"":""FR"",""name"":""Francja"",""score"":0.792,""matchPct"":79.2},{""code"":""GR"",""name"":""Grecja"",""score"":0.784,""matchPct"":78.4},{""code"":""BG"",""name"":""Bułgaria"",""score"":0.7839999999999999,""matchPct"":78.4},{""code"":""CN"",""name"":""Chiny"",""score"":0.78,""matchPct"":78},{""code"":""AD"",""name"":""Andora"",""score"":0.778,""matchPct"":77.8},{""code"":""PT"",""name"":""Portugalia"",""score"":0.77,""matchPct"":77}]",wsm,reality,aspirations,2,5,3,4,3,4,2,5,2,C,aspirations,false,"Lista A i B : 
- są one sfokusowane na kierunkach turystyki all-inclusive oraz wypoczynkowej
- w większości są to kraje europejskie co oznacza, że kultura jest podobna do tej którą mamy na codzień 
Lista C
-skoncentrowana na krajach egzotyczniejszych (wykluczając usa które jest tragiczym kierunkiem turystycznym  oraz ZEA gdzie aktualnie panują warunkie zagrożenia życia )
- turystka jest bardziej skoncentrowana na bardziej ""Dzikich"" doświadczeniach",trudno_powiedziec
439ca857-611b-4ac4-a53e-893218269fec,2026-05-04 20:27:43.503043+00,Kobieta,18-25 lat,Raz na kilka lat,0.25,0,0.1,0.25,0.15,0.25,"Włochy (81.3%), Chiny (79.4%), Hiszpania (75%), Francja (72.6%), Japonia (67.8%), Holandia (67.1%), Wielka Brytania (64.7%), Andora (64.4%), USA (63.3%), Portugalia (62.3%)","[{""code"":""IT"",""name"":""Włochy"",""score"":0.8130000000000001,""matchPct"":81.3},{""code"":""CN"",""name"":""Chiny"",""score"":0.794,""matchPct"":79.4},{""code"":""ES"",""name"":""Hiszpania"",""score"":0.7494999999999999,""matchPct"":75},{""code"":""FR"",""name"":""Francja"",""score"":0.7264999999999999,""matchPct"":72.6},{""code"":""JP"",""name"":""Japonia"",""score"":0.6775,""matchPct"":67.8},{""code"":""NL"",""name"":""Holandia"",""score"":0.6705,""matchPct"":67.1},{""code"":""GB"",""name"":""Wielka Brytania"",""score"":0.647,""matchPct"":64.7},{""code"":""AD"",""name"":""Andora"",""score"":0.6435,""matchPct"":64.4},{""code"":""US"",""name"":""USA"",""score"":0.6325000000000001,""matchPct"":63.3},{""code"":""PT"",""name"":""Portugalia"",""score"":0.623,""matchPct"":62.3}]",wsm,aspirations,reality,4,3,4,2,4,2,4,3,3,C,reality,false,,tak
43fa5210-3afa-4b1b-aa57-2990f0aac8ea,2026-05-04 19:38:04.243793+00,Kobieta,18-25 lat,Raz w roku,0,0.2,0.03,0.02,0.25,0.5,"Chiny (78%), Gruzja (76.8%), Chorwacja (76.7%), Słowenia (75.9%), Andora (72.8%), Japonia (72.5%), Hiszpania (72.4%), Finlandia (71.5%), Portugalia (71.3%), Singapur (71%)","[{""code"":""CN"",""name"":""Chiny"",""score"":0.7799,""matchPct"":78},{""code"":""GE"",""name"":""Gruzja"",""score"":0.7675000000000001,""matchPct"":76.8},{""code"":""HR"",""name"":""Chorwacja"",""score"":0.7665,""matchPct"":76.7},{""code"":""SI"",""name"":""Słowenia"",""score"":0.759,""matchPct"":75.9},{""code"":""AD"",""name"":""Andora"",""score"":0.7279,""matchPct"":72.8},{""code"":""JP"",""name"":""Japonia"",""score"":0.7247,""matchPct"":72.5},{""code"":""ES"",""name"":""Hiszpania"",""score"":0.724,""matchPct"":72.4},{""code"":""FI"",""name"":""Finlandia"",""score"":0.7154,""matchPct"":71.5},{""code"":""PT"",""name"":""Portugalia"",""score"":0.7128,""matchPct"":71.3},{""code"":""SG"",""name"":""Singapur"",""score"":0.7098,""matchPct"":71}]",wsm,reality,aspirations,4,3,2,2,1,1,4,3,2,B,reality,false,,tak
44606dce-b906-431e-990d-46a48f59f623,2026-05-04 20:34:43.243286+00,Kobieta,18-25 lat,Raz na kilka lat,0.15,0.04,0.04,0.17,0.1,0.5,"Chiny (82.8%), Japonia (74.7%), Hiszpania (74.6%), Andora (74.4%), Holandia (74%), Singapur (73.6%), Włochy (72.4%), Słowenia (71.2%), Chorwacja (71.1%), Finlandia (70.7%)","[{""code"":""CN"",""name"":""Chiny"",""score"":0.8278000000000001,""matchPct"":82.8},{""code"":""JP"",""name"":""Japonia"",""score"":0.7465999999999999,""matchPct"":74.7},{""code"":""ES"",""name"":""Hiszpania"",""score"":0.7456,""matchPct"":74.6},{""code"":""AD"",""name"":""Andora"",""score"":0.7443,""matchPct"":74.4},{""code"":""NL"",""name"":""Holandia"",""score"":0.7396,""matchPct"":74},{""code"":""SG"",""name"":""Singapur"",""score"":0.7357,""matchPct"":73.6},{""code"":""IT"",""name"":""Włochy"",""score"":0.7236,""matchPct"":72.4},{""code"":""SI"",""name"":""Słowenia"",""score"":0.7118,""matchPct"":71.2},{""code"":""HR"",""name"":""Chorwacja"",""score"":0.7110000000000001,""matchPct"":71.1},{""code"":""FI"",""name"":""Finlandia"",""score"":0.7072,""matchPct"":70.7}]",wsm,reality,aspirations,3,2,4,4,2,4,2,2,3,C,aspirations,false,"Lista C posiada najciekawsze i inspirujące kierunki, wśród nich jest również kraj, który bardzo chciałabym odwiedzić",trudno_powiedziec
44aed342-8efd-45ce-92ff-c23776607602,2026-05-04 17:26:42.262689+00,Mężczyzna,18-25 lat,Raz w roku,0.25,0.05,0.25,0.2,0.1,0.15,"Włochy (80.4%), Chiny (79.6%), USA (69.2%), Francja (69.2%), Hiszpania (67.2%), Japonia (63.7%), Indie (61.1%), Wielka Brytania (57%), Kanada (55.9%), Grecja (54.7%)","[{""code"":""IT"",""name"":""Włochy"",""score"":0.8035,""matchPct"":80.4},{""code"":""CN"",""name"":""Chiny"",""score"":0.7955,""matchPct"":79.6},{""code"":""US"",""name"":""USA"",""score"":0.6920000000000001,""matchPct"":69.2},{""code"":""FR"",""name"":""Francja"",""score"":0.692,""matchPct"":69.2},{""code"":""ES"",""name"":""Hiszpania"",""score"":0.6715,""matchPct"":67.2},{""code"":""JP"",""name"":""Japonia"",""score"":0.6365,""matchPct"":63.7},{""code"":""IN"",""name"":""Indie"",""score"":0.611,""matchPct"":61.1},{""code"":""GB"",""name"":""Wielka Brytania"",""score"":0.5695,""matchPct"":57},{""code"":""CA"",""name"":""Kanada"",""score"":0.5589999999999999,""matchPct"":55.9},{""code"":""GR"",""name"":""Grecja"",""score"":0.5465,""matchPct"":54.7}]",wsm,reality,aspirations,4,3,5,3,1,5,4,5,3,A,wsm,false,"Lista, którą wybrałem daje mi kompromis między krajami wymarzonymi do zwiedzenia natomiast średnio dostępnymi finansowo a krajami, które z przyjemnością by się zwiedziło i są dostępne finansowo.",tak
44f4eab3-2dd6-4fe0-975d-e999900fd842,2026-05-02 09:39:20.702031+00,Kobieta,18-25 lat,2-3 razy w roku,0.25,0.25,0,0.23,0.11,0.16,"Włochy (78.9%), Hiszpania (71.4%), Francja (69.8%), Chiny (66.7%), Grecja (66.4%), Japonia (62.8%), USA (62.4%), Indie (59.6%), Australia (57.8%), Tajlandia (57.7%)","[{""code"":""IT"",""name"":""Włochy"",""score"":0.7893,""matchPct"":78.9},{""code"":""ES"",""name"":""Hiszpania"",""score"":0.7139,""matchPct"":71.4},{""code"":""FR"",""name"":""Francja"",""score"":0.6975000000000001,""matchPct"":69.8},{""code"":""CN"",""name"":""Chiny"",""score"":0.6672000000000001,""matchPct"":66.7},{""code"":""GR"",""name"":""Grecja"",""score"":0.664,""matchPct"":66.4},{""code"":""JP"",""name"":""Japonia"",""score"":0.6284,""matchPct"":62.8},{""code"":""US"",""name"":""USA"",""score"":0.6236,""matchPct"":62.4},{""code"":""IN"",""name"":""Indie"",""score"":0.5961,""matchPct"":59.6},{""code"":""AU"",""name"":""Australia"",""score"":0.5778,""matchPct"":57.8},{""code"":""TH"",""name"":""Tajlandia"",""score"":0.5774,""matchPct"":57.7}]",reality,wsm,aspirations,3,3,3,4,3,4,2,4,1,B,wsm,false,,tak
4584ee20-143f-4d86-8055-f32ec9495237,2026-05-04 17:18:29.609475+00,Kobieta,18-25 lat,Raz w roku,0.05,0.1,0.2,0.2,0.05,0.4,"Chiny (84.2%), Japonia (75.2%), USA (70.1%), Włochy (69.8%), Hiszpania (69.6%), Słowenia (69.3%), Singapur (68.2%), Andora (67.9%), Finlandia (67.3%), Chorwacja (66.8%)","[{""code"":""CN"",""name"":""Chiny"",""score"":0.8420000000000001,""matchPct"":84.2},{""code"":""JP"",""name"":""Japonia"",""score"":0.7515000000000001,""matchPct"":75.2},{""code"":""US"",""name"":""USA"",""score"":0.7010000000000001,""matchPct"":70.1},{""code"":""IT"",""name"":""Włochy"",""score"":0.6975,""matchPct"":69.8},{""code"":""ES"",""name"":""Hiszpania"",""score"":0.6955,""matchPct"":69.6},{""code"":""SI"",""name"":""Słowenia"",""score"":0.6925000000000001,""matchPct"":69.3},{""code"":""SG"",""name"":""Singapur"",""score"":0.682,""matchPct"":68.2},{""code"":""AD"",""name"":""Andora"",""score"":0.6785,""matchPct"":67.9},{""code"":""FI"",""name"":""Finlandia"",""score"":0.673,""matchPct"":67.3},{""code"":""HR"",""name"":""Chorwacja"",""score"":0.6680000000000001,""matchPct"":66.8}]",wsm,aspirations,reality,4,2,3,2,2,3,4,3,3,C,reality,false,,tak
4644b307-afed-4e25-90dd-cccd56ec5d6e,2026-05-04 17:24:42.880322+00,Mężczyzna,18-25 lat,Raz na kilka lat,0.35,0.2,0.1,0.05,0.1,0.2,"Włochy (78.5%), Chiny (70.2%), Francja (64.4%), Hiszpania (63.5%), Indie (58.6%), Japonia (57.1%), USA (56.5%), Grecja (53.7%), Wielka Brytania (48.3%), Turcja (48%)","[{""code"":""IT"",""name"":""Włochy"",""score"":0.7849999999999999,""matchPct"":78.5},{""code"":""CN"",""name"":""Chiny"",""score"":0.702,""matchPct"":70.2},{""code"":""FR"",""name"":""Francja"",""score"":0.6435,""matchPct"":64.4},{""code"":""ES"",""name"":""Hiszpania"",""score"":0.635,""matchPct"":63.5},{""code"":""IN"",""name"":""Indie"",""score"":0.5855,""matchPct"":58.6},{""code"":""JP"",""name"":""Japonia"",""score"":0.5710000000000001,""matchPct"":57.1},{""code"":""US"",""name"":""USA"",""score"":0.565,""matchPct"":56.5},{""code"":""GR"",""name"":""Grecja"",""score"":0.5365,""matchPct"":53.7},{""code"":""GB"",""name"":""Wielka Brytania"",""score"":0.48250000000000004,""matchPct"":48.3},{""code"":""TR"",""name"":""Turcja"",""score"":0.47950000000000004,""matchPct"":48}]",aspirations,reality,wsm,4,2,3,2,1,3,4,4,4,B,reality,false,cena + mały dystans z Polski,trudno_powiedziec
469790fd-60d0-4394-91ca-0d6e714fc205,2026-05-04 17:13:18.078895+00,Mężczyzna,26-35 lat,Raz na kilka lat,0.8,0,0,0.1,0.1,0,"Włochy (97.5%), Francja (80.2%), Hiszpania (65.9%), Chiny (65.2%), Wielka Brytania (57.5%), Indie (57.1%), Holandia (45.4%), USA (43.8%), Japonia (43.3%), Meksyk (41.3%)","[{""code"":""IT"",""name"":""Włochy"",""score"":0.975,""matchPct"":97.5},{""code"":""FR"",""name"":""Francja"",""score"":0.802,""matchPct"":80.2},{""code"":""ES"",""name"":""Hiszpania"",""score"":0.6589999999999999,""matchPct"":65.9},{""code"":""CN"",""name"":""Chiny"",""score"":0.6519999999999999,""matchPct"":65.2},{""code"":""GB"",""name"":""Wielka Brytania"",""score"":0.5750000000000001,""matchPct"":57.5},{""code"":""IN"",""name"":""Indie"",""score"":0.5710000000000001,""matchPct"":57.1},{""code"":""NL"",""name"":""Holandia"",""score"":0.454,""matchPct"":45.4},{""code"":""US"",""name"":""USA"",""score"":0.438,""matchPct"":43.8},{""code"":""JP"",""name"":""Japonia"",""score"":0.433,""matchPct"":43.3},{""code"":""MX"",""name"":""Meksyk"",""score"":0.413,""matchPct"":41.3}]",wsm,aspirations,reality,4,4,4,2,3,2,4,4,4,C,reality,false,"Znam historię większości z tych krajów, ale zabytków na oczy nie widziałem :)",nie
46b43388-2eb0-4ed5-8be0-2fb21df71121,2026-05-04 20:14:20.056382+00,Mężczyzna,18-25 lat,2-3 razy w roku,0.28,0.05,0.1,0.15,0.24,0.18,"Włochy (82.3%), Chiny (75.4%), Hiszpania (72.6%), Francja (72%), Indie (63.1%), Wielka Brytania (61.9%), Japonia (61.7%), Holandia (60.5%), Grecja (59.8%), USA (59.7%)","[{""code"":""IT"",""name"":""Włochy"",""score"":0.8234,""matchPct"":82.3},{""code"":""CN"",""name"":""Chiny"",""score"":0.7538,""matchPct"":75.4},{""code"":""ES"",""name"":""Hiszpania"",""score"":0.7255999999999999,""matchPct"":72.6},{""code"":""FR"",""name"":""Francja"",""score"":0.7202,""matchPct"":72},{""code"":""IN"",""name"":""Indie"",""score"":0.6309,""matchPct"":63.1},{""code"":""GB"",""name"":""Wielka Brytania"",""score"":0.6185,""matchPct"":61.9},{""code"":""JP"",""name"":""Japonia"",""score"":0.6165,""matchPct"":61.7},{""code"":""NL"",""name"":""Holandia"",""score"":0.6048,""matchPct"":60.5},{""code"":""GR"",""name"":""Grecja"",""score"":0.5976,""matchPct"":59.8},{""code"":""US"",""name"":""USA"",""score"":0.5966,""matchPct"":59.7}]",aspirations,wsm,reality,4,4,3,2,4,2,3,4,2,B,wsm,false,,tak
47318bc4-14a7-4e8d-ac95-88a938cdd8cc,2026-05-04 09:11:23.984525+00,Kobieta,36-45 lat,2-3 razy w roku,0,0.5,0,0,0.25,0.25,"Grecja (76%), Tajlandia (74.5%), Indonezja (71.5%), Filipiny (71.3%), Hiszpania (66.3%), Włochy (66%), Wietnam (65.8%), Australia (65%), Malezja (64%), Indie (63.3%)","[{""code"":""GR"",""name"":""Grecja"",""score"":0.76,""matchPct"":76},{""code"":""TH"",""name"":""Tajlandia"",""score"":0.745,""matchPct"":74.5},{""code"":""ID"",""name"":""Indonezja"",""score"":0.7150000000000001,""matchPct"":71.5},{""code"":""PH"",""name"":""Filipiny"",""score"":0.7125,""matchPct"":71.3},{""code"":""ES"",""name"":""Hiszpania"",""score"":0.6625,""matchPct"":66.3},{""code"":""IT"",""name"":""Włochy"",""score"":0.6599999999999999,""matchPct"":66},{""code"":""VN"",""name"":""Wietnam"",""score"":0.6575,""matchPct"":65.8},{""code"":""AU"",""name"":""Australia"",""score"":0.65,""matchPct"":65},{""code"":""MY"",""name"":""Malezja"",""score"":0.64,""matchPct"":64},{""code"":""IN"",""name"":""Indie"",""score"":0.6325,""matchPct"":63.3}]",reality,wsm,aspirations,3,2,2,1,1,1,4,4,5,A,reality,false,,trudno_powiedziec
4761d4dc-5760-4e84-8fa5-19ef2147cac5,2026-05-04 17:08:54.977475+00,Mężczyzna,18-25 lat,Raz w roku,0.25,0.2,0.25,0.05,0.15,0.1,"Włochy (77.7%), Chiny (73%), USA (65.6%), Francja (63.8%), Indie (62.4%), Hiszpania (61.1%), Japonia (56.8%), Grecja (55.4%), Meksyk (53.1%), Turcja (51.5%)","[{""code"":""IT"",""name"":""Włochy"",""score"":0.7765,""matchPct"":77.7},{""code"":""CN"",""name"":""Chiny"",""score"":0.7295,""matchPct"":73},{""code"":""US"",""name"":""USA"",""score"":0.6555,""matchPct"":65.6},{""code"":""FR"",""name"":""Francja"",""score"":0.638,""matchPct"":63.8},{""code"":""IN"",""name"":""Indie"",""score"":0.6240000000000001,""matchPct"":62.4},{""code"":""ES"",""name"":""Hiszpania"",""score"":0.611,""matchPct"":61.1},{""code"":""JP"",""name"":""Japonia"",""score"":0.5684999999999999,""matchPct"":56.8},{""code"":""GR"",""name"":""Grecja"",""score"":0.5535,""matchPct"":55.4},{""code"":""MX"",""name"":""Meksyk"",""score"":0.531,""matchPct"":53.1},{""code"":""TR"",""name"":""Turcja"",""score"":0.515,""matchPct"":51.5}]",wsm,reality,aspirations,3,4,3,3,2,4,2,3,2,A,wsm,false,,trudno_powiedziec
47b8e3fc-fcba-44e4-9f9d-9ed458e824ad,2026-05-04 17:07:46.241785+00,Kobieta,18-25 lat,Raz na kilka lat,0.1,0.2,0.2,0.1,0.2,0.2,"Chiny (75.4%), Włochy (73.6%), USA (67.6%), Hiszpania (66.8%), Japonia (64.4%), Indie (63.5%), Grecja (63.3%), Francja (63.1%), Gruzja (60.1%), Indonezja (59.4%)","[{""code"":""CN"",""name"":""Chiny"",""score"":0.754,""matchPct"":75.4},{""code"":""IT"",""name"":""Włochy"",""score"":0.736,""matchPct"":73.6},{""code"":""US"",""name"":""USA"",""score"":0.6759999999999999,""matchPct"":67.6},{""code"":""ES"",""name"":""Hiszpania"",""score"":0.668,""matchPct"":66.8},{""code"":""JP"",""name"":""Japonia"",""score"":0.644,""matchPct"":64.4},{""code"":""IN"",""name"":""Indie"",""score"":0.635,""matchPct"":63.5},{""code"":""GR"",""name"":""Grecja"",""score"":0.633,""matchPct"":63.3},{""code"":""FR"",""name"":""Francja"",""score"":0.631,""matchPct"":63.1},{""code"":""GE"",""name"":""Gruzja"",""score"":0.601,""matchPct"":60.1},{""code"":""ID"",""name"":""Indonezja"",""score"":0.594,""matchPct"":59.4}]",wsm,reality,aspirations,3,2,4,2,2,3,4,4,4,B,reality,false,,tak
48c51e73-6624-4690-942a-d94613adf8b8,2026-05-04 19:53:29.014168+00,Mężczyzna,18-25 lat,Raz w roku,0.2,0.05,0.1,0.1,0.2,0.35,"Chiny (79.8%), Włochy (76.2%), Hiszpania (71.8%), Japonia (67.1%), Francja (65.7%), Gruzja (65.3%), Holandia (64.8%), Andora (63.9%), Słowenia (63.8%), Chorwacja (63.7%)","[{""code"":""CN"",""name"":""Chiny"",""score"":0.798,""matchPct"":79.8},{""code"":""IT"",""name"":""Włochy"",""score"":0.7615000000000001,""matchPct"":76.2},{""code"":""ES"",""name"":""Hiszpania"",""score"":0.718,""matchPct"":71.8},{""code"":""JP"",""name"":""Japonia"",""score"":0.6705,""matchPct"":67.1},{""code"":""FR"",""name"":""Francja"",""score"":0.657,""matchPct"":65.7},{""code"":""GE"",""name"":""Gruzja"",""score"":0.6525000000000001,""matchPct"":65.3},{""code"":""NL"",""name"":""Holandia"",""score"":0.6475,""matchPct"":64.8},{""code"":""AD"",""name"":""Andora"",""score"":0.639,""matchPct"":63.9},{""code"":""SI"",""name"":""Słowenia"",""score"":0.638,""matchPct"":63.8},{""code"":""HR"",""name"":""Chorwacja"",""score"":0.637,""matchPct"":63.7}]",wsm,reality,aspirations,3,4,4,2,2,3,3,4,3,B,reality,false,,trudno_powiedziec
49cd8439-6672-4944-b5fe-82db9df4939a,2026-05-04 06:50:40.435305+00,Kobieta,36-45 lat,Częściej niż 3 razy w roku,0.2,0.29,0.2,0.09,0.07,0.15,"Włochy (74%), Chiny (70.6%), USA (67.1%), Francja (61%), Hiszpania (61%), Japonia (60.1%), Indie (59.9%), Grecja (58.6%), Australia (55.7%), Tajlandia (55.4%)","[{""code"":""IT"",""name"":""Włochy"",""score"":0.7395999999999999,""matchPct"":74},{""code"":""CN"",""name"":""Chiny"",""score"":0.7063999999999999,""matchPct"":70.6},{""code"":""US"",""name"":""USA"",""score"":0.6707000000000001,""matchPct"":67.1},{""code"":""FR"",""name"":""Francja"",""score"":0.6104,""matchPct"":61},{""code"":""ES"",""name"":""Hiszpania"",""score"":0.6097000000000001,""matchPct"":61},{""code"":""JP"",""name"":""Japonia"",""score"":0.6008,""matchPct"":60.1},{""code"":""IN"",""name"":""Indie"",""score"":0.5994,""matchPct"":59.9},{""code"":""GR"",""name"":""Grecja"",""score"":0.5856,""matchPct"":58.6},{""code"":""AU"",""name"":""Australia"",""score"":0.5572,""matchPct"":55.7},{""code"":""TH"",""name"":""Tajlandia"",""score"":0.5543,""matchPct"":55.4}]",reality,wsm,aspirations,1,1,1,2,2,2,4,4,4,A,reality,false,Najbardziej zbliżone do moich potrzeb,tak
49cf3295-e4e9-49e5-a6a4-a4bc1dacc6ad,2026-05-04 17:17:26.982694+00,Mężczyzna,18-25 lat,Raz na kilka lat,0.18,0.09,0.3,0.05,0.2,0.18,"Chiny (80.2%), Włochy (76.5%), USA (66.9%), Hiszpania (63.8%), Indie (63.8%), Francja (63.7%), Japonia (61.5%), Gruzja (56.9%), Kanada (55.3%), Słowenia (55.3%)","[{""code"":""CN"",""name"":""Chiny"",""score"":0.8018000000000001,""matchPct"":80.2},{""code"":""IT"",""name"":""Włochy"",""score"":0.7646,""matchPct"":76.5},{""code"":""US"",""name"":""USA"",""score"":0.669,""matchPct"":66.9},{""code"":""ES"",""name"":""Hiszpania"",""score"":0.638,""matchPct"":63.8},{""code"":""IN"",""name"":""Indie"",""score"":0.6375000000000001,""matchPct"":63.8},{""code"":""FR"",""name"":""Francja"",""score"":0.6368,""matchPct"":63.7},{""code"":""JP"",""name"":""Japonia"",""score"":0.6149,""matchPct"":61.5},{""code"":""GE"",""name"":""Gruzja"",""score"":0.5694,""matchPct"":56.9},{""code"":""CA"",""name"":""Kanada"",""score"":0.5531999999999999,""matchPct"":55.3},{""code"":""SI"",""name"":""Słowenia"",""score"":0.5526,""matchPct"":55.3}]",aspirations,wsm,reality,4,3,4,2,2,2,5,4,5,C,reality,false,,tak
4a98e3ec-13fd-4c04-b5fb-b0941b04178e,2026-05-01 22:38:21.644717+00,Nie chcę podawać,18-25 lat,Raz na kilka lat,0.3,0,0.05,0.1,0.05,0.5,"Chiny (82.7%), Włochy (75.2%), Hiszpania (70.5%), Japonia (69.6%), Holandia (68.3%), Andora (63.8%), Francja (63.2%), Singapur (63.1%), Czechy (62.7%), Finlandia (61.9%)","[{""code"":""CN"",""name"":""Chiny"",""score"":0.8265,""matchPct"":82.7},{""code"":""IT"",""name"":""Włochy"",""score"":0.7515,""matchPct"":75.2},{""code"":""ES"",""name"":""Hiszpania"",""score"":0.705,""matchPct"":70.5},{""code"":""JP"",""name"":""Japonia"",""score"":0.6955,""matchPct"":69.6},{""code"":""NL"",""name"":""Holandia"",""score"":0.683,""matchPct"":68.3},{""code"":""AD"",""name"":""Andora"",""score"":0.6375,""matchPct"":63.8},{""code"":""FR"",""name"":""Francja"",""score"":0.6315,""matchPct"":63.2},{""code"":""SG"",""name"":""Singapur"",""score"":0.631,""matchPct"":63.1},{""code"":""CZ"",""name"":""Czechy"",""score"":0.6265000000000001,""matchPct"":62.7},{""code"":""FI"",""name"":""Finlandia"",""score"":0.619,""matchPct"":61.9}]",reality,wsm,aspirations,1,3,2,1,1,1,1,5,1,B,wsm,false,,tak
4ab1cd83-a5e7-467c-9422-9dd9cf6fd372,2026-05-04 17:11:28.300906+00,Mężczyzna,18-25 lat,2-3 razy w roku,0.1,0.15,0.16,0.05,0.4,0.14,"Włochy (77.4%), Chiny (74%), Hiszpania (71.3%), Indie (68.8%), Grecja (68%), Francja (67.7%), Gruzja (67.7%), Turcja (66%), Chorwacja (63.4%), USA (63.2%)","[{""code"":""IT"",""name"":""Włochy"",""score"":0.7737999999999999,""matchPct"":77.4},{""code"":""CN"",""name"":""Chiny"",""score"":0.74,""matchPct"":74},{""code"":""ES"",""name"":""Hiszpania"",""score"":0.7134,""matchPct"":71.3},{""code"":""IN"",""name"":""Indie"",""score"":0.6881000000000002,""matchPct"":68.8},{""code"":""GR"",""name"":""Grecja"",""score"":0.6804,""matchPct"":68},{""code"":""FR"",""name"":""Francja"",""score"":0.6769999999999999,""matchPct"":67.7},{""code"":""GE"",""name"":""Gruzja"",""score"":0.6768000000000001,""matchPct"":67.7},{""code"":""TR"",""name"":""Turcja"",""score"":0.6599,""matchPct"":66},{""code"":""HR"",""name"":""Chorwacja"",""score"":0.6339,""matchPct"":63.4},{""code"":""US"",""name"":""USA"",""score"":0.632,""matchPct"":63.2}]",reality,aspirations,wsm,1,2,3,2,1,4,3,2,2,A,reality,false,Lista A była najbardziej przystępna cenowo oraz miała ciekawe kierunki w niej.,trudno_powiedziec
4ab847b5-a3ba-4ece-954e-fe84efada635,2026-05-04 17:16:05.053038+00,Mężczyzna,18-25 lat,2-3 razy w roku,0.4,0.05,0.1,0,0.2,0.25,"Włochy (81.7%), Chiny (75.2%), Francja (67.1%), Hiszpania (66.6%), Indie (60.3%), Japonia (56.7%), Wielka Brytania (54.6%), Holandia (53.7%), Gruzja (51.8%), USA (50.8%)","[{""code"":""IT"",""name"":""Włochy"",""score"":0.8165,""matchPct"":81.7},{""code"":""CN"",""name"":""Chiny"",""score"":0.752,""matchPct"":75.2},{""code"":""FR"",""name"":""Francja"",""score"":0.671,""matchPct"":67.1},{""code"":""ES"",""name"":""Hiszpania"",""score"":0.666,""matchPct"":66.6},{""code"":""IN"",""name"":""Indie"",""score"":0.6025,""matchPct"":60.3},{""code"":""JP"",""name"":""Japonia"",""score"":0.5665,""matchPct"":56.7},{""code"":""GB"",""name"":""Wielka Brytania"",""score"":0.5455000000000001,""matchPct"":54.6},{""code"":""NL"",""name"":""Holandia"",""score"":0.5365,""matchPct"":53.7},{""code"":""GE"",""name"":""Gruzja"",""score"":0.5175000000000001,""matchPct"":51.8},{""code"":""US"",""name"":""USA"",""score"":0.5085,""matchPct"":50.8}]",reality,wsm,aspirations,3,3,3,2,2,2,2,5,2,A,reality,false,"Wybór listy A został wybrany iż aż 5 destynacji trafia w moje gusta (w liście B cztery destynację i w liście C dwie destynace) wybieram kierunki podróży głównie z powodu często historii, kultury i ciekawości danym krajem, z listy A kraje takie jak: Włochy, Grecja, Hiszpania, Cypr i Malta, wydają mi się interesujące pod względem historii jak i kultury, często też odwiedzam te kraje. Osobiście bardziej preferuję kraje skandynawskie mimo iż rzadziej są moim kierunkiem podróży z powodu finansowych, wyjazdy poza europejskie mało mnie interesują, jestem bardzo ciekawy kultur naszego kontynentu",tak
4b38ef3a-ea23-408f-826e-7407520b9047,2026-05-02 14:41:05.810327+00,Mężczyzna,18-25 lat,2-3 razy w roku,0.1,0.25,0.1,0.1,0.15,0.3,"Chiny (73.4%), Włochy (71%), Hiszpania (68%), Japonia (66.8%), Grecja (64.6%), USA (63.4%), Tajlandia (61.3%), Gruzja (60.9%), Chorwacja (60.9%), Francja (60.8%)","[{""code"":""CN"",""name"":""Chiny"",""score"":0.734,""matchPct"":73.4},{""code"":""IT"",""name"":""Włochy"",""score"":0.7095,""matchPct"":71},{""code"":""ES"",""name"":""Hiszpania"",""score"":0.6795,""matchPct"":68},{""code"":""JP"",""name"":""Japonia"",""score"":0.668,""matchPct"":66.8},{""code"":""GR"",""name"":""Grecja"",""score"":0.6455,""matchPct"":64.6},{""code"":""US"",""name"":""USA"",""score"":0.634,""matchPct"":63.4},{""code"":""TH"",""name"":""Tajlandia"",""score"":0.613,""matchPct"":61.3},{""code"":""GE"",""name"":""Gruzja"",""score"":0.609,""matchPct"":60.9},{""code"":""HR"",""name"":""Chorwacja"",""score"":0.6085,""matchPct"":60.9},{""code"":""FR"",""name"":""Francja"",""score"":0.608,""matchPct"":60.8}]",reality,aspirations,wsm,5,4,5,4,4,4,4,4,3,C,wsm,false,,tak
4b3d5458-9276-492f-b544-a13b32486470,2026-05-04 17:08:26.272464+00,Mężczyzna,18-25 lat,2-3 razy w roku,0.08,0.06,0.34,0.06,0.22,0.24,"Chiny (84.5%), Włochy (73.5%), USA (70.1%), Japonia (66.1%), Hiszpania (65.2%), Indie (64.6%), Gruzja (64.6%), Słowenia (64.2%), Kanada (63.1%), Finlandia (62%)","[{""code"":""CN"",""name"":""Chiny"",""score"":0.8454,""matchPct"":84.5},{""code"":""IT"",""name"":""Włochy"",""score"":0.7349999999999999,""matchPct"":73.5},{""code"":""US"",""name"":""USA"",""score"":0.7014,""matchPct"":70.1},{""code"":""JP"",""name"":""Japonia"",""score"":0.6608,""matchPct"":66.1},{""code"":""ES"",""name"":""Hiszpania"",""score"":0.652,""matchPct"":65.2},{""code"":""IN"",""name"":""Indie"",""score"":0.6464,""matchPct"":64.6},{""code"":""GE"",""name"":""Gruzja"",""score"":0.6462,""matchPct"":64.6},{""code"":""SI"",""name"":""Słowenia"",""score"":0.6416,""matchPct"":64.2},{""code"":""CA"",""name"":""Kanada"",""score"":0.6306,""matchPct"":63.1},{""code"":""FI"",""name"":""Finlandia"",""score"":0.62,""matchPct"":62}]",aspirations,wsm,reality,2,3,3,3,4,2,1,4,1,A,aspirations,false,"najciekawsze pod względem przyrodniczym, i duża różnorodność
okej cenowo",tak
4b4d58ee-940e-43ba-bee4-d6e7f07a8fe3,2026-05-04 18:08:28.349151+00,Mężczyzna,18-25 lat,Raz w roku,0.5,0.1,0.3,0.1,0,0,"Włochy (85.8%), Chiny (73.3%), Francja (68.8%), USA (64.3%), Indie (58.4%), Hiszpania (56.9%), Japonia (50.7%), Meksyk (50.4%), Wielka Brytania (46.7%), Brazylia (44.1%)","[{""code"":""IT"",""name"":""Włochy"",""score"":0.858,""matchPct"":85.8},{""code"":""CN"",""name"":""Chiny"",""score"":0.7329999999999999,""matchPct"":73.3},{""code"":""FR"",""name"":""Francja"",""score"":0.688,""matchPct"":68.8},{""code"":""US"",""name"":""USA"",""score"":0.6429999999999999,""matchPct"":64.3},{""code"":""IN"",""name"":""Indie"",""score"":0.5840000000000001,""matchPct"":58.4},{""code"":""ES"",""name"":""Hiszpania"",""score"":0.569,""matchPct"":56.9},{""code"":""JP"",""name"":""Japonia"",""score"":0.507,""matchPct"":50.7},{""code"":""MX"",""name"":""Meksyk"",""score"":0.504,""matchPct"":50.4},{""code"":""GB"",""name"":""Wielka Brytania"",""score"":0.467,""matchPct"":46.7},{""code"":""BR"",""name"":""Brazylia"",""score"":0.441,""matchPct"":44.1}]",wsm,aspirations,reality,4,1,4,3,2,2,1,4,1,A,wsm,false,,tak
4bdfddca-63ec-4dc5-af40-e3f50ab65308,2026-05-01 18:44:07.881712+00,Kobieta,18-25 lat,2-3 razy w roku,0.15,0.25,0.25,0.15,0.1,0.1,"Włochy (75.1%), Chiny (72.8%), USA (72.4%), Francja (63.7%), Hiszpania (63%), Indie (62%), Japonia (61.8%), Grecja (61.1%), Australia (57.3%), Tajlandia (57%)","[{""code"":""IT"",""name"":""Włochy"",""score"":0.7509999999999999,""matchPct"":75.1},{""code"":""CN"",""name"":""Chiny"",""score"":0.7284999999999999,""matchPct"":72.8},{""code"":""US"",""name"":""USA"",""score"":0.7235,""matchPct"":72.4},{""code"":""FR"",""name"":""Francja"",""score"":0.637,""matchPct"":63.7},{""code"":""ES"",""name"":""Hiszpania"",""score"":0.6295,""matchPct"":63},{""code"":""IN"",""name"":""Indie"",""score"":0.62,""matchPct"":62},{""code"":""JP"",""name"":""Japonia"",""score"":0.6184999999999999,""matchPct"":61.8},{""code"":""GR"",""name"":""Grecja"",""score"":0.611,""matchPct"":61.1},{""code"":""AU"",""name"":""Australia"",""score"":0.5734999999999999,""matchPct"":57.3},{""code"":""TH"",""name"":""Tajlandia"",""score"":0.5695,""matchPct"":57}]",aspirations,wsm,reality,2,2,2,3,2,3,4,5,4,C,reality,false,,tak
4c201e08-57f5-4716-b237-eda9226e1da2,2026-05-04 17:11:24.903033+00,Mężczyzna,18-25 lat,Raz na kilka lat,0.17,0.1,0.15,0.22,0.21,0.15,"Włochy (79.7%), Chiny (75.9%), Hiszpania (72.6%), Francja (71.1%), USA (67.8%), Japonia (65.3%), Grecja (64.5%), Indie (63.8%), Wielka Brytania (61.3%), Turcja (60.9%)","[{""code"":""IT"",""name"":""Włochy"",""score"":0.7968,""matchPct"":79.7},{""code"":""CN"",""name"":""Chiny"",""score"":0.7591,""matchPct"":75.9},{""code"":""ES"",""name"":""Hiszpania"",""score"":0.7262000000000001,""matchPct"":72.6},{""code"":""FR"",""name"":""Francja"",""score"":0.7114,""matchPct"":71.1},{""code"":""US"",""name"":""USA"",""score"":0.6778,""matchPct"":67.8},{""code"":""JP"",""name"":""Japonia"",""score"":0.6525,""matchPct"":65.3},{""code"":""GR"",""name"":""Grecja"",""score"":0.6452,""matchPct"":64.5},{""code"":""IN"",""name"":""Indie"",""score"":0.6379999999999999,""matchPct"":63.8},{""code"":""GB"",""name"":""Wielka Brytania"",""score"":0.6131,""matchPct"":61.3},{""code"":""TR"",""name"":""Turcja"",""score"":0.6093,""matchPct"":60.9}]",reality,wsm,aspirations,5,3,5,3,1,2,4,4,4,B,wsm,false,,tak
4c3e7caa-3871-480f-8e5c-dbfe5953b435,2026-05-04 19:34:25.137352+00,Kobieta,18-25 lat,Raz w roku,0.2,0.05,0.3,0.05,0.1,0.3,"Chiny (84.1%), Włochy (74.2%), USA (65.3%), Japonia (65%), Hiszpania (62.7%), Francja (60.7%), Indie (60%), Słowenia (57%), Gruzja (56.6%), Kanada (56.3%)","[{""code"":""CN"",""name"":""Chiny"",""score"":0.841,""matchPct"":84.1},{""code"":""IT"",""name"":""Włochy"",""score"":0.742,""matchPct"":74.2},{""code"":""US"",""name"":""USA"",""score"":0.653,""matchPct"":65.3},{""code"":""JP"",""name"":""Japonia"",""score"":0.6495,""matchPct"":65},{""code"":""ES"",""name"":""Hiszpania"",""score"":0.627,""matchPct"":62.7},{""code"":""FR"",""name"":""Francja"",""score"":0.607,""matchPct"":60.7},{""code"":""IN"",""name"":""Indie"",""score"":0.5995,""matchPct"":60},{""code"":""SI"",""name"":""Słowenia"",""score"":0.5700000000000001,""matchPct"":57},{""code"":""GE"",""name"":""Gruzja"",""score"":0.5660000000000001,""matchPct"":56.6},{""code"":""CA"",""name"":""Kanada"",""score"":0.563,""matchPct"":56.3}]",wsm,reality,aspirations,3,2,3,4,2,3,3,1,3,C,aspirations,false,,trudno_powiedziec
4c881d13-4cbe-49c1-b43f-ee8ad297b529,2026-05-01 22:58:26.691442+00,Nie chcę podawać,36-45 lat,2-3 razy w roku,0.3,0.4,0.3,0,0,0,"Włochy (75%), USA (68.5%), Chiny (65.3%), Meksyk (60.3%), Indie (59.3%), Francja (57.8%), Brazylia (52.6%), Grecja (52%), Australia (51.9%), Hiszpania (50.7%)","[{""code"":""IT"",""name"":""Włochy"",""score"":0.75,""matchPct"":75},{""code"":""US"",""name"":""USA"",""score"":0.6849999999999999,""matchPct"":68.5},{""code"":""CN"",""name"":""Chiny"",""score"":0.653,""matchPct"":65.3},{""code"":""MX"",""name"":""Meksyk"",""score"":0.603,""matchPct"":60.3},{""code"":""IN"",""name"":""Indie"",""score"":0.593,""matchPct"":59.3},{""code"":""FR"",""name"":""Francja"",""score"":0.578,""matchPct"":57.8},{""code"":""BR"",""name"":""Brazylia"",""score"":0.526,""matchPct"":52.6},{""code"":""GR"",""name"":""Grecja"",""score"":0.52,""matchPct"":52},{""code"":""AU"",""name"":""Australia"",""score"":0.519,""matchPct"":51.9},{""code"":""ES"",""name"":""Hiszpania"",""score"":0.507,""matchPct"":50.7}]",wsm,aspirations,reality,5,5,5,5,5,5,5,5,5,B,aspirations,false,,nie
4d852a36-84f9-4e69-9689-85e12a9f2e87,2026-05-04 17:05:56.152504+00,Nie chcę podawać,Powyżej 60 lat,Częściej niż 3 razy w roku,0.98,0,0,0,0.02,0,"Włochy (99.7%), Francja (78.1%), Chiny (63.2%), Hiszpania (59.6%), Indie (53.6%), Wielka Brytania (50.7%), Meksyk (36.5%), Japonia (36.4%), USA (36.4%), Holandia (35.9%)","[{""code"":""IT"",""name"":""Włochy"",""score"":0.9974,""matchPct"":99.7},{""code"":""FR"",""name"":""Francja"",""score"":0.7809999999999999,""matchPct"":78.1},{""code"":""CN"",""name"":""Chiny"",""score"":0.6315999999999999,""matchPct"":63.2},{""code"":""ES"",""name"":""Hiszpania"",""score"":0.5962,""matchPct"":59.6},{""code"":""IN"",""name"":""Indie"",""score"":0.5364,""matchPct"":53.6},{""code"":""GB"",""name"":""Wielka Brytania"",""score"":0.5068,""matchPct"":50.7},{""code"":""MX"",""name"":""Meksyk"",""score"":0.3652,""matchPct"":36.5},{""code"":""JP"",""name"":""Japonia"",""score"":0.3642,""matchPct"":36.4},{""code"":""US"",""name"":""USA"",""score"":0.3636,""matchPct"":36.4},{""code"":""NL"",""name"":""Holandia"",""score"":0.35919999999999996,""matchPct"":35.9}]",wsm,reality,aspirations,5,5,5,5,5,5,5,5,5,C,aspirations,false,,tak
4df33a15-1255-488d-9a0b-4f4add211688,2026-05-04 17:13:48.712303+00,Mężczyzna,18-25 lat,2-3 razy w roku,0.15,0.1,0.2,0.2,0.2,0.15,"Włochy (78.6%), Chiny (77.4%), Hiszpania (70.7%), USA (69.6%), Francja (69.5%), Japonia (65.3%), Indie (64%), Grecja (63%), Gruzja (60.3%), Turcja (60.2%)","[{""code"":""IT"",""name"":""Włochy"",""score"":0.7855000000000001,""matchPct"":78.6},{""code"":""CN"",""name"":""Chiny"",""score"":0.774,""matchPct"":77.4},{""code"":""ES"",""name"":""Hiszpania"",""score"":0.7070000000000001,""matchPct"":70.7},{""code"":""US"",""name"":""USA"",""score"":0.6955,""matchPct"":69.6},{""code"":""FR"",""name"":""Francja"",""score"":0.6945,""matchPct"":69.5},{""code"":""JP"",""name"":""Japonia"",""score"":0.653,""matchPct"":65.3},{""code"":""IN"",""name"":""Indie"",""score"":0.6395,""matchPct"":64},{""code"":""GR"",""name"":""Grecja"",""score"":0.6300000000000001,""matchPct"":63},{""code"":""GE"",""name"":""Gruzja"",""score"":0.603,""matchPct"":60.3},{""code"":""TR"",""name"":""Turcja"",""score"":0.602,""matchPct"":60.2}]",reality,aspirations,wsm,3,4,4,3,2,4,2,5,1,C,wsm,false,,tak
4edb11a9-7d92-4269-8e76-d3eb516d8fa0,2026-05-04 17:08:05.924758+00,Mężczyzna,18-25 lat,Raz na kilka lat,0.2,0.2,0.3,0.1,0.1,0.1,"Włochy (76.2%), Chiny (75.1%), USA (70.8%), Francja (63.1%), Indie (61.9%), Hiszpania (60.6%), Japonia (59.7%), Grecja (55.7%), Meksyk (54.4%), Indonezja (52.6%)","[{""code"":""IT"",""name"":""Włochy"",""score"":0.762,""matchPct"":76.2},{""code"":""CN"",""name"":""Chiny"",""score"":0.7509999999999999,""matchPct"":75.1},{""code"":""US"",""name"":""USA"",""score"":0.708,""matchPct"":70.8},{""code"":""FR"",""name"":""Francja"",""score"":0.631,""matchPct"":63.1},{""code"":""IN"",""name"":""Indie"",""score"":0.6190000000000001,""matchPct"":61.9},{""code"":""ES"",""name"":""Hiszpania"",""score"":0.6059999999999999,""matchPct"":60.6},{""code"":""JP"",""name"":""Japonia"",""score"":0.597,""matchPct"":59.7},{""code"":""GR"",""name"":""Grecja"",""score"":0.557,""matchPct"":55.7},{""code"":""MX"",""name"":""Meksyk"",""score"":0.544,""matchPct"":54.4},{""code"":""ID"",""name"":""Indonezja"",""score"":0.526,""matchPct"":52.6}]",reality,aspirations,wsm,5,3,5,5,1,3,4,5,1,C,wsm,false,,tak
4ef86ba8-3ef6-41f6-9db5-cc260b669417,2026-05-04 17:09:53.797417+00,Kobieta,18-25 lat,2-3 razy w roku,0.12,0.15,0.2,0.05,0.28,0.2,"Chiny (76.4%), Włochy (75.2%), Hiszpania (67.8%), Indie (65.3%), USA (64.3%), Francja (64.2%), Gruzja (63.2%), Japonia (62.6%), Grecja (62.4%), Turcja (60.4%)","[{""code"":""CN"",""name"":""Chiny"",""score"":0.7644,""matchPct"":76.4},{""code"":""IT"",""name"":""Włochy"",""score"":0.7515999999999999,""matchPct"":75.2},{""code"":""ES"",""name"":""Hiszpania"",""score"":0.6778000000000001,""matchPct"":67.8},{""code"":""IN"",""name"":""Indie"",""score"":0.6531,""matchPct"":65.3},{""code"":""US"",""name"":""USA"",""score"":0.6434,""matchPct"":64.3},{""code"":""FR"",""name"":""Francja"",""score"":0.642,""matchPct"":64.2},{""code"":""GE"",""name"":""Gruzja"",""score"":0.6316,""matchPct"":63.2},{""code"":""JP"",""name"":""Japonia"",""score"":0.6263000000000001,""matchPct"":62.6},{""code"":""GR"",""name"":""Grecja"",""score"":0.624,""matchPct"":62.4},{""code"":""TR"",""name"":""Turcja"",""score"":0.6035,""matchPct"":60.4}]",reality,wsm,aspirations,2,2,4,1,1,4,1,3,3,B,wsm,false,,tak
4f15031a-c074-4cfd-af4c-f2da8e5f62a5,2026-05-04 18:53:01.218594+00,Kobieta,26-35 lat,Raz na kilka lat,0.26,0.23,0,0,0.51,0,"Włochy (84.2%), Francja (73.4%), Hiszpania (73%), Grecja (71.8%), Indie (70.7%), Egipt (67.5%), Turcja (66.2%), Chiny (62%), Wielka Brytania (60%), Gruzja (59.7%)","[{""code"":""IT"",""name"":""Włochy"",""score"":0.8417,""matchPct"":84.2},{""code"":""FR"",""name"":""Francja"",""score"":0.7342,""matchPct"":73.4},{""code"":""ES"",""name"":""Hiszpania"",""score"":0.7297,""matchPct"":73},{""code"":""GR"",""name"":""Grecja"",""score"":0.7179,""matchPct"":71.8},{""code"":""IN"",""name"":""Indie"",""score"":0.707,""matchPct"":70.7},{""code"":""EG"",""name"":""Egipt"",""score"":0.6753,""matchPct"":67.5},{""code"":""TR"",""name"":""Turcja"",""score"":0.6621000000000001,""matchPct"":66.2},{""code"":""CN"",""name"":""Chiny"",""score"":0.6202,""matchPct"":62},{""code"":""GB"",""name"":""Wielka Brytania"",""score"":0.5998,""matchPct"":60},{""code"":""GE"",""name"":""Gruzja"",""score"":0.5974,""matchPct"":59.7}]",aspirations,wsm,reality,4,3,4,2,1,1,4,3,4,B,wsm,false,Wzgledem historycznym i odpoczynkiem na plazy.  W tych krajach moge zbalansowac moj pobyt.,tak
4fd47990-7691-46fd-8337-267b028c7b07,2026-05-04 17:25:04.26539+00,Kobieta,18-25 lat,Raz w roku,0.1,0,0.5,0.05,0.1,0.25,"Chiny (91%), USA (75.6%), Włochy (72.3%), Kanada (68.5%), Japonia (66.7%), Indie (62.4%), Słowenia (60.7%), Finlandia (59.3%), Hiszpania (59%), Gruzja (58.7%)","[{""code"":""CN"",""name"":""Chiny"",""score"":0.9099999999999999,""matchPct"":91},{""code"":""US"",""name"":""USA"",""score"":0.7555000000000001,""matchPct"":75.6},{""code"":""IT"",""name"":""Włochy"",""score"":0.7234999999999999,""matchPct"":72.3},{""code"":""CA"",""name"":""Kanada"",""score"":0.6849999999999999,""matchPct"":68.5},{""code"":""JP"",""name"":""Japonia"",""score"":0.6669999999999999,""matchPct"":66.7},{""code"":""IN"",""name"":""Indie"",""score"":0.6240000000000001,""matchPct"":62.4},{""code"":""SI"",""name"":""Słowenia"",""score"":0.607,""matchPct"":60.7},{""code"":""FI"",""name"":""Finlandia"",""score"":0.5925,""matchPct"":59.3},{""code"":""ES"",""name"":""Hiszpania"",""score"":0.5900000000000001,""matchPct"":59},{""code"":""GE"",""name"":""Gruzja"",""score"":0.5865,""matchPct"":58.7}]",aspirations,reality,wsm,3,3,3,2,2,3,3,4,2,C,wsm,false,"Ciekawi mnie kultura tych krajów oraz bardzo chciałabym zwiedzić Finlandię, Gruzję oraz Chiny.",tak
5004ae97-d64d-408d-9b5b-2343343bee9b,2026-05-04 17:07:18.008471+00,Mężczyzna,26-35 lat,Raz na kilka lat,0.4,0.1,0.2,0.1,0.2,0,"Włochy (86.2%), Francja (72.4%), Chiny (71.2%), Hiszpania (64.8%), Indie (63.5%), USA (61.6%), Wielka Brytania (54.9%), Grecja (53.6%), Meksyk (53.1%), Japonia (52.3%)","[{""code"":""IT"",""name"":""Włochy"",""score"":0.862,""matchPct"":86.2},{""code"":""FR"",""name"":""Francja"",""score"":0.7240000000000001,""matchPct"":72.4},{""code"":""CN"",""name"":""Chiny"",""score"":0.7120000000000001,""matchPct"":71.2},{""code"":""ES"",""name"":""Hiszpania"",""score"":0.648,""matchPct"":64.8},{""code"":""IN"",""name"":""Indie"",""score"":0.635,""matchPct"":63.5},{""code"":""US"",""name"":""USA"",""score"":0.616,""matchPct"":61.6},{""code"":""GB"",""name"":""Wielka Brytania"",""score"":0.549,""matchPct"":54.9},{""code"":""GR"",""name"":""Grecja"",""score"":0.536,""matchPct"":53.6},{""code"":""MX"",""name"":""Meksyk"",""score"":0.5309999999999999,""matchPct"":53.1},{""code"":""JP"",""name"":""Japonia"",""score"":0.523,""matchPct"":52.3}]",aspirations,reality,wsm,5,2,4,3,3,2,4,3,4,C,wsm,false,,tak
509155e7-0d01-4c0b-bc60-692f0da9da45,2026-05-04 18:14:55.998364+00,Nie chcę podawać,18-25 lat,2-3 razy w roku,0.25,0,0,0.25,0.25,0.25,"Włochy (83%), Hiszpania (79.8%), Chiny (76.5%), Francja (75.8%), Holandia (74.2%), Andora (70.3%), Wielka Brytania (69.5%), Portugalia (68.5%), Czechy (68.3%), Japonia (67.3%)","[{""code"":""IT"",""name"":""Włochy"",""score"":0.83,""matchPct"":83},{""code"":""ES"",""name"":""Hiszpania"",""score"":0.7975,""matchPct"":79.8},{""code"":""CN"",""name"":""Chiny"",""score"":0.7649999999999999,""matchPct"":76.5},{""code"":""FR"",""name"":""Francja"",""score"":0.7575000000000001,""matchPct"":75.8},{""code"":""NL"",""name"":""Holandia"",""score"":0.7424999999999999,""matchPct"":74.2},{""code"":""AD"",""name"":""Andora"",""score"":0.7025,""matchPct"":70.3},{""code"":""GB"",""name"":""Wielka Brytania"",""score"":0.6950000000000001,""matchPct"":69.5},{""code"":""PT"",""name"":""Portugalia"",""score"":0.6849999999999999,""matchPct"":68.5},{""code"":""CZ"",""name"":""Czechy"",""score"":0.6825,""matchPct"":68.3},{""code"":""JP"",""name"":""Japonia"",""score"":0.6725,""matchPct"":67.3}]",wsm,aspirations,reality,4,1,4,3,1,2,2,1,1,A,wsm,false,,trudno_powiedziec
50e2b2af-038e-4f45-bfe6-9bf666bfc15c,2026-05-04 17:12:11.689778+00,Kobieta,18-25 lat,Raz na kilka lat,0.2,0.15,0.2,0.1,0.15,0.2,"Włochy (76.3%), Chiny (76.1%), Hiszpania (65.7%), USA (65%), Francja (64.4%), Japonia (62.5%), Indie (61.6%), Grecja (57.7%), Gruzja (54.8%), Turcja (54.4%)","[{""code"":""IT"",""name"":""Włochy"",""score"":0.7625000000000001,""matchPct"":76.3},{""code"":""CN"",""name"":""Chiny"",""score"":0.7610000000000001,""matchPct"":76.1},{""code"":""ES"",""name"":""Hiszpania"",""score"":0.6565000000000001,""matchPct"":65.7},{""code"":""US"",""name"":""USA"",""score"":0.6499999999999999,""matchPct"":65},{""code"":""FR"",""name"":""Francja"",""score"":0.6439999999999999,""matchPct"":64.4},{""code"":""JP"",""name"":""Japonia"",""score"":0.625,""matchPct"":62.5},{""code"":""IN"",""name"":""Indie"",""score"":0.616,""matchPct"":61.6},{""code"":""GR"",""name"":""Grecja"",""score"":0.5765,""matchPct"":57.7},{""code"":""GE"",""name"":""Gruzja"",""score"":0.548,""matchPct"":54.8},{""code"":""TR"",""name"":""Turcja"",""score"":0.5435000000000001,""matchPct"":54.4}]",aspirations,wsm,reality,4,2,3,2,1,1,3,3,2,B,wsm,false,,tak
52330aee-e320-4213-bd5e-6b2083fd5456,2026-05-04 18:01:22.81749+00,Mężczyzna,18-25 lat,Raz na kilka lat,0.3,0,0.2,0.15,0.3,0.05,"Włochy (86.1%), Chiny (76.5%), Francja (75.3%), Hiszpania (71.3%), Indie (66.4%), Wielka Brytania (63.7%), USA (63.7%), Turcja (59.7%), Grecja (58.4%), Japonia (57.9%)","[{""code"":""IT"",""name"":""Włochy"",""score"":0.8614999999999999,""matchPct"":86.1},{""code"":""CN"",""name"":""Chiny"",""score"":0.7649999999999999,""matchPct"":76.5},{""code"":""FR"",""name"":""Francja"",""score"":0.7529999999999999,""matchPct"":75.3},{""code"":""ES"",""name"":""Hiszpania"",""score"":0.713,""matchPct"":71.3},{""code"":""IN"",""name"":""Indie"",""score"":0.664,""matchPct"":66.4},{""code"":""GB"",""name"":""Wielka Brytania"",""score"":0.637,""matchPct"":63.7},{""code"":""US"",""name"":""USA"",""score"":0.6365,""matchPct"":63.7},{""code"":""TR"",""name"":""Turcja"",""score"":0.5965,""matchPct"":59.7},{""code"":""GR"",""name"":""Grecja"",""score"":0.5844999999999999,""matchPct"":58.4},{""code"":""JP"",""name"":""Japonia"",""score"":0.579,""matchPct"":57.9}]",aspirations,wsm,reality,2,3,3,5,1,4,5,2,3,A,aspirations,false,,tak
52cf70f8-abad-47a7-a624-90d4eb9e2d4d,2026-05-04 17:40:30.935248+00,Kobieta,18-25 lat,2-3 razy w roku,0.1,0,0.14,0.12,0.2,0.44,"Chiny (85.5%), Andora (75.5%), Słowenia (74%), Gruzja (73.7%), Finlandia (73.6%), Hiszpania (73.5%), Japonia (73%), Włochy (72.8%), Chorwacja (72.3%), Czechy (71.6%)","[{""code"":""CN"",""name"":""Chiny"",""score"":0.8553999999999999,""matchPct"":85.5},{""code"":""AD"",""name"":""Andora"",""score"":0.7552,""matchPct"":75.5},{""code"":""SI"",""name"":""Słowenia"",""score"":0.7402,""matchPct"":74},{""code"":""GE"",""name"":""Gruzja"",""score"":0.7367999999999999,""matchPct"":73.7},{""code"":""FI"",""name"":""Finlandia"",""score"":0.7363999999999999,""matchPct"":73.6},{""code"":""ES"",""name"":""Hiszpania"",""score"":0.7354,""matchPct"":73.5},{""code"":""JP"",""name"":""Japonia"",""score"":0.7296,""matchPct"":73},{""code"":""IT"",""name"":""Włochy"",""score"":0.7283999999999999,""matchPct"":72.8},{""code"":""HR"",""name"":""Chorwacja"",""score"":0.7234,""matchPct"":72.3},{""code"":""CZ"",""name"":""Czechy"",""score"":0.7163999999999999,""matchPct"":71.6}]",reality,aspirations,wsm,3,4,3,1,2,1,1,4,2,C,wsm,false,"Liska A za gorąco, lista B za daleko. C nie jest idealna ale najlepsza",nie
52edfa6f-9c79-4804-b7d8-104550f4e1ef,2026-05-04 17:14:12.781192+00,Kobieta,18-25 lat,Raz w roku,0.11,0.06,0.25,0.05,0.28,0.25,"Chiny (81.9%), Włochy (75.1%), Hiszpania (68.4%), Gruzja (67%), Indie (65.3%), USA (65.1%), Japonia (65%), Słowenia (65%), Francja (64.1%), Finlandia (63%)","[{""code"":""CN"",""name"":""Chiny"",""score"":0.8187,""matchPct"":81.9},{""code"":""IT"",""name"":""Włochy"",""score"":0.7510999999999999,""matchPct"":75.1},{""code"":""ES"",""name"":""Hiszpania"",""score"":0.6835000000000001,""matchPct"":68.4},{""code"":""GE"",""name"":""Gruzja"",""score"":0.6695000000000001,""matchPct"":67},{""code"":""IN"",""name"":""Indie"",""score"":0.6527000000000001,""matchPct"":65.3},{""code"":""US"",""name"":""USA"",""score"":0.6508,""matchPct"":65.1},{""code"":""JP"",""name"":""Japonia"",""score"":0.6499999999999999,""matchPct"":65},{""code"":""SI"",""name"":""Słowenia"",""score"":0.6497,""matchPct"":65},{""code"":""FR"",""name"":""Francja"",""score"":0.6414,""matchPct"":64.1},{""code"":""FI"",""name"":""Finlandia"",""score"":0.6303,""matchPct"":63}]",wsm,aspirations,reality,2,2,2,4,2,4,2,4,2,B,aspirations,false,Znajdują się na niej moje wymarzone kierunki podróży,tak
530bd383-ab2f-4847-9930-41e33b06f04c,2026-05-04 18:14:01.122634+00,Mężczyzna,18-25 lat,Raz na kilka lat,0.11,0.17,0.3,0.04,0.2,0.18,"Chiny (78.3%), Włochy (73.4%), USA (69%), Indie (64.1%), Hiszpania (62.8%), Japonia (62.3%), Francja (61%), Grecja (58.2%), Gruzja (57.9%), Indonezja (57.5%)","[{""code"":""CN"",""name"":""Chiny"",""score"":0.7827999999999999,""matchPct"":78.3},{""code"":""IT"",""name"":""Włochy"",""score"":0.7338000000000001,""matchPct"":73.4},{""code"":""US"",""name"":""USA"",""score"":0.6901999999999999,""matchPct"":69},{""code"":""IN"",""name"":""Indie"",""score"":0.6414,""matchPct"":64.1},{""code"":""ES"",""name"":""Hiszpania"",""score"":0.6278,""matchPct"":62.8},{""code"":""JP"",""name"":""Japonia"",""score"":0.6233,""matchPct"":62.3},{""code"":""FR"",""name"":""Francja"",""score"":0.6103,""matchPct"":61},{""code"":""GR"",""name"":""Grecja"",""score"":0.5821000000000001,""matchPct"":58.2},{""code"":""GE"",""name"":""Gruzja"",""score"":0.5787,""matchPct"":57.9},{""code"":""ID"",""name"":""Indonezja"",""score"":0.5751999999999999,""matchPct"":57.5}]",reality,wsm,aspirations,2,1,2,2,3,1,4,4,3,A,reality,false,,tak
531afba7-b1de-4316-8a08-dc8c5cdcacb7,2026-05-01 19:24:35.993526+00,Mężczyzna,18-25 lat,Raz na kilka lat,0.18,0.04,0.13,0.15,0.24,0.26,"Chiny (79.3%), Włochy (78.4%), Hiszpania (73.2%), Francja (69.1%), Japonia (66.4%), Gruzja (65.7%), Andora (64.4%), Holandia (64.2%), Słowenia (63.7%), Chorwacja (63.7%)","[{""code"":""CN"",""name"":""Chiny"",""score"":0.7927000000000001,""matchPct"":79.3},{""code"":""IT"",""name"":""Włochy"",""score"":0.7839999999999999,""matchPct"":78.4},{""code"":""ES"",""name"":""Hiszpania"",""score"":0.7324999999999999,""matchPct"":73.2},{""code"":""FR"",""name"":""Francja"",""score"":0.6907,""matchPct"":69.1},{""code"":""JP"",""name"":""Japonia"",""score"":0.6641999999999999,""matchPct"":66.4},{""code"":""GE"",""name"":""Gruzja"",""score"":0.6567000000000001,""matchPct"":65.7},{""code"":""AD"",""name"":""Andora"",""score"":0.6443,""matchPct"":64.4},{""code"":""NL"",""name"":""Holandia"",""score"":0.6418,""matchPct"":64.2},{""code"":""SI"",""name"":""Słowenia"",""score"":0.6371,""matchPct"":63.7},{""code"":""HR"",""name"":""Chorwacja"",""score"":0.6365,""matchPct"":63.7}]",reality,aspirations,wsm,3,4,3,3,2,3,3,4,2,C,wsm,false,,nie
531b3b13-9b94-484c-b6ca-b165235b3623,2026-05-04 17:07:49.762189+00,Mężczyzna,18-25 lat,Raz w roku,0.2,0.16,0.12,0.2,0.12,0.2,"Włochy (77.4%), Chiny (74.1%), Hiszpania (69.8%), Francja (67.7%), USA (65.8%), Japonia (65.2%), Grecja (62%), Indie (60.6%), Turcja (56.1%), Wielka Brytania (56.1%)","[{""code"":""IT"",""name"":""Włochy"",""score"":0.7744000000000001,""matchPct"":77.4},{""code"":""CN"",""name"":""Chiny"",""score"":0.7407999999999999,""matchPct"":74.1},{""code"":""ES"",""name"":""Hiszpania"",""score"":0.6980000000000001,""matchPct"":69.8},{""code"":""FR"",""name"":""Francja"",""score"":0.6772,""matchPct"":67.7},{""code"":""US"",""name"":""USA"",""score"":0.6576,""matchPct"":65.8},{""code"":""JP"",""name"":""Japonia"",""score"":0.6516000000000001,""matchPct"":65.2},{""code"":""GR"",""name"":""Grecja"",""score"":0.62,""matchPct"":62},{""code"":""IN"",""name"":""Indie"",""score"":0.6056,""matchPct"":60.6},{""code"":""TR"",""name"":""Turcja"",""score"":0.5608000000000001,""matchPct"":56.1},{""code"":""GB"",""name"":""Wielka Brytania"",""score"":0.5608,""matchPct"":56.1}]",wsm,aspirations,reality,4,2,4,2,2,3,2,4,2,A,wsm,false,"przyroda, architektura i kultura",tak
53c8df28-401a-4a1d-b734-996d8e120f7d,2026-05-04 18:04:20.008943+00,Mężczyzna,18-25 lat,Raz na kilka lat,0.15,0.05,0.13,0.21,0.21,0.25,"Chiny (79.3%), Włochy (78.1%), Hiszpania (74.4%), Francja (69.9%), Japonia (68.6%), Andora (66.6%), Gruzja (66%), USA (65.5%), Holandia (65.5%), Chorwacja (65%)","[{""code"":""CN"",""name"":""Chiny"",""score"":0.7932999999999999,""matchPct"":79.3},{""code"":""IT"",""name"":""Włochy"",""score"":0.7809999999999999,""matchPct"":78.1},{""code"":""ES"",""name"":""Hiszpania"",""score"":0.7437999999999999,""matchPct"":74.4},{""code"":""FR"",""name"":""Francja"",""score"":0.6994,""matchPct"":69.9},{""code"":""JP"",""name"":""Japonia"",""score"":0.6856,""matchPct"":68.6},{""code"":""AD"",""name"":""Andora"",""score"":0.6656,""matchPct"":66.6},{""code"":""GE"",""name"":""Gruzja"",""score"":0.6603,""matchPct"":66},{""code"":""US"",""name"":""USA"",""score"":0.6552,""matchPct"":65.5},{""code"":""NL"",""name"":""Holandia"",""score"":0.6551,""matchPct"":65.5},{""code"":""HR"",""name"":""Chorwacja"",""score"":0.6495,""matchPct"":65}]",wsm,aspirations,reality,3,4,1,2,3,1,3,3,2,C,reality,false,,nie
54904e32-f9b8-4856-9c17-3592b6ee5528,2026-05-04 18:10:14.901658+00,Mężczyzna,18-25 lat,Raz na kilka lat,0.1,0.2,0.1,0.1,0.2,0.3,"Chiny (74.9%), Włochy (72.3%), Hiszpania (69.9%), Japonia (67%), Grecja (64.9%), Gruzja (64.3%), Chorwacja (63.6%), Słowenia (62.9%), Francja (62.6%), USA (62.6%)","[{""code"":""CN"",""name"":""Chiny"",""score"":0.7490000000000001,""matchPct"":74.9},{""code"":""IT"",""name"":""Włochy"",""score"":0.7230000000000001,""matchPct"":72.3},{""code"":""ES"",""name"":""Hiszpania"",""score"":0.6990000000000001,""matchPct"":69.9},{""code"":""JP"",""name"":""Japonia"",""score"":0.67,""matchPct"":67},{""code"":""GR"",""name"":""Grecja"",""score"":0.649,""matchPct"":64.9},{""code"":""GE"",""name"":""Gruzja"",""score"":0.643,""matchPct"":64.3},{""code"":""HR"",""name"":""Chorwacja"",""score"":0.6360000000000001,""matchPct"":63.6},{""code"":""SI"",""name"":""Słowenia"",""score"":0.629,""matchPct"":62.9},{""code"":""FR"",""name"":""Francja"",""score"":0.6260000000000001,""matchPct"":62.6},{""code"":""US"",""name"":""USA"",""score"":0.626,""matchPct"":62.6}]",aspirations,wsm,reality,4,4,3,4,4,3,1,4,1,A,aspirations,false,,tak
560c6305-a328-4956-b4b2-06a10e9f1aec,2026-05-04 06:55:10.92266+00,Kobieta,36-45 lat,Raz na kilka lat,0,0.65,0.14,0,0,0.21,"Tajlandia (73.4%), Australia (71.8%), Indonezja (71.2%), USA (69.6%), Grecja (68.9%), Filipiny (68.5%), Japonia (61.6%), Malezja (61.4%), Meksyk (60.9%), Włochy (60.8%)","[{""code"":""TH"",""name"":""Tajlandia"",""score"":0.7340000000000001,""matchPct"":73.4},{""code"":""AU"",""name"":""Australia"",""score"":0.7176000000000001,""matchPct"":71.8},{""code"":""ID"",""name"":""Indonezja"",""score"":0.7123,""matchPct"":71.2},{""code"":""US"",""name"":""USA"",""score"":0.6964999999999999,""matchPct"":69.6},{""code"":""GR"",""name"":""Grecja"",""score"":0.6891,""matchPct"":68.9},{""code"":""PH"",""name"":""Filipiny"",""score"":0.6847000000000001,""matchPct"":68.5},{""code"":""JP"",""name"":""Japonia"",""score"":0.6161,""matchPct"":61.6},{""code"":""MY"",""name"":""Malezja"",""score"":0.6136,""matchPct"":61.4},{""code"":""MX"",""name"":""Meksyk"",""score"":0.6092000000000001,""matchPct"":60.9},{""code"":""IT"",""name"":""Włochy"",""score"":0.6077,""matchPct"":60.8}]",reality,aspirations,wsm,1,1,1,1,1,3,5,5,5,A,reality,false,Czas lotów,tak
5687f7cf-e87d-46c9-9295-2bb8d2962049,2026-05-04 18:40:09.087022+00,Kobieta,18-25 lat,Raz w roku,0.2,0.1,0.2,0.2,0.15,0.15,"Włochy (79.2%), Chiny (77%), Francja (69.2%), Hiszpania (69.2%), USA (68.7%), Japonia (64.3%), Indie (62.4%), Grecja (60%), Wielka Brytania (57.8%), Turcja (57%)","[{""code"":""IT"",""name"":""Włochy"",""score"":0.7920000000000001,""matchPct"":79.2},{""code"":""CN"",""name"":""Chiny"",""score"":0.77,""matchPct"":77},{""code"":""FR"",""name"":""Francja"",""score"":0.6920000000000001,""matchPct"":69.2},{""code"":""ES"",""name"":""Hiszpania"",""score"":0.6915000000000001,""matchPct"":69.2},{""code"":""US"",""name"":""USA"",""score"":0.6865,""matchPct"":68.7},{""code"":""JP"",""name"":""Japonia"",""score"":0.6425000000000001,""matchPct"":64.3},{""code"":""IN"",""name"":""Indie"",""score"":0.6234999999999999,""matchPct"":62.4},{""code"":""GR"",""name"":""Grecja"",""score"":0.6000000000000001,""matchPct"":60},{""code"":""GB"",""name"":""Wielka Brytania"",""score"":0.5775,""matchPct"":57.8},{""code"":""TR"",""name"":""Turcja"",""score"":0.5695,""matchPct"":57}]",aspirations,wsm,reality,3,1,4,2,1,3,3,1,4,B,wsm,false,,tak
5729946f-1d60-4d82-891c-5d3ae023a3b2,2026-05-04 17:29:42.118114+00,Kobieta,18-25 lat,Raz na kilka lat,0.25,0.03,0.25,0.08,0.2,0.19,"Chiny (80.4%), Włochy (79.6%), Francja (67%), Hiszpania (66.4%), USA (63.6%), Indie (63%), Japonia (61.3%), Gruzja (56.6%), Wielka Brytania (56.2%), Turcja (54.6%)","[{""code"":""CN"",""name"":""Chiny"",""score"":0.8039,""matchPct"":80.4},{""code"":""IT"",""name"":""Włochy"",""score"":0.7957,""matchPct"":79.6},{""code"":""FR"",""name"":""Francja"",""score"":0.6704000000000001,""matchPct"":67},{""code"":""ES"",""name"":""Hiszpania"",""score"":0.6640999999999999,""matchPct"":66.4},{""code"":""US"",""name"":""USA"",""score"":0.6364,""matchPct"":63.6},{""code"":""IN"",""name"":""Indie"",""score"":0.6298,""matchPct"":63},{""code"":""JP"",""name"":""Japonia"",""score"":0.6125,""matchPct"":61.3},{""code"":""GE"",""name"":""Gruzja"",""score"":0.5663,""matchPct"":56.6},{""code"":""GB"",""name"":""Wielka Brytania"",""score"":0.5619000000000001,""matchPct"":56.2},{""code"":""TR"",""name"":""Turcja"",""score"":0.5464,""matchPct"":54.6}]",aspirations,wsm,reality,3,1,3,2,1,3,4,3,4,C,reality,false,"Bardzo lubię europejskie kierunki podróży, a w szczególności śródziemnomorskie. W liście C mamy zarówno Włochy, Grecje i Hiszpanię na wysokich miejscach a są to moje ulubione/wymarzone kierunki podróży. Te kierunki są również przystępne cenowo, mają długą historię i wiele zabytków wartych odwiedzenia oraz piękną przyrodę i klimat.",nie
5799b852-fed8-4ef1-8871-8989a6f7285c,2026-05-04 18:47:22.372998+00,Kobieta,18-25 lat,2-3 razy w roku,0.15,0.2,0.35,0.1,0.06,0.14,"Chiny (77.9%), USA (73.7%), Włochy (73.5%), Japonia (62.2%), Indie (61.1%), Francja (60.4%), Hiszpania (59.1%), Australia (54.7%), Indonezja (54.6%), Grecja (54.5%)","[{""code"":""CN"",""name"":""Chiny"",""score"":0.7790999999999999,""matchPct"":77.9},{""code"":""US"",""name"":""USA"",""score"":0.7374999999999999,""matchPct"":73.7},{""code"":""IT"",""name"":""Włochy"",""score"":0.735,""matchPct"":73.5},{""code"":""JP"",""name"":""Japonia"",""score"":0.6224000000000001,""matchPct"":62.2},{""code"":""IN"",""name"":""Indie"",""score"":0.6114999999999999,""matchPct"":61.1},{""code"":""FR"",""name"":""Francja"",""score"":0.6035999999999999,""matchPct"":60.4},{""code"":""ES"",""name"":""Hiszpania"",""score"":0.5907,""matchPct"":59.1},{""code"":""AU"",""name"":""Australia"",""score"":0.5465,""matchPct"":54.7},{""code"":""ID"",""name"":""Indonezja"",""score"":0.5462,""matchPct"":54.6},{""code"":""GR"",""name"":""Grecja"",""score"":0.5448000000000001,""matchPct"":54.5}]",aspirations,wsm,reality,4,3,5,3,2,4,5,5,5,C,reality,false,,tak
579d464f-b67a-459c-845b-ad0644232498,2026-05-04 18:12:34.647285+00,Mężczyzna,18-25 lat,Raz na kilka lat,0.25,0,0,0.2,0.3,0.25,"Włochy (83%), Hiszpania (79.4%), Chiny (76.2%), Francja (75.2%), Holandia (73.6%), Andora (69.9%), Wielka Brytania (69.2%), Czechy (68.8%), Portugalia (68.7%), Gruzja (67.9%)","[{""code"":""IT"",""name"":""Włochy"",""score"":0.8295,""matchPct"":83},{""code"":""ES"",""name"":""Hiszpania"",""score"":0.794,""matchPct"":79.4},{""code"":""CN"",""name"":""Chiny"",""score"":0.762,""matchPct"":76.2},{""code"":""FR"",""name"":""Francja"",""score"":0.7515000000000001,""matchPct"":75.2},{""code"":""NL"",""name"":""Holandia"",""score"":0.7364999999999999,""matchPct"":73.6},{""code"":""AD"",""name"":""Andora"",""score"":0.6985,""matchPct"":69.9},{""code"":""GB"",""name"":""Wielka Brytania"",""score"":0.6915,""matchPct"":69.2},{""code"":""CZ"",""name"":""Czechy"",""score"":0.6880000000000001,""matchPct"":68.8},{""code"":""PT"",""name"":""Portugalia"",""score"":0.6865,""matchPct"":68.7},{""code"":""GE"",""name"":""Gruzja"",""score"":0.6789999999999999,""matchPct"":67.9}]",aspirations,wsm,reality,4,4,5,2,1,3,4,3,3,B,wsm,false,,tak
5806edb0-2b7a-47af-802f-9bfdda294b7a,2026-05-04 17:17:06.553953+00,Kobieta,18-25 lat,Raz na kilka lat,0.1,0.1,0.1,0,0.5,0.2,"Włochy (77.9%), Gruzja (75%), Chiny (74.9%), Hiszpania (74.8%), Indie (70.3%), Chorwacja (70%), Turcja (69.3%), Grecja (69.3%), Bułgaria (68.8%), Egipt (68.7%)","[{""code"":""IT"",""name"":""Włochy"",""score"":0.779,""matchPct"":77.9},{""code"":""GE"",""name"":""Gruzja"",""score"":0.75,""matchPct"":75},{""code"":""CN"",""name"":""Chiny"",""score"":0.7489999999999999,""matchPct"":74.9},{""code"":""ES"",""name"":""Hiszpania"",""score"":0.748,""matchPct"":74.8},{""code"":""IN"",""name"":""Indie"",""score"":0.703,""matchPct"":70.3},{""code"":""HR"",""name"":""Chorwacja"",""score"":0.7000000000000001,""matchPct"":70},{""code"":""TR"",""name"":""Turcja"",""score"":0.6930000000000001,""matchPct"":69.3},{""code"":""GR"",""name"":""Grecja"",""score"":0.693,""matchPct"":69.3},{""code"":""BG"",""name"":""Bułgaria"",""score"":0.6880000000000001,""matchPct"":68.8},{""code"":""EG"",""name"":""Egipt"",""score"":0.6869999999999999,""matchPct"":68.7}]",reality,wsm,aspirations,4,2,5,5,1,5,4,3,4,A,reality,false,"Kierunki z lista A mają najmniejsze koszty, chociaż najbardziej sercem jestem z listą C",trudno_powiedziec
5830c0a8-b53f-4354-ad44-c67502c45066,2026-05-04 07:55:06.706861+00,Kobieta,46-60 lat,Raz w roku,0.14,0.18,0.53,0.15,0,0,"USA (84.5%), Chiny (80.8%), Włochy (75.1%), Indie (62.3%), Francja (61.2%), Meksyk (60.9%), Japonia (60.6%), Kanada (60.3%), Brazylia (59.4%), Peru (55.7%)","[{""code"":""US"",""name"":""USA"",""score"":0.8451000000000001,""matchPct"":84.5},{""code"":""CN"",""name"":""Chiny"",""score"":0.8075000000000001,""matchPct"":80.8},{""code"":""IT"",""name"":""Włochy"",""score"":0.751,""matchPct"":75.1},{""code"":""IN"",""name"":""Indie"",""score"":0.6232,""matchPct"":62.3},{""code"":""FR"",""name"":""Francja"",""score"":0.6119,""matchPct"":61.2},{""code"":""MX"",""name"":""Meksyk"",""score"":0.6086,""matchPct"":60.9},{""code"":""JP"",""name"":""Japonia"",""score"":0.6064,""matchPct"":60.6},{""code"":""CA"",""name"":""Kanada"",""score"":0.6034999999999999,""matchPct"":60.3},{""code"":""BR"",""name"":""Brazylia"",""score"":0.5940000000000001,""matchPct"":59.4},{""code"":""PE"",""name"":""Peru"",""score"":0.5569999999999999,""matchPct"":55.7}]",reality,aspirations,wsm,5,3,4,5,3,5,3,4,3,B,aspirations,false,,tak
588b4c3c-d9b7-49e3-aed4-2b54d4def25e,2026-05-04 18:06:08.704234+00,Kobieta,18-25 lat,Raz na kilka lat,0.1,0.4,0.05,0.1,0.1,0.25,"Włochy (69.2%), Grecja (68.1%), Chiny (66.3%), Tajlandia (65.9%), Hiszpania (65.4%), Japonia (64.4%), USA (63.8%), Australia (63.7%), Indonezja (62.9%), Filipiny (60.1%)","[{""code"":""IT"",""name"":""Włochy"",""score"":0.6924999999999999,""matchPct"":69.2},{""code"":""GR"",""name"":""Grecja"",""score"":0.681,""matchPct"":68.1},{""code"":""CN"",""name"":""Chiny"",""score"":0.6625000000000001,""matchPct"":66.3},{""code"":""TH"",""name"":""Tajlandia"",""score"":0.6585000000000001,""matchPct"":65.9},{""code"":""ES"",""name"":""Hiszpania"",""score"":0.6535,""matchPct"":65.4},{""code"":""JP"",""name"":""Japonia"",""score"":0.644,""matchPct"":64.4},{""code"":""US"",""name"":""USA"",""score"":0.6379999999999999,""matchPct"":63.8},{""code"":""AU"",""name"":""Australia"",""score"":0.6365000000000001,""matchPct"":63.7},{""code"":""ID"",""name"":""Indonezja"",""score"":0.6285000000000001,""matchPct"":62.9},{""code"":""PH"",""name"":""Filipiny"",""score"":0.6010000000000001,""matchPct"":60.1}]",wsm,aspirations,reality,4,2,2,1,2,1,3,2,1,A,wsm,false,"Lista B ma na 1 miejscu Stany Zjednoczone których nigdy bym nie rozważyła, preferuje kraje typu Hiszpania/Japonia.",tak
59804114-5219-4fdb-b515-420091d7fe0d,2026-05-04 20:24:57.337786+00,Mężczyzna,18-25 lat,Raz na kilka lat,0.2,0,0.2,0.11,0.24,0.25,"Chiny (81.9%), Włochy (78.8%), Hiszpania (70.7%), Francja (68.1%), Japonia (65%), Gruzja (64.2%), Indie (63.5%), USA (62.8%), Słowenia (62.3%), Finlandia (62%)","[{""code"":""CN"",""name"":""Chiny"",""score"":0.8186,""matchPct"":81.9},{""code"":""IT"",""name"":""Włochy"",""score"":0.7880999999999999,""matchPct"":78.8},{""code"":""ES"",""name"":""Hiszpania"",""score"":0.7072,""matchPct"":70.7},{""code"":""FR"",""name"":""Francja"",""score"":0.6812,""matchPct"":68.1},{""code"":""JP"",""name"":""Japonia"",""score"":0.6496,""matchPct"":65},{""code"":""GE"",""name"":""Gruzja"",""score"":0.6417,""matchPct"":64.2},{""code"":""IN"",""name"":""Indie"",""score"":0.6352,""matchPct"":63.5},{""code"":""US"",""name"":""USA"",""score"":0.6277000000000001,""matchPct"":62.8},{""code"":""SI"",""name"":""Słowenia"",""score"":0.6226,""matchPct"":62.3},{""code"":""FI"",""name"":""Finlandia"",""score"":0.6201,""matchPct"":62}]",reality,wsm,aspirations,5,2,3,3,3,4,1,3,1,B,wsm,false,Bardziej preferuję kulturę azjatycką,trudno_powiedziec
5980b142-44a1-448a-abfc-df63d6b719dd,2026-05-04 17:12:38.373845+00,Mężczyzna,18-25 lat,Raz na kilka lat,0.1,0.2,0.2,0.15,0.1,0.25,"Chiny (76.9%), Włochy (72.1%), USA (69.5%), Japonia (67.5%), Hiszpania (66.3%), Francja (61.9%), Grecja (61.5%), Indie (60.6%), Australia (58.9%), Słowenia (58.6%)","[{""code"":""CN"",""name"":""Chiny"",""score"":0.7689999999999999,""matchPct"":76.9},{""code"":""IT"",""name"":""Włochy"",""score"":0.7214999999999999,""matchPct"":72.1},{""code"":""US"",""name"":""USA"",""score"":0.6945000000000001,""matchPct"":69.5},{""code"":""JP"",""name"":""Japonia"",""score"":0.675,""matchPct"":67.5},{""code"":""ES"",""name"":""Hiszpania"",""score"":0.663,""matchPct"":66.3},{""code"":""FR"",""name"":""Francja"",""score"":0.619,""matchPct"":61.9},{""code"":""GR"",""name"":""Grecja"",""score"":0.6145,""matchPct"":61.5},{""code"":""IN"",""name"":""Indie"",""score"":0.6060000000000001,""matchPct"":60.6},{""code"":""AU"",""name"":""Australia"",""score"":0.589,""matchPct"":58.9},{""code"":""SI"",""name"":""Słowenia"",""score"":0.5860000000000001,""matchPct"":58.6}]",reality,aspirations,wsm,4,2,5,5,2,5,3,2,4,B,aspirations,false,,tak
59cb09c6-c4c1-445a-a562-495b49a08315,2026-05-04 19:58:03.601792+00,Kobieta,18-25 lat,Raz na kilka lat,0.15,0,0.15,0.05,0.15,0.5,"Chiny (86.5%), Japonia (71.6%), Włochy (71.4%), Słowenia (70.8%), Andora (70.5%), Finlandia (70.2%), Gruzja (70.1%), Hiszpania (70%), Chorwacja (68.5%), Czechy (68%)","[{""code"":""CN"",""name"":""Chiny"",""score"":0.8645,""matchPct"":86.5},{""code"":""JP"",""name"":""Japonia"",""score"":0.7164999999999999,""matchPct"":71.6},{""code"":""IT"",""name"":""Włochy"",""score"":0.7144999999999999,""matchPct"":71.4},{""code"":""SI"",""name"":""Słowenia"",""score"":0.708,""matchPct"":70.8},{""code"":""AD"",""name"":""Andora"",""score"":0.705,""matchPct"":70.5},{""code"":""FI"",""name"":""Finlandia"",""score"":0.702,""matchPct"":70.2},{""code"":""GE"",""name"":""Gruzja"",""score"":0.7010000000000001,""matchPct"":70.1},{""code"":""ES"",""name"":""Hiszpania"",""score"":0.7,""matchPct"":70},{""code"":""HR"",""name"":""Chorwacja"",""score"":0.6845,""matchPct"":68.5},{""code"":""CZ"",""name"":""Czechy"",""score"":0.6795,""matchPct"":68}]",wsm,aspirations,reality,2,4,3,1,3,2,1,4,2,A,wsm,false,,trudno_powiedziec
5a3e92ab-90b7-40c7-a9cb-d39705906c3a,2026-05-04 17:42:20.354918+00,Kobieta,18-25 lat,Raz w roku,0.42,0,0.5,0,0.08,0,"Włochy (84%), Chiny (82.1%), USA (68.9%), Francja (65.4%), Indie (62.1%), Hiszpania (53%), Kanada (51.1%), Peru (50.9%), Japonia (50.7%), Meksyk (50.6%)","[{""code"":""IT"",""name"":""Włochy"",""score"":0.8396,""matchPct"":84},{""code"":""CN"",""name"":""Chiny"",""score"":0.8213999999999999,""matchPct"":82.1},{""code"":""US"",""name"":""USA"",""score"":0.6894,""matchPct"":68.9},{""code"":""FR"",""name"":""Francja"",""score"":0.654,""matchPct"":65.4},{""code"":""IN"",""name"":""Indie"",""score"":0.6206,""matchPct"":62.1},{""code"":""ES"",""name"":""Hiszpania"",""score"":0.5298,""matchPct"":53},{""code"":""CA"",""name"":""Kanada"",""score"":0.5107999999999999,""matchPct"":51.1},{""code"":""PE"",""name"":""Peru"",""score"":0.509,""matchPct"":50.9},{""code"":""JP"",""name"":""Japonia"",""score"":0.5068,""matchPct"":50.7},{""code"":""MX"",""name"":""Meksyk"",""score"":0.5058,""matchPct"":50.6}]",aspirations,reality,wsm,3,2,3,4,2,3,4,3,4,A,aspirations,false,,tak
5a743f8c-91fc-497c-8185-d6eec5f2c3cb,2026-05-04 17:20:37.601785+00,Mężczyzna,18-25 lat,Raz w roku,0.09,0.2,0.21,0,0.2,0.3,"Chiny (77.6%), Włochy (70.2%), Japonia (64.7%), Hiszpania (64.2%), USA (63.5%), Indie (62.4%), Gruzja (62.1%), Słowenia (60.9%), Grecja (59.5%), Chorwacja (59.4%)","[{""code"":""CN"",""name"":""Chiny"",""score"":0.7757000000000001,""matchPct"":77.6},{""code"":""IT"",""name"":""Włochy"",""score"":0.702,""matchPct"":70.2},{""code"":""JP"",""name"":""Japonia"",""score"":0.6466000000000001,""matchPct"":64.7},{""code"":""ES"",""name"":""Hiszpania"",""score"":0.6423,""matchPct"":64.2},{""code"":""US"",""name"":""USA"",""score"":0.6353,""matchPct"":63.5},{""code"":""IN"",""name"":""Indie"",""score"":0.6243000000000001,""matchPct"":62.4},{""code"":""GE"",""name"":""Gruzja"",""score"":0.6214,""matchPct"":62.1},{""code"":""SI"",""name"":""Słowenia"",""score"":0.6087,""matchPct"":60.9},{""code"":""GR"",""name"":""Grecja"",""score"":0.5946,""matchPct"":59.5},{""code"":""HR"",""name"":""Chorwacja"",""score"":0.5937,""matchPct"":59.4}]",aspirations,reality,wsm,4,3,3,4,2,3,4,4,5,B,reality,false,lista B najbardziej godzą moim upodobaniom i cenowo najbardziej odpowiada,trudno_powiedziec
5bdd71ce-63b0-452c-969b-5c9ded1a4be7,2026-05-04 17:08:13.60497+00,Kobieta,18-25 lat,Raz na kilka lat,0.31,0.1,0.06,0.07,0.34,0.12,"Włochy (83.8%), Francja (72.5%), Hiszpania (72.1%), Chiny (70.6%), Indie (65.5%), Grecja (62%), Wielka Brytania (60.8%), Turcja (59.7%), Gruzja (57.8%), Egipt (57.3%)","[{""code"":""IT"",""name"":""Włochy"",""score"":0.8378,""matchPct"":83.8},{""code"":""FR"",""name"":""Francja"",""score"":0.7251000000000001,""matchPct"":72.5},{""code"":""ES"",""name"":""Hiszpania"",""score"":0.7206,""matchPct"":72.1},{""code"":""CN"",""name"":""Chiny"",""score"":0.7056,""matchPct"":70.6},{""code"":""IN"",""name"":""Indie"",""score"":0.6553,""matchPct"":65.5},{""code"":""GR"",""name"":""Grecja"",""score"":0.6197,""matchPct"":62},{""code"":""GB"",""name"":""Wielka Brytania"",""score"":0.6075,""matchPct"":60.8},{""code"":""TR"",""name"":""Turcja"",""score"":0.5969,""matchPct"":59.7},{""code"":""GE"",""name"":""Gruzja"",""score"":0.5777,""matchPct"":57.8},{""code"":""EG"",""name"":""Egipt"",""score"":0.5729000000000001,""matchPct"":57.3}]",wsm,aspirations,reality,3,2,3,5,1,5,1,3,1,B,aspirations,false,Japonia i Kanada są moimi marzeniami już od dawien dawna. Jeżeli bym miała odłożyć pieniądze na wyjazd to właśnie tam,tak
5bde0df6-fa42-480e-95a2-18b84585489f,2026-05-04 17:14:51.72543+00,Kobieta,18-25 lat,2-3 razy w roku,0.01,0.4,0.4,0.04,0.08,0.07,"USA (79.6%), Chiny (72.4%), Włochy (67.5%), Indonezja (65.9%), Meksyk (64%), Indie (63.3%), Tajlandia (63.3%), Australia (62.4%), Grecja (61.4%), Brazylia (61.3%)","[{""code"":""US"",""name"":""USA"",""score"":0.7955,""matchPct"":79.6},{""code"":""CN"",""name"":""Chiny"",""score"":0.7244,""matchPct"":72.4},{""code"":""IT"",""name"":""Włochy"",""score"":0.6747000000000001,""matchPct"":67.5},{""code"":""ID"",""name"":""Indonezja"",""score"":0.6591,""matchPct"":65.9},{""code"":""MX"",""name"":""Meksyk"",""score"":0.6400000000000001,""matchPct"":64},{""code"":""IN"",""name"":""Indie"",""score"":0.6331000000000001,""matchPct"":63.3},{""code"":""TH"",""name"":""Tajlandia"",""score"":0.6329000000000001,""matchPct"":63.3},{""code"":""AU"",""name"":""Australia"",""score"":0.6242000000000001,""matchPct"":62.4},{""code"":""GR"",""name"":""Grecja"",""score"":0.6138,""matchPct"":61.4},{""code"":""BR"",""name"":""Brazylia"",""score"":0.613,""matchPct"":61.3}]",reality,aspirations,wsm,5,4,5,5,4,5,4,4,4,B,aspirations,false,,tak
5bfe3be4-d0ca-4c46-95a6-38265bd41c0d,2026-05-04 19:03:43.667363+00,Kobieta,46-60 lat,Raz na kilka lat,0.43,0.24,0.23,0,0,0.1,"Włochy (79.2%), Chiny (69.4%), Francja (61.5%), USA (60%), Indie (57.1%), Hiszpania (54.6%), Japonia (51.3%), Meksyk (49%), Grecja (45.3%), Australia (43.7%)","[{""code"":""IT"",""name"":""Włochy"",""score"":0.792,""matchPct"":79.2},{""code"":""CN"",""name"":""Chiny"",""score"":0.6942999999999999,""matchPct"":69.4},{""code"":""FR"",""name"":""Francja"",""score"":0.6148000000000001,""matchPct"":61.5},{""code"":""US"",""name"":""USA"",""score"":0.5995,""matchPct"":60},{""code"":""IN"",""name"":""Indie"",""score"":0.5713,""matchPct"":57.1},{""code"":""ES"",""name"":""Hiszpania"",""score"":0.5457,""matchPct"":54.6},{""code"":""JP"",""name"":""Japonia"",""score"":0.5126000000000001,""matchPct"":51.3},{""code"":""MX"",""name"":""Meksyk"",""score"":0.49029999999999996,""matchPct"":49},{""code"":""GR"",""name"":""Grecja"",""score"":0.45299999999999996,""matchPct"":45.3},{""code"":""AU"",""name"":""Australia"",""score"":0.4369,""matchPct"":43.7}]",wsm,reality,aspirations,5,3,4,3,3,3,5,5,5,B,reality,false,,tak
5c6f95da-69af-4fe6-923a-a67dceaa5186,2026-05-04 17:08:38.533345+00,Mężczyzna,26-35 lat,Raz na kilka lat,0.2,0.06,0.44,0.06,0.14,0.1,"Chiny (83.1%), Włochy (77.6%), USA (73.2%), Indie (63.8%), Francja (63.3%), Japonia (59.7%), Kanada (59.2%), Hiszpania (59.1%), Brazylia (52.1%), Meksyk (52%)","[{""code"":""CN"",""name"":""Chiny"",""score"":0.8312,""matchPct"":83.1},{""code"":""IT"",""name"":""Włochy"",""score"":0.7756000000000001,""matchPct"":77.6},{""code"":""US"",""name"":""USA"",""score"":0.7318,""matchPct"":73.2},{""code"":""IN"",""name"":""Indie"",""score"":0.638,""matchPct"":63.8},{""code"":""FR"",""name"":""Francja"",""score"":0.6332000000000001,""matchPct"":63.3},{""code"":""JP"",""name"":""Japonia"",""score"":0.5972,""matchPct"":59.7},{""code"":""CA"",""name"":""Kanada"",""score"":0.5924,""matchPct"":59.2},{""code"":""ES"",""name"":""Hiszpania"",""score"":0.5905999999999999,""matchPct"":59.1},{""code"":""BR"",""name"":""Brazylia"",""score"":0.521,""matchPct"":52.1},{""code"":""MX"",""name"":""Meksyk"",""score"":0.5198,""matchPct"":52}]",aspirations,wsm,reality,3,5,1,3,5,1,1,5,1,B,wsm,false,"cena nie gra roli, wybieram liste b bo jest na niej japonia i chiny, usa bym wywalil z tego zestawienia tak wysoko, lista a nie ma chin",nie
5c8af3fc-0fff-4909-99e1-ef39942ce2f2,2026-05-04 17:13:26.693142+00,Mężczyzna,18-25 lat,Raz w roku,0.2,0,0.35,0.2,0.15,0.1,"Chiny (83.2%), Włochy (80.9%), USA (74.1%), Francja (70%), Hiszpania (66.7%), Indie (63.9%), Japonia (63.9%), Kanada (63.3%), Wielka Brytania (58.7%), Turcja (56.3%)","[{""code"":""CN"",""name"":""Chiny"",""score"":0.8315,""matchPct"":83.2},{""code"":""IT"",""name"":""Włochy"",""score"":0.8085,""matchPct"":80.9},{""code"":""US"",""name"":""USA"",""score"":0.7405,""matchPct"":74.1},{""code"":""FR"",""name"":""Francja"",""score"":0.6995,""matchPct"":70},{""code"":""ES"",""name"":""Hiszpania"",""score"":0.667,""matchPct"":66.7},{""code"":""IN"",""name"":""Indie"",""score"":0.6385000000000001,""matchPct"":63.9},{""code"":""JP"",""name"":""Japonia"",""score"":0.6385,""matchPct"":63.9},{""code"":""CA"",""name"":""Kanada"",""score"":0.6325000000000001,""matchPct"":63.3},{""code"":""GB"",""name"":""Wielka Brytania"",""score"":0.5870000000000001,""matchPct"":58.7},{""code"":""TR"",""name"":""Turcja"",""score"":0.5625000000000001,""matchPct"":56.3}]",reality,aspirations,wsm,3,4,4,3,3,4,2,4,3,B,aspirations,false,,tak
5d9ed1f5-3655-4354-9425-a26447780a0a,2026-05-01 22:56:39.175466+00,Kobieta,46-60 lat,Raz w roku,0.25,0.25,0.25,0,0.25,0,"Włochy (79.3%), Chiny (68.8%), Indie (65.8%), Francja (65%), USA (64.8%), Hiszpania (60.5%), Meksyk (59.3%), Grecja (58.8%), Turcja (54.3%), Brazylia (54.3%)","[{""code"":""IT"",""name"":""Włochy"",""score"":0.7925,""matchPct"":79.3},{""code"":""CN"",""name"":""Chiny"",""score"":0.6875,""matchPct"":68.8},{""code"":""IN"",""name"":""Indie"",""score"":0.6575000000000001,""matchPct"":65.8},{""code"":""FR"",""name"":""Francja"",""score"":0.65,""matchPct"":65},{""code"":""US"",""name"":""USA"",""score"":0.6475,""matchPct"":64.8},{""code"":""ES"",""name"":""Hiszpania"",""score"":0.605,""matchPct"":60.5},{""code"":""MX"",""name"":""Meksyk"",""score"":0.5925,""matchPct"":59.3},{""code"":""GR"",""name"":""Grecja"",""score"":0.5875,""matchPct"":58.8},{""code"":""TR"",""name"":""Turcja"",""score"":0.5425,""matchPct"":54.3},{""code"":""BR"",""name"":""Brazylia"",""score"":0.5425,""matchPct"":54.3}]",wsm,reality,aspirations,5,5,5,3,2,3,4,4,4,A,wsm,false,To moje ulubione,tak
5e3af120-34d5-4236-9cd9-24fb945bce2b,2026-05-04 17:06:41.598503+00,Mężczyzna,18-25 lat,Raz na kilka lat,0,0.1,0.2,0.3,0.2,0.2,"Chiny (80.4%), USA (76.2%), Hiszpania (75.2%), Włochy (75.2%), Japonia (73.1%), Andora (71.4%), Słowenia (70.6%), Grecja (70.2%), Gruzja (70%), Chorwacja (69.7%)","[{""code"":""CN"",""name"":""Chiny"",""score"":0.804,""matchPct"":80.4},{""code"":""US"",""name"":""USA"",""score"":0.762,""matchPct"":76.2},{""code"":""ES"",""name"":""Hiszpania"",""score"":0.752,""matchPct"":75.2},{""code"":""IT"",""name"":""Włochy"",""score"":0.752,""matchPct"":75.2},{""code"":""JP"",""name"":""Japonia"",""score"":0.731,""matchPct"":73.1},{""code"":""AD"",""name"":""Andora"",""score"":0.714,""matchPct"":71.4},{""code"":""SI"",""name"":""Słowenia"",""score"":0.7060000000000001,""matchPct"":70.6},{""code"":""GR"",""name"":""Grecja"",""score"":0.7020000000000001,""matchPct"":70.2},{""code"":""GE"",""name"":""Gruzja"",""score"":0.7000000000000001,""matchPct"":70},{""code"":""HR"",""name"":""Chorwacja"",""score"":0.6970000000000001,""matchPct"":69.7}]",wsm,reality,aspirations,2,3,2,3,2,3,3,3,3,B,reality,false,,tak
5f483fc5-ac0c-45ad-9f71-7014003dfd4c,2026-05-02 00:14:31.679069+00,Kobieta,18-25 lat,2-3 razy w roku,0.16,0.16,0.16,0.16,0.03,0.33,"Chiny (78.4%), Włochy (72.3%), Japonia (69%), Hiszpania (66.6%), USA (66%), Francja (61.5%), Singapur (58.2%), Słowenia (58%), Australia (57.6%), Indie (57.5%)","[{""code"":""CN"",""name"":""Chiny"",""score"":0.7844,""matchPct"":78.4},{""code"":""IT"",""name"":""Włochy"",""score"":0.7230000000000001,""matchPct"":72.3},{""code"":""JP"",""name"":""Japonia"",""score"":0.6899,""matchPct"":69},{""code"":""ES"",""name"":""Hiszpania"",""score"":0.6663,""matchPct"":66.6},{""code"":""US"",""name"":""USA"",""score"":0.6595,""matchPct"":66},{""code"":""FR"",""name"":""Francja"",""score"":0.6152,""matchPct"":61.5},{""code"":""SG"",""name"":""Singapur"",""score"":0.5819000000000001,""matchPct"":58.2},{""code"":""SI"",""name"":""Słowenia"",""score"":0.5801000000000001,""matchPct"":58},{""code"":""AU"",""name"":""Australia"",""score"":0.5760000000000001,""matchPct"":57.6},{""code"":""IN"",""name"":""Indie"",""score"":0.5745,""matchPct"":57.5}]",reality,aspirations,wsm,4,3,4,3,3,4,2,5,2,B,aspirations,false,,tak
5f7f243f-94a0-401e-93ed-0f135d7211aa,2026-05-01 21:05:12.502454+00,Kobieta,18-25 lat,Raz w roku,0.15,0.08,0.09,0.04,0.34,0.3,"Chiny (77.5%), Włochy (76.3%), Hiszpania (73.1%), Gruzja (70.3%), Chorwacja (67.3%), Słowenia (66.6%), Francja (66.3%), Portugalia (65.4%), Andora (65.3%), Indie (65%)","[{""code"":""CN"",""name"":""Chiny"",""score"":0.7745,""matchPct"":77.5},{""code"":""IT"",""name"":""Włochy"",""score"":0.7630000000000001,""matchPct"":76.3},{""code"":""ES"",""name"":""Hiszpania"",""score"":0.7309,""matchPct"":73.1},{""code"":""GE"",""name"":""Gruzja"",""score"":0.7032,""matchPct"":70.3},{""code"":""HR"",""name"":""Chorwacja"",""score"":0.6725000000000001,""matchPct"":67.3},{""code"":""SI"",""name"":""Słowenia"",""score"":0.6657000000000001,""matchPct"":66.6},{""code"":""FR"",""name"":""Francja"",""score"":0.6626000000000001,""matchPct"":66.3},{""code"":""PT"",""name"":""Portugalia"",""score"":0.6543000000000001,""matchPct"":65.4},{""code"":""AD"",""name"":""Andora"",""score"":0.6532,""matchPct"":65.3},{""code"":""IN"",""name"":""Indie"",""score"":0.6499,""matchPct"":65}]",wsm,reality,aspirations,2,3,3,2,1,4,4,5,2,A,wsm,false,,tak
5fb25f34-b6b3-4a5f-979d-ea65b2cf52aa,2026-05-04 17:11:34.000564+00,Kobieta,18-25 lat,Raz na kilka lat,0.3,0.5,0.15,0,0.05,0,"Włochy (74.9%), USA (63.4%), Meksyk (62.1%), Indie (59.5%), Grecja (59.4%), Francja (58.8%), Chiny (58%), Tajlandia (56.6%), Australia (54.8%), Hiszpania (54%)","[{""code"":""IT"",""name"":""Włochy"",""score"":0.7484999999999999,""matchPct"":74.9},{""code"":""US"",""name"":""USA"",""score"":0.6335,""matchPct"":63.4},{""code"":""MX"",""name"":""Meksyk"",""score"":0.6205,""matchPct"":62.1},{""code"":""IN"",""name"":""Indie"",""score"":0.5954999999999999,""matchPct"":59.5},{""code"":""GR"",""name"":""Grecja"",""score"":0.594,""matchPct"":59.4},{""code"":""FR"",""name"":""Francja"",""score"":0.5884999999999999,""matchPct"":58.8},{""code"":""CN"",""name"":""Chiny"",""score"":0.5795,""matchPct"":58},{""code"":""TH"",""name"":""Tajlandia"",""score"":0.5655,""matchPct"":56.6},{""code"":""AU"",""name"":""Australia"",""score"":0.5475,""matchPct"":54.8},{""code"":""ES"",""name"":""Hiszpania"",""score"":0.54,""matchPct"":54}]",reality,wsm,aspirations,5,2,5,4,1,5,5,4,5,A,reality,false,Lista B i C posiadają bardzo atrakcyjną listę państw lecz Lista A jest bardziej realistyczna jeżeli chodzi o cenę,tak
60b10135-de6d-4da2-8d66-92323139ab2f,2026-05-04 18:46:43.067448+00,Kobieta,18-25 lat,Raz na kilka lat,0.1,0.04,0.01,0.15,0.3,0.4,"Chiny (79.8%), Andora (79.6%), Hiszpania (79.1%), Holandia (77.5%), Gruzja (77.5%), Chorwacja (77%), Czechy (76.2%), Portugalia (76.1%), Słowenia (75.5%), Włochy (75.2%)","[{""code"":""CN"",""name"":""Chiny"",""score"":0.7978999999999999,""matchPct"":79.8},{""code"":""AD"",""name"":""Andora"",""score"":0.7959,""matchPct"":79.6},{""code"":""ES"",""name"":""Hiszpania"",""score"":0.7910999999999999,""matchPct"":79.1},{""code"":""NL"",""name"":""Holandia"",""score"":0.7748,""matchPct"":77.5},{""code"":""GE"",""name"":""Gruzja"",""score"":0.7745,""matchPct"":77.5},{""code"":""HR"",""name"":""Chorwacja"",""score"":0.7695000000000001,""matchPct"":77},{""code"":""CZ"",""name"":""Czechy"",""score"":0.762,""matchPct"":76.2},{""code"":""PT"",""name"":""Portugalia"",""score"":0.7607,""matchPct"":76.1},{""code"":""SI"",""name"":""Słowenia"",""score"":0.7553000000000001,""matchPct"":75.5},{""code"":""IT"",""name"":""Włochy"",""score"":0.752,""matchPct"":75.2}]",wsm,aspirations,reality,4,3,2,1,1,1,4,4,3,A,wsm,false,"B jest droga i daleka, C jest stricte plażowa. W A początek wydaje mi się losowy, a reszta całkiem dobra",tak
60c25df2-c869-48ba-b57a-e2b6efd191ab,2026-05-04 17:09:02.542105+00,Nie chcę podawać,18-25 lat,Raz w roku,0.19,0,0,0,0.51,0.3,"Włochy (80.5%), Hiszpania (79%), Gruzja (78.2%), Chiny (76.7%), Czechy (75.5%), Holandia (74.4%), Andora (73.9%), Chorwacja (73.7%), Portugalia (73.6%), Węgry (72.6%)","[{""code"":""IT"",""name"":""Włochy"",""score"":0.8047,""matchPct"":80.5},{""code"":""ES"",""name"":""Hiszpania"",""score"":0.7901,""matchPct"":79},{""code"":""GE"",""name"":""Gruzja"",""score"":0.7817000000000001,""matchPct"":78.2},{""code"":""CN"",""name"":""Chiny"",""score"":0.7667999999999999,""matchPct"":76.7},{""code"":""CZ"",""name"":""Czechy"",""score"":0.7545000000000001,""matchPct"":75.5},{""code"":""NL"",""name"":""Holandia"",""score"":0.7436,""matchPct"":74.4},{""code"":""AD"",""name"":""Andora"",""score"":0.7387,""matchPct"":73.9},{""code"":""HR"",""name"":""Chorwacja"",""score"":0.7372000000000001,""matchPct"":73.7},{""code"":""PT"",""name"":""Portugalia"",""score"":0.7357,""matchPct"":73.6},{""code"":""HU"",""name"":""Węgry"",""score"":0.7257,""matchPct"":72.6}]",aspirations,wsm,reality,3,4,2,2,1,2,4,4,4,C,reality,false,,trudno_powiedziec
60da8216-8fec-4532-99e9-80cbe216898a,2026-05-04 19:02:32.905297+00,Kobieta,18-25 lat,Raz na kilka lat,0.1,0.2,0.3,0,0.1,0.3,"Chiny (80.1%), Włochy (68.8%), USA (67.4%), Japonia (64.9%), Indie (60.4%), Hiszpania (59.6%), Indonezja (57.2%), Słowenia (57%), Gruzja (56.5%), Wietnam (55.8%)","[{""code"":""CN"",""name"":""Chiny"",""score"":0.8009999999999999,""matchPct"":80.1},{""code"":""IT"",""name"":""Włochy"",""score"":0.688,""matchPct"":68.8},{""code"":""US"",""name"":""USA"",""score"":0.674,""matchPct"":67.4},{""code"":""JP"",""name"":""Japonia"",""score"":0.649,""matchPct"":64.9},{""code"":""IN"",""name"":""Indie"",""score"":0.604,""matchPct"":60.4},{""code"":""ES"",""name"":""Hiszpania"",""score"":0.5960000000000001,""matchPct"":59.6},{""code"":""ID"",""name"":""Indonezja"",""score"":0.5720000000000001,""matchPct"":57.2},{""code"":""SI"",""name"":""Słowenia"",""score"":0.5700000000000001,""matchPct"":57},{""code"":""GE"",""name"":""Gruzja"",""score"":0.5650000000000001,""matchPct"":56.5},{""code"":""VN"",""name"":""Wietnam"",""score"":0.558,""matchPct"":55.8}]",wsm,reality,aspirations,3,2,4,2,2,3,4,3,3,A,wsm,false,,tak
647b24ae-a18e-4abc-a7b6-dc2c1330258d,2026-05-04 19:47:28.682366+00,Mężczyzna,18-25 lat,Raz na kilka lat,0.13,0,0.21,0.15,0.16,0.35,"Chiny (85.3%), Włochy (74.8%), Hiszpania (71%), Japonia (70.8%), Andora (68.3%), Słowenia (68.1%), Finlandia (67.9%), Gruzja (67.5%), USA (65.7%), Chorwacja (65.6%)","[{""code"":""CN"",""name"":""Chiny"",""score"":0.8534999999999999,""matchPct"":85.3},{""code"":""IT"",""name"":""Włochy"",""score"":0.7477,""matchPct"":74.8},{""code"":""ES"",""name"":""Hiszpania"",""score"":0.7099,""matchPct"":71},{""code"":""JP"",""name"":""Japonia"",""score"":0.7081999999999999,""matchPct"":70.8},{""code"":""AD"",""name"":""Andora"",""score"":0.6829999999999999,""matchPct"":68.3},{""code"":""SI"",""name"":""Słowenia"",""score"":0.6813,""matchPct"":68.1},{""code"":""FI"",""name"":""Finlandia"",""score"":0.6785000000000001,""matchPct"":67.9},{""code"":""GE"",""name"":""Gruzja"",""score"":0.6751,""matchPct"":67.5},{""code"":""US"",""name"":""USA"",""score"":0.6566,""matchPct"":65.7},{""code"":""HR"",""name"":""Chorwacja"",""score"":0.6564000000000001,""matchPct"":65.6}]",aspirations,wsm,reality,3,3,4,3,2,3,4,3,4,B,wsm,false,,tak
64cd343e-e32c-45d9-b7ba-a5e867ba1921,2026-05-04 18:54:46.00844+00,Mężczyzna,18-25 lat,2-3 razy w roku,0.15,0.02,0.33,0.2,0.15,0.15,"Chiny (83.6%), Włochy (78.5%), USA (74.1%), Francja (68.3%), Hiszpania (67.6%), Japonia (66.3%), Kanada (64.3%), Indie (63.6%), Słowenia (59%), Gruzja (58.9%)","[{""code"":""CN"",""name"":""Chiny"",""score"":0.8357,""matchPct"":83.6},{""code"":""IT"",""name"":""Włochy"",""score"":0.785,""matchPct"":78.5},{""code"":""US"",""name"":""USA"",""score"":0.7412,""matchPct"":74.1},{""code"":""FR"",""name"":""Francja"",""score"":0.6829999999999999,""matchPct"":68.3},{""code"":""ES"",""name"":""Hiszpania"",""score"":0.6758000000000001,""matchPct"":67.6},{""code"":""JP"",""name"":""Japonia"",""score"":0.6627000000000001,""matchPct"":66.3},{""code"":""CA"",""name"":""Kanada"",""score"":0.6434000000000001,""matchPct"":64.3},{""code"":""IN"",""name"":""Indie"",""score"":0.6355999999999999,""matchPct"":63.6},{""code"":""SI"",""name"":""Słowenia"",""score"":0.5904,""matchPct"":59},{""code"":""GE"",""name"":""Gruzja"",""score"":0.5885,""matchPct"":58.9}]",reality,wsm,aspirations,4,3,4,3,2,3,2,4,2,B,wsm,false,,tak
652ccac6-a26d-4a50-9076-4303dcedca2d,2026-05-02 19:46:06.725295+00,Mężczyzna,36-45 lat,2-3 razy w roku,0.32,0.14,0,0.25,0.2,0.09,"Włochy (84.9%), Francja (76.1%), Hiszpania (74.8%), Chiny (67.9%), Grecja (65.7%), Wielka Brytania (62.8%), Indie (62.2%), USA (60.5%), Japonia (60.3%), Holandia (60.1%)","[{""code"":""IT"",""name"":""Włochy"",""score"":0.8493,""matchPct"":84.9},{""code"":""FR"",""name"":""Francja"",""score"":0.7612,""matchPct"":76.1},{""code"":""ES"",""name"":""Hiszpania"",""score"":0.7484,""matchPct"":74.8},{""code"":""CN"",""name"":""Chiny"",""score"":0.679,""matchPct"":67.9},{""code"":""GR"",""name"":""Grecja"",""score"":0.6565000000000001,""matchPct"":65.7},{""code"":""GB"",""name"":""Wielka Brytania"",""score"":0.6284,""matchPct"":62.8},{""code"":""IN"",""name"":""Indie"",""score"":0.6222000000000001,""matchPct"":62.2},{""code"":""US"",""name"":""USA"",""score"":0.6053000000000001,""matchPct"":60.5},{""code"":""JP"",""name"":""Japonia"",""score"":0.6026,""matchPct"":60.3},{""code"":""NL"",""name"":""Holandia"",""score"":0.6011,""matchPct"":60.1}]",aspirations,reality,wsm,2,2,3,1,1,2,3,4,3,B,reality,false,,tak
654a891c-03e0-4817-8836-bec501fdb93c,2026-05-04 18:57:21.511149+00,Mężczyzna,18-25 lat,Raz na kilka lat,0.25,0.2,0.2,0.3,0,0.05,"Włochy (80.3%), USA (74%), Chiny (71.8%), Francja (70.1%), Hiszpania (66.1%), Japonia (62.8%), Grecja (60.2%), Indie (59.4%), Australia (58.5%), Meksyk (56.1%)","[{""code"":""IT"",""name"":""Włochy"",""score"":0.8025,""matchPct"":80.3},{""code"":""US"",""name"":""USA"",""score"":0.7404999999999999,""matchPct"":74},{""code"":""CN"",""name"":""Chiny"",""score"":0.718,""matchPct"":71.8},{""code"":""FR"",""name"":""Francja"",""score"":0.7014999999999999,""matchPct"":70.1},{""code"":""ES"",""name"":""Hiszpania"",""score"":0.661,""matchPct"":66.1},{""code"":""JP"",""name"":""Japonia"",""score"":0.6280000000000001,""matchPct"":62.8},{""code"":""GR"",""name"":""Grecja"",""score"":0.602,""matchPct"":60.2},{""code"":""IN"",""name"":""Indie"",""score"":0.5935,""matchPct"":59.4},{""code"":""AU"",""name"":""Australia"",""score"":0.5850000000000001,""matchPct"":58.5},{""code"":""MX"",""name"":""Meksyk"",""score"":0.5609999999999999,""matchPct"":56.1}]",aspirations,reality,wsm,4,1,2,4,1,3,3,2,1,A,aspirations,false,mocne zróżnicowanie między krajami oraz duża zmienność kulturowa i atmosferyczna,tak
6591e3ff-12ba-4ec0-bc39-997c1c2e3a06,2026-05-04 17:09:16.409323+00,Kobieta,18-25 lat,2-3 razy w roku,0.15,0.2,0.05,0.2,0.2,0.2,"Włochy (76.9%), Hiszpania (73.2%), Chiny (71.2%), Francja (68.7%), Grecja (68.5%), Japonia (65.7%), USA (64.2%), Indie (62.5%), Chorwacja (61.2%), Turcja (60.9%)","[{""code"":""IT"",""name"":""Włochy"",""score"":0.769,""matchPct"":76.9},{""code"":""ES"",""name"":""Hiszpania"",""score"":0.7315,""matchPct"":73.2},{""code"":""CN"",""name"":""Chiny"",""score"":0.7124999999999999,""matchPct"":71.2},{""code"":""FR"",""name"":""Francja"",""score"":0.6869999999999999,""matchPct"":68.7},{""code"":""GR"",""name"":""Grecja"",""score"":0.685,""matchPct"":68.5},{""code"":""JP"",""name"":""Japonia"",""score"":0.657,""matchPct"":65.7},{""code"":""US"",""name"":""USA"",""score"":0.6415,""matchPct"":64.2},{""code"":""IN"",""name"":""Indie"",""score"":0.6245,""matchPct"":62.5},{""code"":""HR"",""name"":""Chorwacja"",""score"":0.6115000000000002,""matchPct"":61.2},{""code"":""TR"",""name"":""Turcja"",""score"":0.6090000000000001,""matchPct"":60.9}]",aspirations,wsm,reality,4,5,5,5,2,5,3,2,3,B,wsm,false,Lista A najbardziej mi się podoba ale patrząc na mój budżet lista B bardziej mi odpowiada.,tak
6667c8ce-bdc8-4a57-aca3-9a74af00676d,2026-05-04 17:08:03.391366+00,Kobieta,18-25 lat,Raz na kilka lat,0.09,0.26,0.24,0.04,0.29,0.08,"Włochy (74.7%), Chiny (71.6%), USA (68.6%), Indie (67.1%), Grecja (65.8%), Hiszpania (64.5%), Francja (63.4%), Indonezja (61.7%), Tajlandia (61%), Turcja (60.8%)","[{""code"":""IT"",""name"":""Włochy"",""score"":0.7471,""matchPct"":74.7},{""code"":""CN"",""name"":""Chiny"",""score"":0.7159999999999999,""matchPct"":71.6},{""code"":""US"",""name"":""USA"",""score"":0.6861999999999999,""matchPct"":68.6},{""code"":""IN"",""name"":""Indie"",""score"":0.6708000000000001,""matchPct"":67.1},{""code"":""GR"",""name"":""Grecja"",""score"":0.6582000000000001,""matchPct"":65.8},{""code"":""ES"",""name"":""Hiszpania"",""score"":0.6447,""matchPct"":64.5},{""code"":""FR"",""name"":""Francja"",""score"":0.6335,""matchPct"":63.4},{""code"":""ID"",""name"":""Indonezja"",""score"":0.6173000000000001,""matchPct"":61.7},{""code"":""TH"",""name"":""Tajlandia"",""score"":0.6098999999999999,""matchPct"":61},{""code"":""TR"",""name"":""Turcja"",""score"":0.6077,""matchPct"":60.8}]",wsm,aspirations,reality,3,3,3,2,2,1,4,2,3,C,reality,false,,tak
66acaf94-3b96-47c7-b79d-d0983504137e,2026-05-04 18:19:23.507167+00,Mężczyzna,18-25 lat,Raz w roku,0.3,0.2,0.1,0.2,0.05,0.15,"Włochy (79.5%), Chiny (70.3%), Francja (68.2%), Hiszpania (67%), USA (64%), Japonia (61.3%), Grecja (58.7%), Indie (58.5%), Australia (53.9%), Wielka Brytania (52.6%)","[{""code"":""IT"",""name"":""Włochy"",""score"":0.795,""matchPct"":79.5},{""code"":""CN"",""name"":""Chiny"",""score"":0.703,""matchPct"":70.3},{""code"":""FR"",""name"":""Francja"",""score"":0.6819999999999999,""matchPct"":68.2},{""code"":""ES"",""name"":""Hiszpania"",""score"":0.6695000000000001,""matchPct"":67},{""code"":""US"",""name"":""USA"",""score"":0.6395,""matchPct"":64},{""code"":""JP"",""name"":""Japonia"",""score"":0.6125,""matchPct"":61.3},{""code"":""GR"",""name"":""Grecja"",""score"":0.587,""matchPct"":58.7},{""code"":""IN"",""name"":""Indie"",""score"":0.5845,""matchPct"":58.5},{""code"":""AU"",""name"":""Australia"",""score"":0.539,""matchPct"":53.9},{""code"":""GB"",""name"":""Wielka Brytania"",""score"":0.5255,""matchPct"":52.6}]",aspirations,reality,wsm,4,4,2,2,4,3,3,5,2,C,wsm,false,,tak
672c83cb-22f1-41f2-8ca0-fcf3358d220b,2026-05-04 20:13:32.812734+00,Kobieta,18-25 lat,2-3 razy w roku,0,0,0.05,0.05,0.1,0.8,"Chiny (92%), Andora (91.9%), Singapur (90.1%), Słowenia (89.1%), Finlandia (88.2%), Chorwacja (86.6%), Czechy (85.4%), Gruzja (85.2%), Japonia (83.6%), Holandia (83.6%)","[{""code"":""CN"",""name"":""Chiny"",""score"":0.9195,""matchPct"":92},{""code"":""AD"",""name"":""Andora"",""score"":0.9185000000000001,""matchPct"":91.9},{""code"":""SG"",""name"":""Singapur"",""score"":0.9005000000000001,""matchPct"":90.1},{""code"":""SI"",""name"":""Słowenia"",""score"":0.8905000000000001,""matchPct"":89.1},{""code"":""FI"",""name"":""Finlandia"",""score"":0.8820000000000001,""matchPct"":88.2},{""code"":""HR"",""name"":""Chorwacja"",""score"":0.8655000000000002,""matchPct"":86.6},{""code"":""CZ"",""name"":""Czechy"",""score"":0.8540000000000001,""matchPct"":85.4},{""code"":""GE"",""name"":""Gruzja"",""score"":0.8515,""matchPct"":85.2},{""code"":""JP"",""name"":""Japonia"",""score"":0.8360000000000001,""matchPct"":83.6},{""code"":""NL"",""name"":""Holandia"",""score"":0.8360000000000001,""matchPct"":83.6}]",aspirations,reality,wsm,3,3,2,2,1,2,4,3,3,C,wsm,false,,tak
689e941f-9fe8-4e60-a84b-7c50a52f0767,2026-05-04 20:10:05.275928+00,Mężczyzna,18-25 lat,Raz w roku,0.2,0,0.65,0.05,0.05,0.05,"Chiny (89.8%), USA (81.5%), Włochy (77.1%), Kanada (66.9%), Indie (63.4%), Francja (60.7%), Japonia (59.2%), Peru (59.1%), Brazylia (55.2%), Meksyk (53.5%)","[{""code"":""CN"",""name"":""Chiny"",""score"":0.8975,""matchPct"":89.8},{""code"":""US"",""name"":""USA"",""score"":0.815,""matchPct"":81.5},{""code"":""IT"",""name"":""Włochy"",""score"":0.771,""matchPct"":77.1},{""code"":""CA"",""name"":""Kanada"",""score"":0.6685,""matchPct"":66.9},{""code"":""IN"",""name"":""Indie"",""score"":0.6335000000000001,""matchPct"":63.4},{""code"":""FR"",""name"":""Francja"",""score"":0.6065,""matchPct"":60.7},{""code"":""JP"",""name"":""Japonia"",""score"":0.5915,""matchPct"":59.2},{""code"":""PE"",""name"":""Peru"",""score"":0.591,""matchPct"":59.1},{""code"":""BR"",""name"":""Brazylia"",""score"":0.5519999999999999,""matchPct"":55.2},{""code"":""MX"",""name"":""Meksyk"",""score"":0.535,""matchPct"":53.5}]",aspirations,reality,wsm,4,2,5,4,2,4,4,3,3,C,wsm,false,Najlepsza różnorodność miedzy kontynentami,tak
6914f89c-d305-4221-8f56-df8df06b368a,2026-05-04 17:15:33.80155+00,Mężczyzna,18-25 lat,Raz w roku,0.35,0,0.1,0.15,0.3,0.1,"Włochy (87%), Francja (76.4%), Chiny (74.4%), Hiszpania (73.7%), Wielka Brytania (65.3%), Indie (65%), Holandia (60.2%), Turcja (59.1%), Grecja (59%), USA (58%)","[{""code"":""IT"",""name"":""Włochy"",""score"":0.8700000000000001,""matchPct"":87},{""code"":""FR"",""name"":""Francja"",""score"":0.7635,""matchPct"":76.4},{""code"":""CN"",""name"":""Chiny"",""score"":0.744,""matchPct"":74.4},{""code"":""ES"",""name"":""Hiszpania"",""score"":0.737,""matchPct"":73.7},{""code"":""GB"",""name"":""Wielka Brytania"",""score"":0.6525000000000001,""matchPct"":65.3},{""code"":""IN"",""name"":""Indie"",""score"":0.6495000000000001,""matchPct"":65},{""code"":""NL"",""name"":""Holandia"",""score"":0.602,""matchPct"":60.2},{""code"":""TR"",""name"":""Turcja"",""score"":0.5905,""matchPct"":59.1},{""code"":""GR"",""name"":""Grecja"",""score"":0.5895,""matchPct"":59},{""code"":""US"",""name"":""USA"",""score"":0.5800000000000001,""matchPct"":58}]",wsm,aspirations,reality,5,2,4,4,2,5,3,2,2,A,wsm,false,,tak
69d5eea9-7750-4c85-a71f-a42c81db95fd,2026-05-04 19:30:26.216018+00,Kobieta,18-25 lat,Raz w roku,0.15,0.1,0.2,0.19,0.22,0.14,"Włochy (78.8%), Chiny (77.1%), Hiszpania (70.8%), Francja (69.7%), USA (69.2%), Japonia (64.7%), Indie (64.5%), Grecja (63.4%), Turcja (60.8%), Gruzja (60.7%)","[{""code"":""IT"",""name"":""Włochy"",""score"":0.7884,""matchPct"":78.8},{""code"":""CN"",""name"":""Chiny"",""score"":0.771,""matchPct"":77.1},{""code"":""ES"",""name"":""Hiszpania"",""score"":0.7080000000000002,""matchPct"":70.8},{""code"":""FR"",""name"":""Francja"",""score"":0.6969,""matchPct"":69.7},{""code"":""US"",""name"":""USA"",""score"":0.6918,""matchPct"":69.2},{""code"":""JP"",""name"":""Japonia"",""score"":0.6467999999999999,""matchPct"":64.7},{""code"":""IN"",""name"":""Indie"",""score"":0.6453,""matchPct"":64.5},{""code"":""GR"",""name"":""Grecja"",""score"":0.6337,""matchPct"":63.4},{""code"":""TR"",""name"":""Turcja"",""score"":0.6077,""matchPct"":60.8},{""code"":""GE"",""name"":""Gruzja"",""score"":0.6069,""matchPct"":60.7}]",wsm,aspirations,reality,3,3,3,1,2,2,4,4,2,A,wsm,false,,tak
69f608a1-5eff-4c0c-a4c1-862615915f3e,2026-05-04 17:11:22.726596+00,Kobieta,46-60 lat,2-3 razy w roku,0.12,0.88,0,0,0,0,"Tajlandia (77.2%), Grecja (75.6%), Australia (73.3%), Meksyk (73%), Filipiny (71.6%), Indonezja (70.1%), USA (65.9%), Włochy (64.8%), Brazylia (59.1%), Indie (58.3%)","[{""code"":""TH"",""name"":""Tajlandia"",""score"":0.7724,""matchPct"":77.2},{""code"":""GR"",""name"":""Grecja"",""score"":0.7564,""matchPct"":75.6},{""code"":""AU"",""name"":""Australia"",""score"":0.7332000000000001,""matchPct"":73.3},{""code"":""MX"",""name"":""Meksyk"",""score"":0.7296,""matchPct"":73},{""code"":""PH"",""name"":""Filipiny"",""score"":0.7164000000000001,""matchPct"":71.6},{""code"":""ID"",""name"":""Indonezja"",""score"":0.7012,""matchPct"":70.1},{""code"":""US"",""name"":""USA"",""score"":0.6592,""matchPct"":65.9},{""code"":""IT"",""name"":""Włochy"",""score"":0.648,""matchPct"":64.8},{""code"":""BR"",""name"":""Brazylia"",""score"":0.5908,""matchPct"":59.1},{""code"":""IN"",""name"":""Indie"",""score"":0.5828,""matchPct"":58.3}]",reality,aspirations,wsm,4,3,4,4,3,5,3,4,3,B,aspirations,false,,tak
6ae4bcd4-d313-4eca-8995-c200d026ad41,2026-05-04 07:47:24.862531+00,Kobieta,36-45 lat,Raz w roku,0.17,0.08,0.45,0.11,0.19,0,"Chiny (81%), Włochy (79.5%), USA (77.1%), Francja (66.6%), Indie (66.4%), Kanada (61.1%), Hiszpania (60.8%), Japonia (58.8%), Meksyk (58.5%), Brazylia (57.9%)","[{""code"":""CN"",""name"":""Chiny"",""score"":0.8095000000000001,""matchPct"":81},{""code"":""IT"",""name"":""Włochy"",""score"":0.7951,""matchPct"":79.5},{""code"":""US"",""name"":""USA"",""score"":0.7709,""matchPct"":77.1},{""code"":""FR"",""name"":""Francja"",""score"":0.6664000000000001,""matchPct"":66.6},{""code"":""IN"",""name"":""Indie"",""score"":0.664,""matchPct"":66.4},{""code"":""CA"",""name"":""Kanada"",""score"":0.611,""matchPct"":61.1},{""code"":""ES"",""name"":""Hiszpania"",""score"":0.6078,""matchPct"":60.8},{""code"":""JP"",""name"":""Japonia"",""score"":0.5877,""matchPct"":58.8},{""code"":""MX"",""name"":""Meksyk"",""score"":0.5852,""matchPct"":58.5},{""code"":""BR"",""name"":""Brazylia"",""score"":0.5786,""matchPct"":57.9}]",wsm,reality,aspirations,3,2,3,2,2,1,2,2,2,A,wsm,false,,tak
6aea4128-6346-451a-b167-9a26b092a2ef,2026-05-04 17:07:20.531579+00,Kobieta,18-25 lat,Raz na kilka lat,0.1,0.2,0.2,0.16,0.17,0.17,"Chiny (75%), Włochy (74.6%), USA (70.3%), Hiszpania (67.7%), Japonia (65.3%), Francja (64.9%), Grecja (64.5%), Indie (63.2%), Tajlandia (59.5%), Indonezja (59.5%)","[{""code"":""CN"",""name"":""Chiny"",""score"":0.7504000000000001,""matchPct"":75},{""code"":""IT"",""name"":""Włochy"",""score"":0.7456,""matchPct"":74.6},{""code"":""US"",""name"":""USA"",""score"":0.7027,""matchPct"":70.3},{""code"":""ES"",""name"":""Hiszpania"",""score"":0.6773,""matchPct"":67.7},{""code"":""JP"",""name"":""Japonia"",""score"":0.6533,""matchPct"":65.3},{""code"":""FR"",""name"":""Francja"",""score"":0.649,""matchPct"":64.9},{""code"":""GR"",""name"":""Grecja"",""score"":0.645,""matchPct"":64.5},{""code"":""IN"",""name"":""Indie"",""score"":0.6316999999999999,""matchPct"":63.2},{""code"":""TH"",""name"":""Tajlandia"",""score"":0.5948,""matchPct"":59.5},{""code"":""ID"",""name"":""Indonezja"",""score"":0.5946,""matchPct"":59.5}]",aspirations,wsm,reality,3,3,3,3,2,3,2,2,2,B,wsm,false,,tak
6b046ab8-f180-4ec9-952f-8a39634896ad,2026-05-02 17:57:16.753519+00,Kobieta,46-60 lat,2-3 razy w roku,0.17,0.13,0.2,0.13,0.16,0.21,"Chiny (77.4%), Włochy (76.1%), Hiszpania (67.4%), USA (66.4%), Francja (65.3%), Japonia (64.5%), Indie (62%), Grecja (59.2%), Gruzja (57.8%), Słowenia (56.7%)","[{""code"":""CN"",""name"":""Chiny"",""score"":0.7736000000000001,""matchPct"":77.4},{""code"":""IT"",""name"":""Włochy"",""score"":0.7613,""matchPct"":76.1},{""code"":""ES"",""name"":""Hiszpania"",""score"":0.6739999999999999,""matchPct"":67.4},{""code"":""US"",""name"":""USA"",""score"":0.6643,""matchPct"":66.4},{""code"":""FR"",""name"":""Francja"",""score"":0.6527000000000001,""matchPct"":65.3},{""code"":""JP"",""name"":""Japonia"",""score"":0.6445,""matchPct"":64.5},{""code"":""IN"",""name"":""Indie"",""score"":0.6204000000000001,""matchPct"":62},{""code"":""GR"",""name"":""Grecja"",""score"":0.5923999999999999,""matchPct"":59.2},{""code"":""GE"",""name"":""Gruzja"",""score"":0.5781999999999999,""matchPct"":57.8},{""code"":""SI"",""name"":""Słowenia"",""score"":0.5674,""matchPct"":56.7}]",aspirations,wsm,reality,4,3,3,3,2,2,4,5,3,C,reality,false,,trudno_powiedziec
6f0047c6-3b04-46d6-9ca5-034b1a8b7f19,2026-05-04 07:25:23.537713+00,Kobieta,46-60 lat,Raz na kilka lat,0.1,0.35,0.35,0.06,0.09,0.05,"USA (75.8%), Włochy (71.5%), Chiny (71.4%), Indie (62.9%), Meksyk (62%), Indonezja (60.5%), Grecja (59.8%), Tajlandia (59.1%), Japonia (58.7%), Australia (58.4%)","[{""code"":""US"",""name"":""USA"",""score"":0.7581999999999999,""matchPct"":75.8},{""code"":""IT"",""name"":""Włochy"",""score"":0.7145999999999999,""matchPct"":71.5},{""code"":""CN"",""name"":""Chiny"",""score"":0.7141,""matchPct"":71.4},{""code"":""IN"",""name"":""Indie"",""score"":0.6292,""matchPct"":62.9},{""code"":""MX"",""name"":""Meksyk"",""score"":0.6201,""matchPct"":62},{""code"":""ID"",""name"":""Indonezja"",""score"":0.6050000000000001,""matchPct"":60.5},{""code"":""GR"",""name"":""Grecja"",""score"":0.5981,""matchPct"":59.8},{""code"":""TH"",""name"":""Tajlandia"",""score"":0.5911,""matchPct"":59.1},{""code"":""JP"",""name"":""Japonia"",""score"":0.5866,""matchPct"":58.7},{""code"":""AU"",""name"":""Australia"",""score"":0.5841,""matchPct"":58.4}]",wsm,reality,aspirations,3,2,3,2,1,2,4,3,4,B,reality,false,Wybrane kraje,tak
6f1004a7-a0c9-439a-acc0-9b015ce58819,2026-05-04 17:58:12.793974+00,Mężczyzna,18-25 lat,Raz w roku,0,0.1,0.4,0,0.2,0.3,"Chiny (86.8%), USA (72.1%), Włochy (68.5%), Japonia (67.9%), Słowenia (67.4%), Gruzja (66.7%), Kanada (65.2%), Indie (64.3%), Finlandia (63.9%), Chorwacja (61.8%)","[{""code"":""CN"",""name"":""Chiny"",""score"":0.8679999999999999,""matchPct"":86.8},{""code"":""US"",""name"":""USA"",""score"":0.7210000000000001,""matchPct"":72.1},{""code"":""IT"",""name"":""Włochy"",""score"":0.685,""matchPct"":68.5},{""code"":""JP"",""name"":""Japonia"",""score"":0.679,""matchPct"":67.9},{""code"":""SI"",""name"":""Słowenia"",""score"":0.674,""matchPct"":67.4},{""code"":""GE"",""name"":""Gruzja"",""score"":0.667,""matchPct"":66.7},{""code"":""CA"",""name"":""Kanada"",""score"":0.652,""matchPct"":65.2},{""code"":""IN"",""name"":""Indie"",""score"":0.643,""matchPct"":64.3},{""code"":""FI"",""name"":""Finlandia"",""score"":0.639,""matchPct"":63.9},{""code"":""HR"",""name"":""Chorwacja"",""score"":0.6180000000000001,""matchPct"":61.8}]",reality,wsm,aspirations,4,4,3,4,4,3,3,4,3,B,wsm,false,,tak
6f67db53-ff09-436d-a6e8-799ba07704c6,2026-05-04 17:08:15.319858+00,Mężczyzna,18-25 lat,Raz w roku,0,0.04,0.5,0.15,0.16,0.15,"Chiny (88.8%), USA (82.7%), Kanada (73.8%), Włochy (73.1%), Japonia (68.6%), Indie (65.8%), Słowenia (64.7%), Hiszpania (62.9%), Gruzja (62.9%), Finlandia (62.8%)","[{""code"":""CN"",""name"":""Chiny"",""score"":0.8879999999999999,""matchPct"":88.8},{""code"":""US"",""name"":""USA"",""score"":0.8269000000000001,""matchPct"":82.7},{""code"":""CA"",""name"":""Kanada"",""score"":0.738,""matchPct"":73.8},{""code"":""IT"",""name"":""Włochy"",""score"":0.7307,""matchPct"":73.1},{""code"":""JP"",""name"":""Japonia"",""score"":0.6864,""matchPct"":68.6},{""code"":""IN"",""name"":""Indie"",""score"":0.6576,""matchPct"":65.8},{""code"":""SI"",""name"":""Słowenia"",""score"":0.6472,""matchPct"":64.7},{""code"":""ES"",""name"":""Hiszpania"",""score"":0.6294000000000001,""matchPct"":62.9},{""code"":""GE"",""name"":""Gruzja"",""score"":0.6293,""matchPct"":62.9},{""code"":""FI"",""name"":""Finlandia"",""score"":0.6279,""matchPct"":62.8}]",reality,wsm,aspirations,4,3,4,4,2,5,2,5,1,B,wsm,false,,tak
6fd00be3-2e71-41a6-a012-1e3c7e7b5c6d,2026-05-04 18:21:11.734777+00,Mężczyzna,26-35 lat,Raz na kilka lat,0.3,0.05,0.1,0.2,0.2,0.15,"Włochy (83.6%), Chiny (74.8%), Francja (73.6%), Hiszpania (72.8%), Wielka Brytania (62.5%), Indie (62.4%), Japonia (61.9%), USA (61.6%), Holandia (60%), Grecja (59.8%)","[{""code"":""IT"",""name"":""Włochy"",""score"":0.8355,""matchPct"":83.6},{""code"":""CN"",""name"":""Chiny"",""score"":0.748,""matchPct"":74.8},{""code"":""FR"",""name"":""Francja"",""score"":0.736,""matchPct"":73.6},{""code"":""ES"",""name"":""Hiszpania"",""score"":0.7280000000000001,""matchPct"":72.8},{""code"":""GB"",""name"":""Wielka Brytania"",""score"":0.6245,""matchPct"":62.5},{""code"":""IN"",""name"":""Indie"",""score"":0.6234999999999999,""matchPct"":62.4},{""code"":""JP"",""name"":""Japonia"",""score"":0.6185,""matchPct"":61.9},{""code"":""US"",""name"":""USA"",""score"":0.6155,""matchPct"":61.6},{""code"":""NL"",""name"":""Holandia"",""score"":0.5995,""matchPct"":60},{""code"":""GR"",""name"":""Grecja"",""score"":0.5975,""matchPct"":59.8}]",reality,aspirations,wsm,1,1,1,1,1,1,1,2,1,B,aspirations,false,,tak
7040b716-00e5-4679-a931-73d069fe669b,2026-05-04 17:43:51.227725+00,Mężczyzna,18-25 lat,Raz w roku,0.05,0.2,0.1,0.4,0.1,0.15,"USA (76.9%), Włochy (76.5%), Hiszpania (76.1%), Grecja (73.9%), Chiny (73.5%), Japonia (72.7%), Francja (71.8%), Australia (68.6%), Singapur (68.1%), Tajlandia (65.8%)","[{""code"":""US"",""name"":""USA"",""score"":0.7685000000000001,""matchPct"":76.9},{""code"":""IT"",""name"":""Włochy"",""score"":0.7645000000000001,""matchPct"":76.5},{""code"":""ES"",""name"":""Hiszpania"",""score"":0.761,""matchPct"":76.1},{""code"":""GR"",""name"":""Grecja"",""score"":0.739,""matchPct"":73.9},{""code"":""CN"",""name"":""Chiny"",""score"":0.735,""matchPct"":73.5},{""code"":""JP"",""name"":""Japonia"",""score"":0.727,""matchPct"":72.7},{""code"":""FR"",""name"":""Francja"",""score"":0.7184999999999999,""matchPct"":71.8},{""code"":""AU"",""name"":""Australia"",""score"":0.686,""matchPct"":68.6},{""code"":""SG"",""name"":""Singapur"",""score"":0.6805000000000001,""matchPct"":68.1},{""code"":""TH"",""name"":""Tajlandia"",""score"":0.6575,""matchPct"":65.8}]",reality,wsm,aspirations,5,2,5,4,3,3,2,5,3,B,wsm,false,,tak
711e7515-b8d0-4225-823b-9c5feb65ced1,2026-05-04 19:32:01.86656+00,Kobieta,18-25 lat,Raz na kilka lat,0.1,0.1,0.15,0.05,0.3,0.3,"Chiny (79.1%), Włochy (74.1%), Hiszpania (71.1%), Gruzja (69.9%), Słowenia (67.4%), Chorwacja (66.9%), Japonia (66.1%), Finlandia (64.9%), Indie (64.7%), Andora (64.5%)","[{""code"":""CN"",""name"":""Chiny"",""score"":0.7905,""matchPct"":79.1},{""code"":""IT"",""name"":""Włochy"",""score"":0.7410000000000001,""matchPct"":74.1},{""code"":""ES"",""name"":""Hiszpania"",""score"":0.7105,""matchPct"":71.1},{""code"":""GE"",""name"":""Gruzja"",""score"":0.6985,""matchPct"":69.9},{""code"":""SI"",""name"":""Słowenia"",""score"":0.6735,""matchPct"":67.4},{""code"":""HR"",""name"":""Chorwacja"",""score"":0.6685000000000001,""matchPct"":66.9},{""code"":""JP"",""name"":""Japonia"",""score"":0.661,""matchPct"":66.1},{""code"":""FI"",""name"":""Finlandia"",""score"":0.649,""matchPct"":64.9},{""code"":""IN"",""name"":""Indie"",""score"":0.647,""matchPct"":64.7},{""code"":""AD"",""name"":""Andora"",""score"":0.6445000000000001,""matchPct"":64.5}]",wsm,reality,aspirations,4,2,5,4,1,5,4,4,5,B,reality,false,,tak
71c3c599-5e6d-45bf-8dfe-5e2213b29ccf,2026-05-04 17:10:52.434158+00,Mężczyzna,18-25 lat,Raz na kilka lat,0.41,0.01,0.35,0,0.06,0.17,"Chiny (81.6%), Włochy (81%), Francja (63.6%), USA (61.7%), Indie (59%), Hiszpania (57.2%), Japonia (55.4%), Kanada (47.6%), Wielka Brytania (47.3%), Turcja (42.5%)","[{""code"":""CN"",""name"":""Chiny"",""score"":0.8164999999999999,""matchPct"":81.6},{""code"":""IT"",""name"":""Włochy"",""score"":0.8100999999999999,""matchPct"":81},{""code"":""FR"",""name"":""Francja"",""score"":0.6361999999999999,""matchPct"":63.6},{""code"":""US"",""name"":""USA"",""score"":0.6168,""matchPct"":61.7},{""code"":""IN"",""name"":""Indie"",""score"":0.5902,""matchPct"":59},{""code"":""ES"",""name"":""Hiszpania"",""score"":0.5720999999999999,""matchPct"":57.2},{""code"":""JP"",""name"":""Japonia"",""score"":0.5537000000000001,""matchPct"":55.4},{""code"":""CA"",""name"":""Kanada"",""score"":0.4764,""matchPct"":47.6},{""code"":""GB"",""name"":""Wielka Brytania"",""score"":0.4733,""matchPct"":47.3},{""code"":""TR"",""name"":""Turcja"",""score"":0.42500000000000004,""matchPct"":42.5}]",aspirations,wsm,reality,3,4,4,1,5,1,1,5,1,B,wsm,false,,trudno_powiedziec
736f89a2-4c76-4ea2-951a-6ce0e1b51652,2026-05-04 06:34:08.95661+00,Kobieta,46-60 lat,2-3 razy w roku,0.16,0.84,0,0,0,0,"Tajlandia (74.3%), Grecja (73.5%), Meksyk (71.3%), Australia (70.8%), Filipiny (68.5%), Indonezja (67.2%), Włochy (66.4%), USA (64.6%), Indie (58%), Brazylia (57.4%)","[{""code"":""TH"",""name"":""Tajlandia"",""score"":0.7432,""matchPct"":74.3},{""code"":""GR"",""name"":""Grecja"",""score"":0.7352,""matchPct"":73.5},{""code"":""MX"",""name"":""Meksyk"",""score"":0.7128,""matchPct"":71.3},{""code"":""AU"",""name"":""Australia"",""score"":0.7076,""matchPct"":70.8},{""code"":""PH"",""name"":""Filipiny"",""score"":0.6852,""matchPct"":68.5},{""code"":""ID"",""name"":""Indonezja"",""score"":0.6716,""matchPct"":67.2},{""code"":""IT"",""name"":""Włochy"",""score"":0.664,""matchPct"":66.4},{""code"":""US"",""name"":""USA"",""score"":0.6456,""matchPct"":64.6},{""code"":""IN"",""name"":""Indie"",""score"":0.5803999999999999,""matchPct"":58},{""code"":""BR"",""name"":""Brazylia"",""score"":0.5744,""matchPct"":57.4}]",reality,aspirations,wsm,3,3,3,4,3,3,5,5,5,A,reality,false,,tak
7377bafa-a31a-47ee-ae93-3ef022c2bc65,2026-05-04 18:03:29.258081+00,Mężczyzna,18-25 lat,Raz na kilka lat,0.31,0,0.33,0.05,0.23,0.08,"Włochy (83.1%), Chiny (80.3%), Francja (68.9%), USA (65%), Indie (64.9%), Hiszpania (63.5%), Japonia (56.2%), Wielka Brytania (55.5%), Kanada (53.9%), Turcja (53.3%)","[{""code"":""IT"",""name"":""Włochy"",""score"":0.8306999999999999,""matchPct"":83.1},{""code"":""CN"",""name"":""Chiny"",""score"":0.8030999999999999,""matchPct"":80.3},{""code"":""FR"",""name"":""Francja"",""score"":0.6893999999999999,""matchPct"":68.9},{""code"":""US"",""name"":""USA"",""score"":0.6496999999999999,""matchPct"":65},{""code"":""IN"",""name"":""Indie"",""score"":0.6486000000000001,""matchPct"":64.9},{""code"":""ES"",""name"":""Hiszpania"",""score"":0.6354,""matchPct"":63.5},{""code"":""JP"",""name"":""Japonia"",""score"":0.5617,""matchPct"":56.2},{""code"":""GB"",""name"":""Wielka Brytania"",""score"":0.5549,""matchPct"":55.5},{""code"":""CA"",""name"":""Kanada"",""score"":0.5388,""matchPct"":53.9},{""code"":""TR"",""name"":""Turcja"",""score"":0.5326,""matchPct"":53.3}]",wsm,reality,aspirations,2,2,4,4,1,4,4,4,5,B,reality,false,,tak
75192a7f-bf2d-4fff-a395-11755e8ce4d2,2026-05-02 04:52:12.525036+00,Kobieta,46-60 lat,Raz w roku,0.2,0.53,0.1,0,0,0.17,"Włochy (68.5%), USA (62.5%), Tajlandia (61.8%), Grecja (61.4%), Australia (61.2%), Chiny (60.5%), Indonezja (58.2%), Indie (57%), Japonia (56.5%), Meksyk (56%)","[{""code"":""IT"",""name"":""Włochy"",""score"":0.6849,""matchPct"":68.5},{""code"":""US"",""name"":""USA"",""score"":0.6253000000000001,""matchPct"":62.5},{""code"":""TH"",""name"":""Tajlandia"",""score"":0.6180000000000001,""matchPct"":61.8},{""code"":""GR"",""name"":""Grecja"",""score"":0.6143,""matchPct"":61.4},{""code"":""AU"",""name"":""Australia"",""score"":0.6116000000000001,""matchPct"":61.2},{""code"":""CN"",""name"":""Chiny"",""score"":0.6048,""matchPct"":60.5},{""code"":""ID"",""name"":""Indonezja"",""score"":0.5823,""matchPct"":58.2},{""code"":""IN"",""name"":""Indie"",""score"":0.5697,""matchPct"":57},{""code"":""JP"",""name"":""Japonia"",""score"":0.5645,""matchPct"":56.5},{""code"":""MX"",""name"":""Meksyk"",""score"":0.56,""matchPct"":56}]",wsm,reality,aspirations,5,3,5,4,3,4,5,5,5,B,reality,false,,tak
75b24c01-cd69-409c-96ab-e391a09697d3,2026-05-01 18:50:17.211911+00,Kobieta,26-35 lat,Raz w roku,0,0.73,0.17,0.1,0,0,"USA (77.5%), Tajlandia (76.9%), Australia (75.8%), Grecja (74.8%), Meksyk (73.6%), Indonezja (73.5%), Filipiny (70%), Włochy (64.5%), Brazylia (64.2%), Malezja (63.3%)","[{""code"":""US"",""name"":""USA"",""score"":0.7753,""matchPct"":77.5},{""code"":""TH"",""name"":""Tajlandia"",""score"":0.7685,""matchPct"":76.9},{""code"":""AU"",""name"":""Australia"",""score"":0.7579,""matchPct"":75.8},{""code"":""GR"",""name"":""Grecja"",""score"":0.7480999999999999,""matchPct"":74.8},{""code"":""MX"",""name"":""Meksyk"",""score"":0.7361,""matchPct"":73.6},{""code"":""ID"",""name"":""Indonezja"",""score"":0.7352000000000001,""matchPct"":73.5},{""code"":""PH"",""name"":""Filipiny"",""score"":0.6997000000000001,""matchPct"":70},{""code"":""IT"",""name"":""Włochy"",""score"":0.6449999999999999,""matchPct"":64.5},{""code"":""BR"",""name"":""Brazylia"",""score"":0.6421000000000001,""matchPct"":64.2},{""code"":""MY"",""name"":""Malezja"",""score"":0.6332,""matchPct"":63.3}]",aspirations,reality,wsm,3,4,4,3,4,4,3,5,1,C,wsm,false,,tak
76cfc4af-b8f4-4ce4-99db-7eae9af40ef7,2026-05-04 19:31:02.075502+00,Mężczyzna,18-25 lat,Częściej niż 3 razy w roku,0.1,0.25,0.15,0,0,0.5,"Chiny (79.1%), Japonia (70.2%), Włochy (64%), Hiszpania (61.5%), Słowenia (61.1%), Singapur (61%), USA (60.5%), Chorwacja (59.3%), Wietnam (58.9%), Gruzja (58.9%)","[{""code"":""CN"",""name"":""Chiny"",""score"":0.7905,""matchPct"":79.1},{""code"":""JP"",""name"":""Japonia"",""score"":0.7015,""matchPct"":70.2},{""code"":""IT"",""name"":""Włochy"",""score"":0.6399999999999999,""matchPct"":64},{""code"":""ES"",""name"":""Hiszpania"",""score"":0.6145,""matchPct"":61.5},{""code"":""SI"",""name"":""Słowenia"",""score"":0.6105,""matchPct"":61.1},{""code"":""SG"",""name"":""Singapur"",""score"":0.61,""matchPct"":61},{""code"":""US"",""name"":""USA"",""score"":0.6045,""matchPct"":60.5},{""code"":""HR"",""name"":""Chorwacja"",""score"":0.593,""matchPct"":59.3},{""code"":""VN"",""name"":""Wietnam"",""score"":0.589,""matchPct"":58.9},{""code"":""GE"",""name"":""Gruzja"",""score"":0.5885,""matchPct"":58.9}]",reality,wsm,aspirations,5,1,3,4,2,3,4,3,3,A,reality,false,,tak
76ed00c1-bbc5-42cf-aef8-ec8ea71d66c5,2026-05-04 18:23:57.764995+00,Mężczyzna,18-25 lat,Raz na kilka lat,0.1,0.2,0.2,0.2,0.1,0.2,"Chiny (76%), Włochy (73.7%), USA (71.8%), Hiszpania (67.5%), Japonia (67.5%), Francja (64.3%), Grecja (63.4%), Indie (61.2%), Australia (60.2%), Tajlandia (59.1%)","[{""code"":""CN"",""name"":""Chiny"",""score"":0.76,""matchPct"":76},{""code"":""IT"",""name"":""Włochy"",""score"":0.737,""matchPct"":73.7},{""code"":""US"",""name"":""USA"",""score"":0.7180000000000001,""matchPct"":71.8},{""code"":""ES"",""name"":""Hiszpania"",""score"":0.675,""matchPct"":67.5},{""code"":""JP"",""name"":""Japonia"",""score"":0.675,""matchPct"":67.5},{""code"":""FR"",""name"":""Francja"",""score"":0.643,""matchPct"":64.3},{""code"":""GR"",""name"":""Grecja"",""score"":0.634,""matchPct"":63.4},{""code"":""IN"",""name"":""Indie"",""score"":0.612,""matchPct"":61.2},{""code"":""AU"",""name"":""Australia"",""score"":0.6020000000000001,""matchPct"":60.2},{""code"":""TH"",""name"":""Tajlandia"",""score"":0.5910000000000001,""matchPct"":59.1}]",aspirations,wsm,reality,3,2,3,2,2,2,3,2,3,B,wsm,false,"Głównym czynnikiem, przez który wybrałem tę listę jest moje zainteresowanie / chęć poznania lub zwiedzenia państw znajdujących się na liście. Wybrana przeze mnie lista miała najwięcej państw, które uważam za bardzo interesujące i do których, gdybym miał planować wyjazd, najchętniej bym się wybrał. Dodatkowo, kraje znajdujące się na wybranej przeze mnie liście (lub większość z nich), wydają się być nieco bardziej bezpiecznymi miejscami, niż niektóre pozycje z pozostałych list.",tak
76f557ba-4fdf-4992-8428-f91970b8a5ab,2026-05-04 17:17:06.450831+00,Kobieta,18-25 lat,Raz na kilka lat,0.15,0.15,0.1,0.15,0.2,0.25,"Włochy (75.9%), Chiny (75.1%), Hiszpania (71.5%), Francja (66.6%), Japonia (66.2%), Grecja (64.2%), USA (63.3%), Gruzja (62.5%), Indie (62.2%), Chorwacja (61.7%)","[{""code"":""IT"",""name"":""Włochy"",""score"":0.7585,""matchPct"":75.9},{""code"":""CN"",""name"":""Chiny"",""score"":0.7509999999999999,""matchPct"":75.1},{""code"":""ES"",""name"":""Hiszpania"",""score"":0.715,""matchPct"":71.5},{""code"":""FR"",""name"":""Francja"",""score"":0.6655,""matchPct"":66.6},{""code"":""JP"",""name"":""Japonia"",""score"":0.6615,""matchPct"":66.2},{""code"":""GR"",""name"":""Grecja"",""score"":0.6420000000000001,""matchPct"":64.2},{""code"":""US"",""name"":""USA"",""score"":0.6325000000000001,""matchPct"":63.3},{""code"":""GE"",""name"":""Gruzja"",""score"":0.625,""matchPct"":62.5},{""code"":""IN"",""name"":""Indie"",""score"":0.622,""matchPct"":62.2},{""code"":""HR"",""name"":""Chorwacja"",""score"":0.617,""matchPct"":61.7}]",aspirations,wsm,reality,3,4,3,3,1,3,3,4,3,B,wsm,false,,tak
773972e9-81ba-4ae6-86dc-6e6e32ea429a,2026-05-02 06:35:28.566075+00,Kobieta,18-25 lat,Raz w roku,0.11,0.34,0.12,0.1,0.2,0.13,"Włochy (73.4%), Grecja (68.7%), Chiny (67.1%), USA (66.4%), Hiszpania (66.1%), Tajlandia (64%), Indie (63.5%), Francja (63%), Indonezja (62.1%), Japonia (61.1%)","[{""code"":""IT"",""name"":""Włochy"",""score"":0.7341,""matchPct"":73.4},{""code"":""GR"",""name"":""Grecja"",""score"":0.687,""matchPct"":68.7},{""code"":""CN"",""name"":""Chiny"",""score"":0.6712,""matchPct"":67.1},{""code"":""US"",""name"":""USA"",""score"":0.6640999999999999,""matchPct"":66.4},{""code"":""ES"",""name"":""Hiszpania"",""score"":0.6606000000000001,""matchPct"":66.1},{""code"":""TH"",""name"":""Tajlandia"",""score"":0.6396999999999999,""matchPct"":64},{""code"":""IN"",""name"":""Indie"",""score"":0.6351,""matchPct"":63.5},{""code"":""FR"",""name"":""Francja"",""score"":0.6301000000000001,""matchPct"":63},{""code"":""ID"",""name"":""Indonezja"",""score"":0.6205,""matchPct"":62.1},{""code"":""JP"",""name"":""Japonia"",""score"":0.6106,""matchPct"":61.1}]",reality,aspirations,wsm,5,2,5,5,2,5,3,4,4,C,wsm,false,,tak
77a1bc81-6193-444a-871c-584ad5b0fd83,2026-05-04 20:13:48.737868+00,Mężczyzna,18-25 lat,Raz na kilka lat,0.2,0.2,0.2,0.1,0.1,0.2,"Włochy (74.9%), Chiny (74.6%), USA (65.8%), Hiszpania (63.7%), Francja (62.6%), Japonia (62.3%), Indie (60.3%), Grecja (57.3%), Australia (53.4%), Tajlandia (53.3%)","[{""code"":""IT"",""name"":""Włochy"",""score"":0.7489999999999999,""matchPct"":74.9},{""code"":""CN"",""name"":""Chiny"",""score"":0.746,""matchPct"":74.6},{""code"":""US"",""name"":""USA"",""score"":0.658,""matchPct"":65.8},{""code"":""ES"",""name"":""Hiszpania"",""score"":0.637,""matchPct"":63.7},{""code"":""FR"",""name"":""Francja"",""score"":0.6259999999999999,""matchPct"":62.6},{""code"":""JP"",""name"":""Japonia"",""score"":0.623,""matchPct"":62.3},{""code"":""IN"",""name"":""Indie"",""score"":0.603,""matchPct"":60.3},{""code"":""GR"",""name"":""Grecja"",""score"":0.5730000000000001,""matchPct"":57.3},{""code"":""AU"",""name"":""Australia"",""score"":0.534,""matchPct"":53.4},{""code"":""TH"",""name"":""Tajlandia"",""score"":0.533,""matchPct"":53.3}]",reality,aspirations,wsm,3,3,3,3,3,3,3,3,3,B,aspirations,false,,trudno_powiedziec
77b1f4db-f388-43c9-932d-d6d7783dc310,2026-05-04 17:06:49.604897+00,Kobieta,18-25 lat,Raz w roku,0,0.25,0,0,0.25,0.5,"Chorwacja (75.8%), Gruzja (75.5%), Chiny (75.5%), Słowenia (74.2%), Hiszpania (71.8%), Japonia (71.5%), Singapur (70.5%), Andora (70%), Portugalia (69.8%), Finlandia (69%)","[{""code"":""HR"",""name"":""Chorwacja"",""score"":0.7575000000000001,""matchPct"":75.8},{""code"":""GE"",""name"":""Gruzja"",""score"":0.755,""matchPct"":75.5},{""code"":""CN"",""name"":""Chiny"",""score"":0.7549999999999999,""matchPct"":75.5},{""code"":""SI"",""name"":""Słowenia"",""score"":0.7424999999999999,""matchPct"":74.2},{""code"":""ES"",""name"":""Hiszpania"",""score"":0.7175,""matchPct"":71.8},{""code"":""JP"",""name"":""Japonia"",""score"":0.7150000000000001,""matchPct"":71.5},{""code"":""SG"",""name"":""Singapur"",""score"":0.7050000000000001,""matchPct"":70.5},{""code"":""AD"",""name"":""Andora"",""score"":0.7,""matchPct"":70},{""code"":""PT"",""name"":""Portugalia"",""score"":0.6975,""matchPct"":69.8},{""code"":""FI"",""name"":""Finlandia"",""score"":0.69,""matchPct"":69}]",reality,wsm,aspirations,3,3,4,3,2,3,2,3,2,B,wsm,false,,tak
783869d6-af6f-480a-833e-44131d8da4a0,2026-05-04 17:13:55.40277+00,Mężczyzna,18-25 lat,Raz na kilka lat,0.3,0.03,0.03,0.05,0.19,0.4,"Chiny (78.5%), Włochy (77.6%), Hiszpania (71.6%), Holandia (66.3%), Francja (65.7%), Japonia (64.7%), Gruzja (62.5%), Czechy (61.9%), Andora (61.1%), Chorwacja (61%)","[{""code"":""CN"",""name"":""Chiny"",""score"":0.7847000000000001,""matchPct"":78.5},{""code"":""IT"",""name"":""Włochy"",""score"":0.7763,""matchPct"":77.6},{""code"":""ES"",""name"":""Hiszpania"",""score"":0.7163999999999999,""matchPct"":71.6},{""code"":""NL"",""name"":""Holandia"",""score"":0.6634,""matchPct"":66.3},{""code"":""FR"",""name"":""Francja"",""score"":0.6569,""matchPct"":65.7},{""code"":""JP"",""name"":""Japonia"",""score"":0.6468,""matchPct"":64.7},{""code"":""GE"",""name"":""Gruzja"",""score"":0.6247,""matchPct"":62.5},{""code"":""CZ"",""name"":""Czechy"",""score"":0.619,""matchPct"":61.9},{""code"":""AD"",""name"":""Andora"",""score"":0.6109,""matchPct"":61.1},{""code"":""HR"",""name"":""Chorwacja"",""score"":0.6100000000000001,""matchPct"":61}]",aspirations,reality,wsm,4,3,3,3,3,3,4,4,4,C,wsm,false,,tak
78c8dc1a-44c5-493c-bcde-5ec5218ba3c7,2026-05-04 18:12:54.962548+00,Mężczyzna,18-25 lat,Raz w roku,0.1,0.14,0.1,0.06,0.16,0.44,"Chiny (79.8%), Japonia (70.3%), Włochy (69.7%), Hiszpania (69.6%), Gruzja (68%), Słowenia (67.9%), Chorwacja (67.4%), Andora (65.1%), Finlandia (65%), Portugalia (63.6%)","[{""code"":""CN"",""name"":""Chiny"",""score"":0.7982,""matchPct"":79.8},{""code"":""JP"",""name"":""Japonia"",""score"":0.7034,""matchPct"":70.3},{""code"":""IT"",""name"":""Włochy"",""score"":0.6968,""matchPct"":69.7},{""code"":""ES"",""name"":""Hiszpania"",""score"":0.6958,""matchPct"":69.6},{""code"":""GE"",""name"":""Gruzja"",""score"":0.6796,""matchPct"":68},{""code"":""SI"",""name"":""Słowenia"",""score"":0.6794,""matchPct"":67.9},{""code"":""HR"",""name"":""Chorwacja"",""score"":0.6744,""matchPct"":67.4},{""code"":""AD"",""name"":""Andora"",""score"":0.6508,""matchPct"":65.1},{""code"":""FI"",""name"":""Finlandia"",""score"":0.6496,""matchPct"":65},{""code"":""PT"",""name"":""Portugalia"",""score"":0.6362000000000001,""matchPct"":63.6}]",aspirations,wsm,reality,4,3,4,2,2,3,2,2,3,C,reality,false,,trudno_powiedziec
79266e92-ebd9-4732-9fbb-30f673b25bf3,2026-05-01 19:18:57.915308+00,Kobieta,18-25 lat,2-3 razy w roku,0.1,0.25,0.15,0.1,0.2,0.2,"Włochy (73.1%), Chiny (72.4%), Hiszpania (67.3%), USA (66.2%), Grecja (65.7%), Japonia (64%), Indie (63.2%), Francja (62.9%), Tajlandia (61.2%), Indonezja (60.6%)","[{""code"":""IT"",""name"":""Włochy"",""score"":0.731,""matchPct"":73.1},{""code"":""CN"",""name"":""Chiny"",""score"":0.7244999999999999,""matchPct"":72.4},{""code"":""ES"",""name"":""Hiszpania"",""score"":0.6725000000000001,""matchPct"":67.3},{""code"":""US"",""name"":""USA"",""score"":0.6615,""matchPct"":66.2},{""code"":""GR"",""name"":""Grecja"",""score"":0.6565,""matchPct"":65.7},{""code"":""JP"",""name"":""Japonia"",""score"":0.6395000000000001,""matchPct"":64},{""code"":""IN"",""name"":""Indie"",""score"":0.6315,""matchPct"":63.2},{""code"":""FR"",""name"":""Francja"",""score"":0.6285000000000001,""matchPct"":62.9},{""code"":""TH"",""name"":""Tajlandia"",""score"":0.6124999999999999,""matchPct"":61.2},{""code"":""ID"",""name"":""Indonezja"",""score"":0.606,""matchPct"":60.6}]",wsm,reality,aspirations,3,3,3,3,2,4,3,5,3,B,reality,false,,tak
79da3db5-c6ab-4bae-a732-6f1abf99ad05,2026-05-04 17:12:35.042747+00,Kobieta,18-25 lat,Częściej niż 3 razy w roku,0.5,0,0.34,0.04,0.1,0.02,"Włochy (87.2%), Chiny (77.6%), Francja (69.7%), USA (61.9%), Indie (60.9%), Hiszpania (58.1%), Wielka Brytania (50.3%), Japonia (50.1%), Meksyk (47.6%), Peru (44.6%)","[{""code"":""IT"",""name"":""Włochy"",""score"":0.8715999999999999,""matchPct"":87.2},{""code"":""CN"",""name"":""Chiny"",""score"":0.7758,""matchPct"":77.6},{""code"":""FR"",""name"":""Francja"",""score"":0.6971999999999999,""matchPct"":69.7},{""code"":""US"",""name"":""USA"",""score"":0.6188,""matchPct"":61.9},{""code"":""IN"",""name"":""Indie"",""score"":0.6092000000000001,""matchPct"":60.9},{""code"":""ES"",""name"":""Hiszpania"",""score"":0.5811999999999999,""matchPct"":58.1},{""code"":""GB"",""name"":""Wielka Brytania"",""score"":0.5034000000000001,""matchPct"":50.3},{""code"":""JP"",""name"":""Japonia"",""score"":0.5006,""matchPct"":50.1},{""code"":""MX"",""name"":""Meksyk"",""score"":0.47619999999999996,""matchPct"":47.6},{""code"":""PE"",""name"":""Peru"",""score"":0.44580000000000003,""matchPct"":44.6}]",aspirations,wsm,reality,4,4,5,3,2,1,3,5,2,B,wsm,false,,tak
79deca69-6fec-435c-aaa9-e59eaf5f8444,2026-05-01 19:42:28.544366+00,Mężczyzna,18-25 lat,Raz w roku,0.3,0.1,0.1,0,0.2,0.3,"Włochy (77.5%), Chiny (75.7%), Hiszpania (66.9%), Francja (64%), Indie (60.4%), Japonia (60.1%), Gruzja (56.5%), Holandia (55.1%), Chorwacja (53.7%), Grecja (53.5%)","[{""code"":""IT"",""name"":""Włochy"",""score"":0.7749999999999999,""matchPct"":77.5},{""code"":""CN"",""name"":""Chiny"",""score"":0.7569999999999999,""matchPct"":75.7},{""code"":""ES"",""name"":""Hiszpania"",""score"":0.6689999999999999,""matchPct"":66.9},{""code"":""FR"",""name"":""Francja"",""score"":0.64,""matchPct"":64},{""code"":""IN"",""name"":""Indie"",""score"":0.6040000000000001,""matchPct"":60.4},{""code"":""JP"",""name"":""Japonia"",""score"":0.601,""matchPct"":60.1},{""code"":""GE"",""name"":""Gruzja"",""score"":0.5650000000000001,""matchPct"":56.5},{""code"":""NL"",""name"":""Holandia"",""score"":0.551,""matchPct"":55.1},{""code"":""HR"",""name"":""Chorwacja"",""score"":0.537,""matchPct"":53.7},{""code"":""GR"",""name"":""Grecja"",""score"":0.535,""matchPct"":53.5}]",reality,wsm,aspirations,4,3,4,2,3,5,2,4,2,B,wsm,false,,tak
7a5a8309-83a8-49e7-a1b2-ebba5cb12779,2026-05-04 18:08:22.973886+00,Mężczyzna,18-25 lat,Raz na kilka lat,0.11,0.29,0.19,0.1,0.11,0.2,"Chiny (72.3%), Włochy (71.5%), USA (68.4%), Japonia (63.8%), Hiszpania (63.5%), Grecja (62.6%), Indie (61%), Tajlandia (60.2%), Francja (60.1%), Indonezja (59.7%)","[{""code"":""CN"",""name"":""Chiny"",""score"":0.7233,""matchPct"":72.3},{""code"":""IT"",""name"":""Włochy"",""score"":0.7146999999999999,""matchPct"":71.5},{""code"":""US"",""name"":""USA"",""score"":0.6840999999999999,""matchPct"":68.4},{""code"":""JP"",""name"":""Japonia"",""score"":0.6378,""matchPct"":63.8},{""code"":""ES"",""name"":""Hiszpania"",""score"":0.6345999999999999,""matchPct"":63.5},{""code"":""GR"",""name"":""Grecja"",""score"":0.6261,""matchPct"":62.6},{""code"":""IN"",""name"":""Indie"",""score"":0.6103,""matchPct"":61},{""code"":""TH"",""name"":""Tajlandia"",""score"":0.6016,""matchPct"":60.2},{""code"":""FR"",""name"":""Francja"",""score"":0.6011999999999998,""matchPct"":60.1},{""code"":""ID"",""name"":""Indonezja"",""score"":0.5971,""matchPct"":59.7}]",aspirations,reality,wsm,2,2,1,4,1,2,3,2,3,B,reality,false,,trudno_powiedziec
7a6d9af3-4821-432a-adb5-f73cc27e164f,2026-05-04 17:16:04.13092+00,Mężczyzna,18-25 lat,Raz w roku,0.1,0,0.2,0.2,0,0.5,"Chiny (89.2%), Japonia (77.6%), Andora (73.1%), Singapur (72.3%), Słowenia (71.8%), Finlandia (71.7%), Hiszpania (70.2%), Włochy (70.1%), Korea Południowa (69.1%), Chorwacja (68.3%)","[{""code"":""CN"",""name"":""Chiny"",""score"":0.892,""matchPct"":89.2},{""code"":""JP"",""name"":""Japonia"",""score"":0.776,""matchPct"":77.6},{""code"":""AD"",""name"":""Andora"",""score"":0.731,""matchPct"":73.1},{""code"":""SG"",""name"":""Singapur"",""score"":0.723,""matchPct"":72.3},{""code"":""SI"",""name"":""Słowenia"",""score"":0.718,""matchPct"":71.8},{""code"":""FI"",""name"":""Finlandia"",""score"":0.7170000000000001,""matchPct"":71.7},{""code"":""ES"",""name"":""Hiszpania"",""score"":0.702,""matchPct"":70.2},{""code"":""IT"",""name"":""Włochy"",""score"":0.7010000000000001,""matchPct"":70.1},{""code"":""KR"",""name"":""Korea Południowa"",""score"":0.6910000000000001,""matchPct"":69.1},{""code"":""HR"",""name"":""Chorwacja"",""score"":0.683,""matchPct"":68.3}]",wsm,aspirations,reality,4,3,5,3,2,5,2,3,2,B,aspirations,false,,tak
7aa6a5bb-9fe3-4f1e-8a9b-597573bc9bef,2026-05-04 18:41:06.337515+00,Mężczyzna,18-25 lat,Raz na kilka lat,0.3,0.05,0.15,0.3,0.15,0.05,"Włochy (85.8%), Francja (76.9%), Chiny (74.5%), Hiszpania (72.8%), USA (68.5%), Wielka Brytania (63.9%), Indie (62.6%), Japonia (62.1%), Grecja (61%), Turcja (57.5%)","[{""code"":""IT"",""name"":""Włochy"",""score"":0.8579999999999999,""matchPct"":85.8},{""code"":""FR"",""name"":""Francja"",""score"":0.7685,""matchPct"":76.9},{""code"":""CN"",""name"":""Chiny"",""score"":0.7445,""matchPct"":74.5},{""code"":""ES"",""name"":""Hiszpania"",""score"":0.728,""matchPct"":72.8},{""code"":""US"",""name"":""USA"",""score"":0.6849999999999998,""matchPct"":68.5},{""code"":""GB"",""name"":""Wielka Brytania"",""score"":0.6385,""matchPct"":63.9},{""code"":""IN"",""name"":""Indie"",""score"":0.626,""matchPct"":62.6},{""code"":""JP"",""name"":""Japonia"",""score"":0.6210000000000001,""matchPct"":62.1},{""code"":""GR"",""name"":""Grecja"",""score"":0.6095,""matchPct"":61},{""code"":""TR"",""name"":""Turcja"",""score"":0.5745,""matchPct"":57.5}]",reality,wsm,aspirations,4,3,2,3,1,2,3,4,2,B,wsm,false,,trudno_powiedziec
7ab609ca-e58c-447d-9315-bc0bec061543,2026-05-04 07:01:14.898335+00,Kobieta,26-35 lat,Raz na kilka lat,0.1,0.55,0.1,0.05,0.07,0.13,"Grecja (68.9%), Tajlandia (68.4%), Włochy (67.9%), USA (67%), Australia (65.7%), Indonezja (65.1%), Filipiny (62.6%), Meksyk (61.1%), Chiny (60%), Indie (59.9%)","[{""code"":""GR"",""name"":""Grecja"",""score"":0.6886000000000001,""matchPct"":68.9},{""code"":""TH"",""name"":""Tajlandia"",""score"":0.6843,""matchPct"":68.4},{""code"":""IT"",""name"":""Włochy"",""score"":0.679,""matchPct"":67.9},{""code"":""US"",""name"":""USA"",""score"":0.6695000000000001,""matchPct"":67},{""code"":""AU"",""name"":""Australia"",""score"":0.657,""matchPct"":65.7},{""code"":""ID"",""name"":""Indonezja"",""score"":0.6514000000000001,""matchPct"":65.1},{""code"":""PH"",""name"":""Filipiny"",""score"":0.6260000000000001,""matchPct"":62.6},{""code"":""MX"",""name"":""Meksyk"",""score"":0.6113,""matchPct"":61.1},{""code"":""CN"",""name"":""Chiny"",""score"":0.6002,""matchPct"":60},{""code"":""IN"",""name"":""Indie"",""score"":0.599,""matchPct"":59.9}]",reality,aspirations,wsm,3,2,2,2,3,2,4,4,3,A,reality,false,,tak
7c12e258-17e7-43df-855b-40a130f04a8e,2026-05-02 05:00:24.58263+00,Kobieta,46-60 lat,2-3 razy w roku,0.25,0.25,0.25,0,0,0.25,"Chiny (74.8%), Włochy (71.7%), USA (63.5%), Japonia (59.8%), Indie (57%), Hiszpania (56.3%), Francja (56%), Australia (51.3%), Indonezja (49.3%), Grecja (49.3%)","[{""code"":""CN"",""name"":""Chiny"",""score"":0.7475,""matchPct"":74.8},{""code"":""IT"",""name"":""Włochy"",""score"":0.7174999999999999,""matchPct"":71.7},{""code"":""US"",""name"":""USA"",""score"":0.635,""matchPct"":63.5},{""code"":""JP"",""name"":""Japonia"",""score"":0.5975,""matchPct"":59.8},{""code"":""IN"",""name"":""Indie"",""score"":0.5700000000000001,""matchPct"":57},{""code"":""ES"",""name"":""Hiszpania"",""score"":0.5625,""matchPct"":56.3},{""code"":""FR"",""name"":""Francja"",""score"":0.56,""matchPct"":56},{""code"":""AU"",""name"":""Australia"",""score"":0.5125,""matchPct"":51.3},{""code"":""ID"",""name"":""Indonezja"",""score"":0.49250000000000005,""matchPct"":49.3},{""code"":""GR"",""name"":""Grecja"",""score"":0.4925,""matchPct"":49.3}]",reality,aspirations,wsm,1,2,2,2,2,3,3,4,3,A,reality,false,"Lista A jest najbliżej moich preferencji , możliwości finansowych i zorganizowania logistyki",tak
7c1dc92c-4eda-4484-b7f1-4894c3128080,2026-05-04 18:12:46.122612+00,Kobieta,18-25 lat,Raz w roku,0.5,0.25,0,0,0,0.25,"Włochy (79.3%), Chiny (65.5%), Francja (62.5%), Hiszpania (60.5%), Indie (53.8%), Japonia (53.3%), USA (47.8%), Grecja (47.8%), Australia (43.5%), Wielka Brytania (42.8%)","[{""code"":""IT"",""name"":""Włochy"",""score"":0.7925,""matchPct"":79.3},{""code"":""CN"",""name"":""Chiny"",""score"":0.655,""matchPct"":65.5},{""code"":""FR"",""name"":""Francja"",""score"":0.625,""matchPct"":62.5},{""code"":""ES"",""name"":""Hiszpania"",""score"":0.605,""matchPct"":60.5},{""code"":""IN"",""name"":""Indie"",""score"":0.5375,""matchPct"":53.8},{""code"":""JP"",""name"":""Japonia"",""score"":0.5325,""matchPct"":53.3},{""code"":""US"",""name"":""USA"",""score"":0.4775,""matchPct"":47.8},{""code"":""GR"",""name"":""Grecja"",""score"":0.4775,""matchPct"":47.8},{""code"":""AU"",""name"":""Australia"",""score"":0.43500000000000005,""matchPct"":43.5},{""code"":""GB"",""name"":""Wielka Brytania"",""score"":0.4275,""matchPct"":42.8}]",wsm,reality,aspirations,3,3,3,2,3,2,2,3,3,A,wsm,false,,tak
7c5b1a1d-24eb-483f-a257-1d5ad5eb1cc5,2026-05-04 17:40:59.924191+00,Mężczyzna,18-25 lat,Raz na kilka lat,0.1,0.05,0.2,0.15,0.3,0.2,"Chiny (80.2%), Włochy (77.7%), Hiszpania (73%), Francja (69.1%), Gruzja (68.9%), USA (67.3%), Słowenia (66.7%), Japonia (66.6%), Indie (66.3%), Andora (65.9%)","[{""code"":""CN"",""name"":""Chiny"",""score"":0.802,""matchPct"":80.2},{""code"":""IT"",""name"":""Włochy"",""score"":0.777,""matchPct"":77.7},{""code"":""ES"",""name"":""Hiszpania"",""score"":0.73,""matchPct"":73},{""code"":""FR"",""name"":""Francja"",""score"":0.691,""matchPct"":69.1},{""code"":""GE"",""name"":""Gruzja"",""score"":0.6890000000000001,""matchPct"":68.9},{""code"":""US"",""name"":""USA"",""score"":0.673,""matchPct"":67.3},{""code"":""SI"",""name"":""Słowenia"",""score"":0.667,""matchPct"":66.7},{""code"":""JP"",""name"":""Japonia"",""score"":0.6655,""matchPct"":66.6},{""code"":""IN"",""name"":""Indie"",""score"":0.6625,""matchPct"":66.3},{""code"":""AD"",""name"":""Andora"",""score"":0.659,""matchPct"":65.9}]",aspirations,wsm,reality,2,3,3,3,2,4,4,4,4,A,aspirations,false,,tak
7c89bdd4-4566-4d0f-8462-7c84c210e208,2026-05-04 18:29:54.234132+00,Kobieta,18-25 lat,Raz na kilka lat,0.1,0.35,0.05,0,0.15,0.35,"Chiny (69.6%), Włochy (67.5%), Hiszpania (64.9%), Japonia (64.6%), Grecja (64.6%), Tajlandia (63.6%), Indonezja (61.7%), Wietnam (60.4%), Indie (59.5%), Filipiny (59.5%)","[{""code"":""CN"",""name"":""Chiny"",""score"":0.6955,""matchPct"":69.6},{""code"":""IT"",""name"":""Włochy"",""score"":0.6749999999999999,""matchPct"":67.5},{""code"":""ES"",""name"":""Hiszpania"",""score"":0.649,""matchPct"":64.9},{""code"":""JP"",""name"":""Japonia"",""score"":0.6459999999999999,""matchPct"":64.6},{""code"":""GR"",""name"":""Grecja"",""score"":0.6455,""matchPct"":64.6},{""code"":""TH"",""name"":""Tajlandia"",""score"":0.6355,""matchPct"":63.6},{""code"":""ID"",""name"":""Indonezja"",""score"":0.617,""matchPct"":61.7},{""code"":""VN"",""name"":""Wietnam"",""score"":0.6044999999999999,""matchPct"":60.4},{""code"":""IN"",""name"":""Indie"",""score"":0.595,""matchPct"":59.5},{""code"":""PH"",""name"":""Filipiny"",""score"":0.595,""matchPct"":59.5}]",reality,aspirations,wsm,2,3,2,2,2,1,2,4,3,A,reality,false,"Lista A posiada kierunki, w których byłam lub te o których marze. Lista B finansowo jest bardziej wymagająca niż A. Lista C to kompromis.",tak
7cc49161-513b-40ee-89d5-90fdfe1ea97c,2026-05-04 19:15:52.464189+00,Kobieta,26-35 lat,2-3 razy w roku,0.34,0.07,0.05,0.1,0.2,0.24,"Włochy (81.6%), Chiny (74%), Hiszpania (71%), Francja (69.8%), Indie (60.7%), Japonia (60.4%), Holandia (59.7%), Wielka Brytania (58.7%), Grecja (56.4%), Gruzja (55.6%)","[{""code"":""IT"",""name"":""Włochy"",""score"":0.8158000000000001,""matchPct"":81.6},{""code"":""CN"",""name"":""Chiny"",""score"":0.7399,""matchPct"":74},{""code"":""ES"",""name"":""Hiszpania"",""score"":0.7095000000000001,""matchPct"":71},{""code"":""FR"",""name"":""Francja"",""score"":0.6979000000000001,""matchPct"":69.8},{""code"":""IN"",""name"":""Indie"",""score"":0.6065,""matchPct"":60.7},{""code"":""JP"",""name"":""Japonia"",""score"":0.6037,""matchPct"":60.4},{""code"":""NL"",""name"":""Holandia"",""score"":0.5974,""matchPct"":59.7},{""code"":""GB"",""name"":""Wielka Brytania"",""score"":0.5868,""matchPct"":58.7},{""code"":""GR"",""name"":""Grecja"",""score"":0.5639,""matchPct"":56.4},{""code"":""GE"",""name"":""Gruzja"",""score"":0.5557,""matchPct"":55.6}]",reality,wsm,aspirations,4,5,5,5,3,5,3,5,4,B,wsm,false,,tak
7cebf24a-2ffc-4260-b6f5-4e3ccec54112,2026-05-04 17:10:00.570403+00,Kobieta,18-25 lat,Częściej niż 3 razy w roku,0.4,0.22,0.03,0.18,0.05,0.12,"Włochy (82.3%), Francja (70%), Hiszpania (66.8%), Chiny (66%), USA (58.6%), Indie (57.6%), Grecja (57.5%), Japonia (57.2%), Wielka Brytania (52%), Australia (50.4%)","[{""code"":""IT"",""name"":""Włochy"",""score"":0.8233,""matchPct"":82.3},{""code"":""FR"",""name"":""Francja"",""score"":0.6999000000000001,""matchPct"":70},{""code"":""ES"",""name"":""Hiszpania"",""score"":0.668,""matchPct"":66.8},{""code"":""CN"",""name"":""Chiny"",""score"":0.6602999999999999,""matchPct"":66},{""code"":""US"",""name"":""USA"",""score"":0.5862999999999999,""matchPct"":58.6},{""code"":""IN"",""name"":""Indie"",""score"":0.5756999999999999,""matchPct"":57.6},{""code"":""GR"",""name"":""Grecja"",""score"":0.5746,""matchPct"":57.5},{""code"":""JP"",""name"":""Japonia"",""score"":0.5717,""matchPct"":57.2},{""code"":""GB"",""name"":""Wielka Brytania"",""score"":0.5198,""matchPct"":52},{""code"":""AU"",""name"":""Australia"",""score"":0.5039000000000001,""matchPct"":50.4}]",reality,aspirations,wsm,3,3,3,5,3,5,3,2,2,B,aspirations,false,,tak
7e2e01ed-e3bd-405c-b578-d5f72bef1935,2026-05-04 19:25:33.447954+00,Mężczyzna,18-25 lat,2-3 razy w roku,0.15,0.3,0.3,0,0,0.25,"Chiny (75.5%), USA (68.4%), Włochy (68.2%), Japonia (61.9%), Indie (58%), Australia (56%), Indonezja (55.5%), Hiszpania (55%), Tajlandia (54.1%), Francja (53.2%)","[{""code"":""CN"",""name"":""Chiny"",""score"":0.7549999999999999,""matchPct"":75.5},{""code"":""US"",""name"":""USA"",""score"":0.6835,""matchPct"":68.4},{""code"":""IT"",""name"":""Włochy"",""score"":0.6824999999999999,""matchPct"":68.2},{""code"":""JP"",""name"":""Japonia"",""score"":0.619,""matchPct"":61.9},{""code"":""IN"",""name"":""Indie"",""score"":0.5795,""matchPct"":58},{""code"":""AU"",""name"":""Australia"",""score"":0.5599999999999999,""matchPct"":56},{""code"":""ID"",""name"":""Indonezja"",""score"":0.5545,""matchPct"":55.5},{""code"":""ES"",""name"":""Hiszpania"",""score"":0.55,""matchPct"":55},{""code"":""TH"",""name"":""Tajlandia"",""score"":0.5405,""matchPct"":54.1},{""code"":""FR"",""name"":""Francja"",""score"":0.5315000000000001,""matchPct"":53.2}]",wsm,reality,aspirations,4,4,5,5,4,4,3,5,2,C,aspirations,false,"Lista c miała najwięcej krajów których nie odwiedziłem, lub odwiedziłem jeden raz i chciałbym tam jeszcze raz pojechać.",tak
7e397097-1c1a-4263-8a53-216ec22be8f7,2026-05-04 17:51:57.161388+00,Kobieta,18-25 lat,2-3 razy w roku,0.65,0.01,0.06,0,0.17,0.11,"Włochy (90.9%), Francja (73.6%), Chiny (69.9%), Hiszpania (64.7%), Indie (59%), Wielka Brytania (55%), Japonia (47%), Holandia (46.9%), USA (44.6%), Turcja (43%)","[{""code"":""IT"",""name"":""Włochy"",""score"":0.9086000000000001,""matchPct"":90.9},{""code"":""FR"",""name"":""Francja"",""score"":0.7357,""matchPct"":73.6},{""code"":""CN"",""name"":""Chiny"",""score"":0.6988000000000001,""matchPct"":69.9},{""code"":""ES"",""name"":""Hiszpania"",""score"":0.6471,""matchPct"":64.7},{""code"":""IN"",""name"":""Indie"",""score"":0.5895000000000001,""matchPct"":59},{""code"":""GB"",""name"":""Wielka Brytania"",""score"":0.5495000000000001,""matchPct"":55},{""code"":""JP"",""name"":""Japonia"",""score"":0.47019999999999995,""matchPct"":47},{""code"":""NL"",""name"":""Holandia"",""score"":0.46849999999999997,""matchPct"":46.9},{""code"":""US"",""name"":""USA"",""score"":0.4461,""matchPct"":44.6},{""code"":""TR"",""name"":""Turcja"",""score"":0.42990000000000006,""matchPct"":43}]",aspirations,reality,wsm,5,3,4,3,1,2,4,3,4,C,wsm,false,"Bogata kultura, kraje które zawsze chciałam odwiedzić. Mniej mnie interesują kraje arabskie oraz afrykańskie. Najbardziej lubię podróżować po Europie, tak jak na przykład teraz podróżuje po Grecji. Opcja B też jest kusząca ale bardziej Europejska a ja bym chciała odwiedzić dalsze kraje",tak
7f5f7aa7-1497-4198-ab93-198b21c8f04b,2026-05-04 17:26:37.583888+00,Mężczyzna,18-25 lat,Raz na kilka lat,0.13,0.2,0.2,0.1,0.25,0.12,"Włochy (76.4%), Chiny (73.2%), USA (67.5%), Hiszpania (67.2%), Francja (65.8%), Indie (65.3%), Grecja (64.5%), Japonia (61.3%), Turcja (60%), Tajlandia (58.4%)","[{""code"":""IT"",""name"":""Włochy"",""score"":0.7639,""matchPct"":76.4},{""code"":""CN"",""name"":""Chiny"",""score"":0.7324,""matchPct"":73.2},{""code"":""US"",""name"":""USA"",""score"":0.6746,""matchPct"":67.5},{""code"":""ES"",""name"":""Hiszpania"",""score"":0.6723,""matchPct"":67.2},{""code"":""FR"",""name"":""Francja"",""score"":0.6583,""matchPct"":65.8},{""code"":""IN"",""name"":""Indie"",""score"":0.6534,""matchPct"":65.3},{""code"":""GR"",""name"":""Grecja"",""score"":0.6454000000000001,""matchPct"":64.5},{""code"":""JP"",""name"":""Japonia"",""score"":0.6129000000000001,""matchPct"":61.3},{""code"":""TR"",""name"":""Turcja"",""score"":0.6003000000000001,""matchPct"":60},{""code"":""TH"",""name"":""Tajlandia"",""score"":0.5841000000000001,""matchPct"":58.4}]",reality,wsm,aspirations,3,2,3,4,1,3,4,3,3,C,aspirations,false,,trudno_powiedziec
7f8bef14-87aa-4c06-9fc5-6e22c8377a0f,2026-05-04 18:14:22.58286+00,Kobieta,18-25 lat,Raz w roku,0.24,0,0.11,0.15,0.25,0.25,"Włochy (80.9%), Chiny (79.2%), Hiszpania (74.1%), Francja (71.2%), Holandia (65.6%), Japonia (64.9%), Gruzja (64.3%), Wielka Brytania (63.9%), Andora (63.8%), Indie (63%)","[{""code"":""IT"",""name"":""Włochy"",""score"":0.8089999999999999,""matchPct"":80.9},{""code"":""CN"",""name"":""Chiny"",""score"":0.7917000000000001,""matchPct"":79.2},{""code"":""ES"",""name"":""Hiszpania"",""score"":0.7407999999999999,""matchPct"":74.1},{""code"":""FR"",""name"":""Francja"",""score"":0.7119,""matchPct"":71.2},{""code"":""NL"",""name"":""Holandia"",""score"":0.6559,""matchPct"":65.6},{""code"":""JP"",""name"":""Japonia"",""score"":0.6490999999999999,""matchPct"":64.9},{""code"":""GE"",""name"":""Gruzja"",""score"":0.6434,""matchPct"":64.3},{""code"":""GB"",""name"":""Wielka Brytania"",""score"":0.6386000000000001,""matchPct"":63.9},{""code"":""AD"",""name"":""Andora"",""score"":0.6383,""matchPct"":63.8},{""code"":""IN"",""name"":""Indie"",""score"":0.6303,""matchPct"":63}]",wsm,aspirations,reality,2,2,2,2,1,3,1,4,1,A,wsm,false,najbardziej atrakcyjnie turystycznie kraje na liście a,tak
803420a6-6656-49e4-baec-2258e882d307,2026-05-02 11:32:56.464654+00,Kobieta,46-60 lat,Raz w roku,0.34,0.43,0.07,0.16,0,0,"Włochy (78.8%), Francja (65.6%), USA (64.6%), Grecja (62%), Hiszpania (60.5%), Meksyk (60.1%), Chiny (58.4%), Indie (57.9%), Australia (57.6%), Tajlandia (55.6%)","[{""code"":""IT"",""name"":""Włochy"",""score"":0.7878000000000002,""matchPct"":78.8},{""code"":""FR"",""name"":""Francja"",""score"":0.6557000000000001,""matchPct"":65.6},{""code"":""US"",""name"":""USA"",""score"":0.6463,""matchPct"":64.6},{""code"":""GR"",""name"":""Grecja"",""score"":0.6197,""matchPct"":62},{""code"":""ES"",""name"":""Hiszpania"",""score"":0.6045,""matchPct"":60.5},{""code"":""MX"",""name"":""Meksyk"",""score"":0.6013000000000001,""matchPct"":60.1},{""code"":""CN"",""name"":""Chiny"",""score"":0.5837,""matchPct"":58.4},{""code"":""IN"",""name"":""Indie"",""score"":0.5793,""matchPct"":57.9},{""code"":""AU"",""name"":""Australia"",""score"":0.5757000000000001,""matchPct"":57.6},{""code"":""TH"",""name"":""Tajlandia"",""score"":0.5563,""matchPct"":55.6}]",wsm,aspirations,reality,3,3,4,2,2,3,4,4,4,C,reality,false,,tak
810cbb9b-1100-4f34-85cb-37589e5c0880,2026-05-04 17:11:21.865962+00,Inna,18-25 lat,Raz w roku,0.2,0.1,0.15,0.05,0.2,0.3,"Chiny (78.3%), Włochy (75.4%), Hiszpania (68%), Japonia (64%), Francja (63.6%), Indie (61.5%), Gruzja (61.2%), USA (59.4%), Słowenia (59.3%), Chorwacja (58.7%)","[{""code"":""CN"",""name"":""Chiny"",""score"":0.7825,""matchPct"":78.3},{""code"":""IT"",""name"":""Włochy"",""score"":0.754,""matchPct"":75.4},{""code"":""ES"",""name"":""Hiszpania"",""score"":0.6795,""matchPct"":68},{""code"":""JP"",""name"":""Japonia"",""score"":0.64,""matchPct"":64},{""code"":""FR"",""name"":""Francja"",""score"":0.6355000000000001,""matchPct"":63.6},{""code"":""IN"",""name"":""Indie"",""score"":0.6150000000000001,""matchPct"":61.5},{""code"":""GE"",""name"":""Gruzja"",""score"":0.6115,""matchPct"":61.2},{""code"":""US"",""name"":""USA"",""score"":0.5935,""matchPct"":59.4},{""code"":""SI"",""name"":""Słowenia"",""score"":0.5925,""matchPct"":59.3},{""code"":""HR"",""name"":""Chorwacja"",""score"":0.5865,""matchPct"":58.7}]",aspirations,reality,wsm,3,3,4,2,1,3,4,3,4,C,wsm,false,,tak
811bf3dd-b64f-49c1-aa68-19d5591b0f09,2026-05-04 20:50:16.280108+00,Mężczyzna,18-25 lat,Raz na kilka lat,0.19,0.2,0.3,0,0.26,0.05,"Włochy (77.5%), Chiny (73.4%), USA (67%), Indie (66.3%), Francja (63.8%), Hiszpania (61.1%), Grecja (58.1%), Meksyk (57.3%), Turcja (55.9%), Japonia (55.3%)","[{""code"":""IT"",""name"":""Włochy"",""score"":0.7746999999999999,""matchPct"":77.5},{""code"":""CN"",""name"":""Chiny"",""score"":0.7338,""matchPct"":73.4},{""code"":""US"",""name"":""USA"",""score"":0.6702999999999999,""matchPct"":67},{""code"":""IN"",""name"":""Indie"",""score"":0.6627000000000001,""matchPct"":66.3},{""code"":""FR"",""name"":""Francja"",""score"":0.6375,""matchPct"":63.8},{""code"":""ES"",""name"":""Hiszpania"",""score"":0.6106,""matchPct"":61.1},{""code"":""GR"",""name"":""Grecja"",""score"":0.581,""matchPct"":58.1},{""code"":""MX"",""name"":""Meksyk"",""score"":0.5726,""matchPct"":57.3},{""code"":""TR"",""name"":""Turcja"",""score"":0.559,""matchPct"":55.9},{""code"":""JP"",""name"":""Japonia"",""score"":0.5526,""matchPct"":55.3}]",wsm,aspirations,reality,2,2,3,4,2,3,1,2,1,B,aspirations,false,,trudno_powiedziec
81a11fe4-362f-4666-a2d1-5ad059d35589,2026-05-01 18:53:52.977258+00,Kobieta,18-25 lat,2-3 razy w roku,0.06,0.24,0.21,0.12,0.14,0.23,"Chiny (75.7%), Włochy (71%), USA (70.1%), Japonia (66.7%), Hiszpania (65.6%), Grecja (63.8%), Indie (62%), Indonezja (61.7%), Tajlandia (61.2%), Francja (60.7%)","[{""code"":""CN"",""name"":""Chiny"",""score"":0.7565,""matchPct"":75.7},{""code"":""IT"",""name"":""Włochy"",""score"":0.7095,""matchPct"":71},{""code"":""US"",""name"":""USA"",""score"":0.701,""matchPct"":70.1},{""code"":""JP"",""name"":""Japonia"",""score"":0.6668000000000001,""matchPct"":66.7},{""code"":""ES"",""name"":""Hiszpania"",""score"":0.6563000000000001,""matchPct"":65.6},{""code"":""GR"",""name"":""Grecja"",""score"":0.6376,""matchPct"":63.8},{""code"":""IN"",""name"":""Indie"",""score"":0.6204,""matchPct"":62},{""code"":""ID"",""name"":""Indonezja"",""score"":0.6174999999999999,""matchPct"":61.7},{""code"":""TH"",""name"":""Tajlandia"",""score"":0.6123000000000001,""matchPct"":61.2},{""code"":""FR"",""name"":""Francja"",""score"":0.6071,""matchPct"":60.7}]",aspirations,reality,wsm,5,3,4,5,3,4,5,5,4,A,aspirations,false,"Jest najbliżej moich marzeń turystycznych 
Grupa C odpada głównie przez Indie 
A grupa B odpada bo większość krajów z tej listy już odwiedziłam",tak
81d7124b-cb2d-4f13-9868-b94f5b7d106c,2026-05-04 19:02:01.225171+00,Mężczyzna,18-25 lat,Raz na kilka lat,0.25,0.15,0.15,0.15,0.1,0.2,"Włochy (77.8%), Chiny (74.6%), Hiszpania (66.9%), Francja (66.3%), USA (64%), Japonia (62.8%), Indie (59.8%), Grecja (57.4%), Wielka Brytania (53.3%), Turcja (52.7%)","[{""code"":""IT"",""name"":""Włochy"",""score"":0.7779999999999999,""matchPct"":77.8},{""code"":""CN"",""name"":""Chiny"",""score"":0.7455,""matchPct"":74.6},{""code"":""ES"",""name"":""Hiszpania"",""score"":0.6685,""matchPct"":66.9},{""code"":""FR"",""name"":""Francja"",""score"":0.6629999999999999,""matchPct"":66.3},{""code"":""US"",""name"":""USA"",""score"":0.6395000000000001,""matchPct"":64},{""code"":""JP"",""name"":""Japonia"",""score"":0.6275,""matchPct"":62.8},{""code"":""IN"",""name"":""Indie"",""score"":0.5980000000000001,""matchPct"":59.8},{""code"":""GR"",""name"":""Grecja"",""score"":0.5740000000000001,""matchPct"":57.4},{""code"":""GB"",""name"":""Wielka Brytania"",""score"":0.5325000000000001,""matchPct"":53.3},{""code"":""TR"",""name"":""Turcja"",""score"":0.5265000000000001,""matchPct"":52.7}]",aspirations,wsm,reality,4,3,3,2,1,1,5,5,3,C,reality,false,,tak
81ef350f-9026-4731-b0eb-a0a3a80d1d5b,2026-05-01 18:57:57.525933+00,Kobieta,18-25 lat,2-3 razy w roku,0.35,0.15,0.15,0.05,0.2,0.1,"Włochy (82%), Chiny (70.7%), Francja (68.2%), Hiszpania (64.8%), Indie (62.4%), USA (58.5%), Grecja (55.1%), Japonia (54.5%), Wielka Brytania (52.3%), Turcja (51.9%)","[{""code"":""IT"",""name"":""Włochy"",""score"":0.8200000000000001,""matchPct"":82},{""code"":""CN"",""name"":""Chiny"",""score"":0.7074999999999999,""matchPct"":70.7},{""code"":""FR"",""name"":""Francja"",""score"":0.682,""matchPct"":68.2},{""code"":""ES"",""name"":""Hiszpania"",""score"":0.6475,""matchPct"":64.8},{""code"":""IN"",""name"":""Indie"",""score"":0.6240000000000001,""matchPct"":62.4},{""code"":""US"",""name"":""USA"",""score"":0.5845,""matchPct"":58.5},{""code"":""GR"",""name"":""Grecja"",""score"":0.551,""matchPct"":55.1},{""code"":""JP"",""name"":""Japonia"",""score"":0.5445,""matchPct"":54.5},{""code"":""GB"",""name"":""Wielka Brytania"",""score"":0.5225000000000001,""matchPct"":52.3},{""code"":""TR"",""name"":""Turcja"",""score"":0.5185000000000001,""matchPct"":51.9}]",aspirations,wsm,reality,3,3,2,2,2,1,3,3,2,C,reality,false,"Pojawiły się na niej kraje, w których już byłam.",tak
8243abfc-366f-4ee5-864d-18bc90162812,2026-05-04 19:56:53.461662+00,Mężczyzna,18-25 lat,Raz na kilka lat,0.3,0,0.24,0.05,0.19,0.22,"Chiny (81.1%), Włochy (80.3%), Francja (66.7%), Hiszpania (65.8%), Indie (62%), USA (60.4%), Japonia (60.3%), Wielka Brytania (55.8%), Gruzja (55.4%), Słowenia (53.1%)","[{""code"":""CN"",""name"":""Chiny"",""score"":0.8114,""matchPct"":81.1},{""code"":""IT"",""name"":""Włochy"",""score"":0.8027,""matchPct"":80.3},{""code"":""FR"",""name"":""Francja"",""score"":0.6674,""matchPct"":66.7},{""code"":""ES"",""name"":""Hiszpania"",""score"":0.6578999999999999,""matchPct"":65.8},{""code"":""IN"",""name"":""Indie"",""score"":0.6199,""matchPct"":62},{""code"":""US"",""name"":""USA"",""score"":0.604,""matchPct"":60.4},{""code"":""JP"",""name"":""Japonia"",""score"":0.6027,""matchPct"":60.3},{""code"":""GB"",""name"":""Wielka Brytania"",""score"":0.5581,""matchPct"":55.8},{""code"":""GE"",""name"":""Gruzja"",""score"":0.5536,""matchPct"":55.4},{""code"":""SI"",""name"":""Słowenia"",""score"":0.5307,""matchPct"":53.1}]",aspirations,reality,wsm,2,2,2,2,2,1,2,2,1,B,reality,false,,trudno_powiedziec
84d05396-4615-4e6d-9d2c-e19f093cad59,2026-05-04 18:57:25.076731+00,Kobieta,18-25 lat,2-3 razy w roku,0.23,0.19,0.11,0.07,0,0.4,"Chiny (76.7%), Włochy (71.1%), Japonia (66.5%), Hiszpania (63.9%), USA (58.8%), Francja (58%), Singapur (55.5%), Indie (55%), Australia (54.1%), Korea Południowa (53.8%)","[{""code"":""CN"",""name"":""Chiny"",""score"":0.7666999999999999,""matchPct"":76.7},{""code"":""IT"",""name"":""Włochy"",""score"":0.7105999999999999,""matchPct"":71.1},{""code"":""JP"",""name"":""Japonia"",""score"":0.6653,""matchPct"":66.5},{""code"":""ES"",""name"":""Hiszpania"",""score"":0.6387,""matchPct"":63.9},{""code"":""US"",""name"":""USA"",""score"":0.5879000000000001,""matchPct"":58.8},{""code"":""FR"",""name"":""Francja"",""score"":0.5804,""matchPct"":58},{""code"":""SG"",""name"":""Singapur"",""score"":0.5547,""matchPct"":55.5},{""code"":""IN"",""name"":""Indie"",""score"":0.55,""matchPct"":55},{""code"":""AU"",""name"":""Australia"",""score"":0.5413,""matchPct"":54.1},{""code"":""KR"",""name"":""Korea Południowa"",""score"":0.5384,""matchPct"":53.8}]",reality,wsm,aspirations,4,1,3,4,1,4,4,4,4,A,reality,false,,tak
879194e3-e8bb-456a-8af4-cea8733a6945,2026-05-04 10:46:44.054906+00,Kobieta,18-25 lat,2-3 razy w roku,0.15,0.25,0.25,0.05,0.15,0.15,"Włochy (73.5%), Chiny (73.5%), USA (67.9%), Indie (62.6%), Hiszpania (61.4%), Francja (60.7%), Japonia (60.3%), Grecja (59.1%), Indonezja (56.7%), Tajlandia (56.1%)","[{""code"":""IT"",""name"":""Włochy"",""score"":0.735,""matchPct"":73.5},{""code"":""CN"",""name"":""Chiny"",""score"":0.7345,""matchPct"":73.5},{""code"":""US"",""name"":""USA"",""score"":0.6789999999999999,""matchPct"":67.9},{""code"":""IN"",""name"":""Indie"",""score"":0.6255,""matchPct"":62.6},{""code"":""ES"",""name"":""Hiszpania"",""score"":0.614,""matchPct"":61.4},{""code"":""FR"",""name"":""Francja"",""score"":0.607,""matchPct"":60.7},{""code"":""JP"",""name"":""Japonia"",""score"":0.603,""matchPct"":60.3},{""code"":""GR"",""name"":""Grecja"",""score"":0.591,""matchPct"":59.1},{""code"":""ID"",""name"":""Indonezja"",""score"":0.567,""matchPct"":56.7},{""code"":""TH"",""name"":""Tajlandia"",""score"":0.5614999999999999,""matchPct"":56.1}]",reality,aspirations,wsm,4,4,5,5,4,5,3,5,3,B,aspirations,false,"Zwiedziłam dużą część państw z listy A, lista B najbardziej do mnie przemawia ponieważ wychodzę już poza te „łatwiej” osiągalne kierunki.",tak
88c34d8e-2dc0-46d3-86e0-7083523d2297,2026-05-04 17:10:15.99992+00,Kobieta,18-25 lat,Raz na kilka lat,0.15,0.19,0.25,0.11,0.15,0.15,"Chiny (75.6%), Włochy (75.2%), USA (69.5%), Hiszpania (64.2%), Francja (63.6%), Indie (62.7%), Japonia (62.4%), Grecja (59.6%), Indonezja (55.9%), Turcja (55.4%)","[{""code"":""CN"",""name"":""Chiny"",""score"":0.7561,""matchPct"":75.6},{""code"":""IT"",""name"":""Włochy"",""score"":0.7518000000000001,""matchPct"":75.2},{""code"":""US"",""name"":""USA"",""score"":0.6946,""matchPct"":69.5},{""code"":""ES"",""name"":""Hiszpania"",""score"":0.6416000000000001,""matchPct"":64.2},{""code"":""FR"",""name"":""Francja"",""score"":0.6357999999999999,""matchPct"":63.6},{""code"":""IN"",""name"":""Indie"",""score"":0.6273,""matchPct"":62.7},{""code"":""JP"",""name"":""Japonia"",""score"":0.624,""matchPct"":62.4},{""code"":""GR"",""name"":""Grecja"",""score"":0.5957999999999999,""matchPct"":59.6},{""code"":""ID"",""name"":""Indonezja"",""score"":0.5586,""matchPct"":55.9},{""code"":""TR"",""name"":""Turcja"",""score"":0.5542,""matchPct"":55.4}]",aspirations,wsm,reality,3,3,3,2,1,1,4,2,3,C,reality,false,,tak
8a5b557c-2817-4382-8df5-3ffdc2de80f8,2026-05-04 17:40:36.955639+00,Mężczyzna,18-25 lat,2-3 razy w roku,0.5,0,0.2,0.2,0,0.1,"Włochy (87.3%), Chiny (76.4%), Francja (73.1%), Hiszpania (64.6%), USA (61.9%), Indie (57.1%), Japonia (56.8%), Wielka Brytania (55.7%), Holandia (46.7%), Grecja (44.6%)","[{""code"":""IT"",""name"":""Włochy"",""score"":0.873,""matchPct"":87.3},{""code"":""CN"",""name"":""Chiny"",""score"":0.764,""matchPct"":76.4},{""code"":""FR"",""name"":""Francja"",""score"":0.731,""matchPct"":73.1},{""code"":""ES"",""name"":""Hiszpania"",""score"":0.6459999999999999,""matchPct"":64.6},{""code"":""US"",""name"":""USA"",""score"":0.6190000000000001,""matchPct"":61.9},{""code"":""IN"",""name"":""Indie"",""score"":0.5710000000000001,""matchPct"":57.1},{""code"":""JP"",""name"":""Japonia"",""score"":0.568,""matchPct"":56.8},{""code"":""GB"",""name"":""Wielka Brytania"",""score"":0.557,""matchPct"":55.7},{""code"":""NL"",""name"":""Holandia"",""score"":0.467,""matchPct"":46.7},{""code"":""GR"",""name"":""Grecja"",""score"":0.446,""matchPct"":44.6}]",wsm,reality,aspirations,3,5,3,2,5,3,4,5,3,A,wsm,false,,trudno_powiedziec
8a7c246f-941c-4a47-9b1c-5c2e10b77e5a,2026-05-04 17:09:26.591742+00,Mężczyzna,26-35 lat,2-3 razy w roku,0.3,0.55,0.15,0,0,0,"Włochy (73.5%), USA (64.2%), Meksyk (62.9%), Grecja (59.1%), Indie (58.3%), Tajlandia (57.4%), Francja (57.1%), Australia (56.9%), Chiny (56.5%), Indonezja (53.2%)","[{""code"":""IT"",""name"":""Włochy"",""score"":0.735,""matchPct"":73.5},{""code"":""US"",""name"":""USA"",""score"":0.6415,""matchPct"":64.2},{""code"":""MX"",""name"":""Meksyk"",""score"":0.6285000000000001,""matchPct"":62.9},{""code"":""GR"",""name"":""Grecja"",""score"":0.5905,""matchPct"":59.1},{""code"":""IN"",""name"":""Indie"",""score"":0.5825,""matchPct"":58.3},{""code"":""TH"",""name"":""Tajlandia"",""score"":0.5735,""matchPct"":57.4},{""code"":""FR"",""name"":""Francja"",""score"":0.5705,""matchPct"":57.1},{""code"":""AU"",""name"":""Australia"",""score"":0.5685,""matchPct"":56.9},{""code"":""CN"",""name"":""Chiny"",""score"":0.5645,""matchPct"":56.5},{""code"":""ID"",""name"":""Indonezja"",""score"":0.532,""matchPct"":53.2}]",aspirations,reality,wsm,4,5,3,5,5,3,3,2,3,A,aspirations,false,,nie
8a89d3ba-5ba8-4efc-b106-8600480efa14,2026-05-04 17:09:34.675101+00,Inna,18-25 lat,2-3 razy w roku,0.34,0.09,0.13,0,0.24,0.2,"Włochy (80.8%), Chiny (74.2%), Francja (66.8%), Hiszpania (66.3%), Indie (62.3%), Japonia (56.4%), USA (54.2%), Wielka Brytania (54.1%), Grecja (53.4%), Gruzja (53.2%)","[{""code"":""IT"",""name"":""Włochy"",""score"":0.8078,""matchPct"":80.8},{""code"":""CN"",""name"":""Chiny"",""score"":0.7415,""matchPct"":74.2},{""code"":""FR"",""name"":""Francja"",""score"":0.6683,""matchPct"":66.8},{""code"":""ES"",""name"":""Hiszpania"",""score"":0.6631,""matchPct"":66.3},{""code"":""IN"",""name"":""Indie"",""score"":0.6231,""matchPct"":62.3},{""code"":""JP"",""name"":""Japonia"",""score"":0.5635,""matchPct"":56.4},{""code"":""US"",""name"":""USA"",""score"":0.5417000000000001,""matchPct"":54.2},{""code"":""GB"",""name"":""Wielka Brytania"",""score"":0.5406,""matchPct"":54.1},{""code"":""GR"",""name"":""Grecja"",""score"":0.5335,""matchPct"":53.4},{""code"":""GE"",""name"":""Gruzja"",""score"":0.5321,""matchPct"":53.2}]",aspirations,wsm,reality,4,3,4,2,1,1,4,4,3,B,wsm,false,,tak
8b38e059-6088-4a6d-9a50-f56f4f7b35cc,2026-05-04 07:52:51.110071+00,Kobieta,36-45 lat,Częściej niż 3 razy w roku,0.32,0.18,0.26,0,0.24,0,"Włochy (81.9%), Chiny (70.6%), Francja (66.9%), Indie (65.1%), USA (62.8%), Hiszpania (60.6%), Meksyk (56.3%), Grecja (54.5%), Turcja (52.2%), Brazylia (51.4%)","[{""code"":""IT"",""name"":""Włochy"",""score"":0.8188,""matchPct"":81.9},{""code"":""CN"",""name"":""Chiny"",""score"":0.7058,""matchPct"":70.6},{""code"":""FR"",""name"":""Francja"",""score"":0.6686000000000001,""matchPct"":66.9},{""code"":""IN"",""name"":""Indie"",""score"":0.6514,""matchPct"":65.1},{""code"":""US"",""name"":""USA"",""score"":0.6282000000000001,""matchPct"":62.8},{""code"":""ES"",""name"":""Hiszpania"",""score"":0.6058,""matchPct"":60.6},{""code"":""MX"",""name"":""Meksyk"",""score"":0.563,""matchPct"":56.3},{""code"":""GR"",""name"":""Grecja"",""score"":0.5449999999999999,""matchPct"":54.5},{""code"":""TR"",""name"":""Turcja"",""score"":0.5224,""matchPct"":52.2},{""code"":""BR"",""name"":""Brazylia"",""score"":0.5142,""matchPct"":51.4}]",aspirations,reality,wsm,4,3,4,2,2,3,4,4,4,C,wsm,false,Ciekawe kierunki i osiągalne cenowo.,tak
8b778ebe-0383-4148-9a8a-4e671709d4c7,2026-05-04 17:09:18.881232+00,Kobieta,18-25 lat,Raz w roku,0.65,0,0.24,0,0.11,0,"Włochy (91.4%), Chiny (72.8%), Francja (72.3%), Indie (59.6%), Hiszpania (58.3%), USA (53.1%), Wielka Brytania (50.4%), Meksyk (44.9%), Japonia (44.5%), Turcja (39.5%)","[{""code"":""IT"",""name"":""Włochy"",""score"":0.9137000000000001,""matchPct"":91.4},{""code"":""CN"",""name"":""Chiny"",""score"":0.7276,""matchPct"":72.8},{""code"":""FR"",""name"":""Francja"",""score"":0.7231000000000001,""matchPct"":72.3},{""code"":""IN"",""name"":""Indie"",""score"":0.5964,""matchPct"":59.6},{""code"":""ES"",""name"":""Hiszpania"",""score"":0.5833,""matchPct"":58.3},{""code"":""US"",""name"":""USA"",""score"":0.5309999999999999,""matchPct"":53.1},{""code"":""GB"",""name"":""Wielka Brytania"",""score"":0.5038,""matchPct"":50.4},{""code"":""MX"",""name"":""Meksyk"",""score"":0.44859999999999994,""matchPct"":44.9},{""code"":""JP"",""name"":""Japonia"",""score"":0.44549999999999995,""matchPct"":44.5},{""code"":""TR"",""name"":""Turcja"",""score"":0.3947,""matchPct"":39.5}]",aspirations,wsm,reality,5,3,5,4,2,5,3,5,4,A,aspirations,false,,tak
8b7dd758-5182-4b58-8a7d-783080151b11,2026-05-04 18:50:37.991025+00,Mężczyzna,18-25 lat,Raz na kilka lat,0.03,0.2,0.57,0.01,0.18,0.01,"USA (82.7%), Chiny (81.6%), Włochy (72%), Indie (67.4%), Brazylia (63.8%), Meksyk (63.3%), Kanada (62.8%), Indonezja (61.1%), Tanzania (59.9%), Japonia (59%)","[{""code"":""US"",""name"":""USA"",""score"":0.8267999999999999,""matchPct"":82.7},{""code"":""CN"",""name"":""Chiny"",""score"":0.8159,""matchPct"":81.6},{""code"":""IT"",""name"":""Włochy"",""score"":0.7201,""matchPct"":72},{""code"":""IN"",""name"":""Indie"",""score"":0.6743,""matchPct"":67.4},{""code"":""BR"",""name"":""Brazylia"",""score"":0.6380000000000001,""matchPct"":63.8},{""code"":""MX"",""name"":""Meksyk"",""score"":0.6332,""matchPct"":63.3},{""code"":""CA"",""name"":""Kanada"",""score"":0.6279999999999999,""matchPct"":62.8},{""code"":""ID"",""name"":""Indonezja"",""score"":0.6113000000000001,""matchPct"":61.1},{""code"":""TZ"",""name"":""Tanzania"",""score"":0.5993,""matchPct"":59.9},{""code"":""JP"",""name"":""Japonia"",""score"":0.5904,""matchPct"":59}]",aspirations,wsm,reality,3,2,4,2,1,3,1,4,3,B,wsm,false,,trudno_powiedziec
8bb90312-f03b-4678-8202-e179f05fff4c,2026-05-01 19:04:04.624001+00,Mężczyzna,18-25 lat,2-3 razy w roku,0.1,0.25,0.19,0.26,0.1,0.1,"Włochy (75.6%), USA (75.2%), Chiny (72.2%), Hiszpania (68.1%), Grecja (67.5%), Francja (67.1%), Japonia (66%), Australia (63%), Indie (62.2%), Tajlandia (61.7%)","[{""code"":""IT"",""name"":""Włochy"",""score"":0.7558,""matchPct"":75.6},{""code"":""US"",""name"":""USA"",""score"":0.7517000000000001,""matchPct"":75.2},{""code"":""CN"",""name"":""Chiny"",""score"":0.7216999999999999,""matchPct"":72.2},{""code"":""ES"",""name"":""Hiszpania"",""score"":0.6814999999999999,""matchPct"":68.1},{""code"":""GR"",""name"":""Grecja"",""score"":0.6745,""matchPct"":67.5},{""code"":""FR"",""name"":""Francja"",""score"":0.6713,""matchPct"":67.1},{""code"":""JP"",""name"":""Japonia"",""score"":0.6601,""matchPct"":66},{""code"":""AU"",""name"":""Australia"",""score"":0.6297000000000001,""matchPct"":63},{""code"":""IN"",""name"":""Indie"",""score"":0.6221000000000001,""matchPct"":62.2},{""code"":""TH"",""name"":""Tajlandia"",""score"":0.6165,""matchPct"":61.7}]",reality,wsm,aspirations,5,3,4,5,4,5,3,4,3,C,aspirations,false,,tak
8bcc04f5-f9f4-4d8c-abda-ec2dd8b17f76,2026-05-04 17:50:37.837922+00,Mężczyzna,18-25 lat,Raz na kilka lat,0.5,0.1,0.2,0.05,0.05,0.1,"Włochy (84.5%), Chiny (72.5%), Francja (67.7%), Hiszpania (59.6%), Indie (58%), USA (57.2%), Japonia (51.8%), Wielka Brytania (48.1%), Meksyk (45.1%), Grecja (43.7%)","[{""code"":""IT"",""name"":""Włochy"",""score"":0.8445,""matchPct"":84.5},{""code"":""CN"",""name"":""Chiny"",""score"":0.725,""matchPct"":72.5},{""code"":""FR"",""name"":""Francja"",""score"":0.677,""matchPct"":67.7},{""code"":""ES"",""name"":""Hiszpania"",""score"":0.5964999999999999,""matchPct"":59.6},{""code"":""IN"",""name"":""Indie"",""score"":0.5795,""matchPct"":58},{""code"":""US"",""name"":""USA"",""score"":0.5720000000000001,""matchPct"":57.2},{""code"":""JP"",""name"":""Japonia"",""score"":0.5175,""matchPct"":51.8},{""code"":""GB"",""name"":""Wielka Brytania"",""score"":0.4805,""matchPct"":48.1},{""code"":""MX"",""name"":""Meksyk"",""score"":0.4505,""matchPct"":45.1},{""code"":""GR"",""name"":""Grecja"",""score"":0.43749999999999994,""matchPct"":43.7}]",reality,aspirations,wsm,5,5,5,4,5,4,4,5,4,C,wsm,false,,tak
8c4a5047-f731-4672-8158-cbc028a28d4f,2026-05-04 19:18:38.412768+00,Kobieta,18-25 lat,Raz w roku,0.08,0.29,0.17,0,0.12,0.34,"Chiny (74.8%), Włochy (67.1%), Japonia (65.6%), USA (63.2%), Hiszpania (62.3%), Indonezja (60.8%), Tajlandia (60.4%), Grecja (60.1%), Indie (59.8%), Wietnam (59.2%)","[{""code"":""CN"",""name"":""Chiny"",""score"":0.7475,""matchPct"":74.8},{""code"":""IT"",""name"":""Włochy"",""score"":0.6712,""matchPct"":67.1},{""code"":""JP"",""name"":""Japonia"",""score"":0.6555,""matchPct"":65.6},{""code"":""US"",""name"":""USA"",""score"":0.6315,""matchPct"":63.2},{""code"":""ES"",""name"":""Hiszpania"",""score"":0.6227,""matchPct"":62.3},{""code"":""ID"",""name"":""Indonezja"",""score"":0.6078,""matchPct"":60.8},{""code"":""TH"",""name"":""Tajlandia"",""score"":0.6039,""matchPct"":60.4},{""code"":""GR"",""name"":""Grecja"",""score"":0.6007,""matchPct"":60.1},{""code"":""IN"",""name"":""Indie"",""score"":0.5977,""matchPct"":59.8},{""code"":""VN"",""name"":""Wietnam"",""score"":0.592,""matchPct"":59.2}]",aspirations,reality,wsm,4,4,4,4,4,2,3,5,2,C,wsm,false,,tak
8ce2df1b-477d-40eb-abd1-f563b71eddd7,2026-05-04 17:34:59.461989+00,Kobieta,46-60 lat,2-3 razy w roku,0.45,0.19,0.21,0,0.15,0,"Włochy (84.2%), Chiny (67.8%), Francja (67.4%), Indie (61.7%), Hiszpania (58.6%), USA (58.4%), Meksyk (53.1%), Grecja (49.3%), Japonia (47.8%), Wielka Brytania (46.1%)","[{""code"":""IT"",""name"":""Włochy"",""score"":0.8415000000000001,""matchPct"":84.2},{""code"":""CN"",""name"":""Chiny"",""score"":0.6779000000000001,""matchPct"":67.8},{""code"":""FR"",""name"":""Francja"",""score"":0.6739999999999999,""matchPct"":67.4},{""code"":""IN"",""name"":""Indie"",""score"":0.6167,""matchPct"":61.7},{""code"":""ES"",""name"":""Hiszpania"",""score"":0.5856,""matchPct"":58.6},{""code"":""US"",""name"":""USA"",""score"":0.5839,""matchPct"":58.4},{""code"":""MX"",""name"":""Meksyk"",""score"":0.5313,""matchPct"":53.1},{""code"":""GR"",""name"":""Grecja"",""score"":0.4933,""matchPct"":49.3},{""code"":""JP"",""name"":""Japonia"",""score"":0.47840000000000005,""matchPct"":47.8},{""code"":""GB"",""name"":""Wielka Brytania"",""score"":0.4608,""matchPct"":46.1}]",reality,aspirations,wsm,5,5,3,4,2,5,3,5,4,B,aspirations,false,Bo jest  na niej Kanada,trudno_powiedziec
8e00107c-6ada-4221-bfdd-99eb8f0f3514,2026-05-02 19:59:29.066219+00,Kobieta,36-45 lat,Raz w roku,0.34,0.63,0.03,0,0,0,"Włochy (73.9%), Meksyk (63.2%), Grecja (62.6%), Tajlandia (59.8%), USA (59.3%), Australia (58.3%), Francja (57.7%), Indie (57.2%), Hiszpania (53.5%), Indonezja (53.1%)","[{""code"":""IT"",""name"":""Włochy"",""score"":0.739,""matchPct"":73.9},{""code"":""MX"",""name"":""Meksyk"",""score"":0.6321,""matchPct"":63.2},{""code"":""GR"",""name"":""Grecja"",""score"":0.6256999999999999,""matchPct"":62.6},{""code"":""TH"",""name"":""Tajlandia"",""score"":0.5982999999999999,""matchPct"":59.8},{""code"":""US"",""name"":""USA"",""score"":0.5930999999999998,""matchPct"":59.3},{""code"":""AU"",""name"":""Australia"",""score"":0.5825,""matchPct"":58.3},{""code"":""FR"",""name"":""Francja"",""score"":0.5769,""matchPct"":57.7},{""code"":""IN"",""name"":""Indie"",""score"":0.5717000000000001,""matchPct"":57.2},{""code"":""ES"",""name"":""Hiszpania"",""score"":0.5345,""matchPct"":53.5},{""code"":""ID"",""name"":""Indonezja"",""score"":0.5312,""matchPct"":53.1}]",reality,aspirations,wsm,3,2,3,3,2,3,3,4,3,A,reality,false,,tak
8e20d160-96a5-4611-8217-0e0fdd6784ad,2026-05-04 17:08:05.454919+00,Kobieta,18-25 lat,Raz na kilka lat,0.35,0.15,0.3,0.02,0.08,0.1,"Włochy (79.4%), Chiny (74.9%), USA (63.9%), Francja (63.2%), Indie (60.2%), Hiszpania (57.3%), Japonia (54.3%), Meksyk (49.6%), Grecja (47%), Brazylia (45.7%)","[{""code"":""IT"",""name"":""Włochy"",""score"":0.7941999999999998,""matchPct"":79.4},{""code"":""CN"",""name"":""Chiny"",""score"":0.7491999999999999,""matchPct"":74.9},{""code"":""US"",""name"":""USA"",""score"":0.6394000000000001,""matchPct"":63.9},{""code"":""FR"",""name"":""Francja"",""score"":0.6319,""matchPct"":63.2},{""code"":""IN"",""name"":""Indie"",""score"":0.6024,""matchPct"":60.2},{""code"":""ES"",""name"":""Hiszpania"",""score"":0.5733999999999999,""matchPct"":57.3},{""code"":""JP"",""name"":""Japonia"",""score"":0.5427,""matchPct"":54.3},{""code"":""MX"",""name"":""Meksyk"",""score"":0.4962,""matchPct"":49.6},{""code"":""GR"",""name"":""Grecja"",""score"":0.46969999999999995,""matchPct"":47},{""code"":""BR"",""name"":""Brazylia"",""score"":0.4571,""matchPct"":45.7}]",wsm,reality,aspirations,5,2,4,3,2,2,3,3,3,A,wsm,false,,tak
8e2db2b0-6de2-45c5-8c19-7ed02d53a3b5,2026-05-01 19:44:02.90884+00,Kobieta,46-60 lat,2-3 razy w roku,0.17,0.83,0,0,0,0,"Tajlandia (73.6%), Grecja (73%), Meksyk (70.9%), Australia (70.1%), Filipiny (67.7%), Włochy (66.8%), Indonezja (66.4%), USA (64.2%), Indie (58%), Brazylia (57%)","[{""code"":""TH"",""name"":""Tajlandia"",""score"":0.7359,""matchPct"":73.6},{""code"":""GR"",""name"":""Grecja"",""score"":0.7298999999999999,""matchPct"":73},{""code"":""MX"",""name"":""Meksyk"",""score"":0.7086,""matchPct"":70.9},{""code"":""AU"",""name"":""Australia"",""score"":0.7012,""matchPct"":70.1},{""code"":""PH"",""name"":""Filipiny"",""score"":0.6774,""matchPct"":67.7},{""code"":""IT"",""name"":""Włochy"",""score"":0.6679999999999999,""matchPct"":66.8},{""code"":""ID"",""name"":""Indonezja"",""score"":0.6641999999999999,""matchPct"":66.4},{""code"":""US"",""name"":""USA"",""score"":0.6422,""matchPct"":64.2},{""code"":""IN"",""name"":""Indie"",""score"":0.5798,""matchPct"":58},{""code"":""BR"",""name"":""Brazylia"",""score"":0.5703,""matchPct"":57}]",wsm,aspirations,reality,2,4,4,5,5,5,5,5,5,C,reality,false,,tak
8ed6992c-8b9d-492f-9207-01002bbfc25d,2026-05-04 17:10:19.529969+00,Mężczyzna,18-25 lat,Raz w roku,0.18,0,0.4,0.03,0.3,0.09,"Chiny (83.5%), Włochy (79.9%), USA (69.6%), Indie (67.8%), Francja (66.8%), Hiszpania (63.9%), Kanada (61.7%), Gruzja (59.3%), Japonia (58.9%), Turcja (58.3%)","[{""code"":""CN"",""name"":""Chiny"",""score"":0.8350000000000001,""matchPct"":83.5},{""code"":""IT"",""name"":""Włochy"",""score"":0.7987,""matchPct"":79.9},{""code"":""US"",""name"":""USA"",""score"":0.6957,""matchPct"":69.6},{""code"":""IN"",""name"":""Indie"",""score"":0.678,""matchPct"":67.8},{""code"":""FR"",""name"":""Francja"",""score"":0.6682,""matchPct"":66.8},{""code"":""ES"",""name"":""Hiszpania"",""score"":0.639,""matchPct"":63.9},{""code"":""CA"",""name"":""Kanada"",""score"":0.6168,""matchPct"":61.7},{""code"":""GE"",""name"":""Gruzja"",""score"":0.5931000000000001,""matchPct"":59.3},{""code"":""JP"",""name"":""Japonia"",""score"":0.5893999999999999,""matchPct"":58.9},{""code"":""TR"",""name"":""Turcja"",""score"":0.5832999999999999,""matchPct"":58.3}]",reality,aspirations,wsm,1,2,1,3,2,2,1,3,2,A,reality,false,Europa,nie
8fbd9435-566e-4231-a9df-52dfe92d8ed7,2026-05-04 18:12:51.787939+00,Kobieta,18-25 lat,Raz na kilka lat,0.38,0,0.14,0.03,0.22,0.23,"Włochy (82.7%), Chiny (77.7%), Francja (68.8%), Hiszpania (67.8%), Indie (61.4%), Japonia (57.8%), Wielka Brytania (57.4%), Holandia (55.4%), Gruzja (54.2%), USA (53.6%)","[{""code"":""IT"",""name"":""Włochy"",""score"":0.8269,""matchPct"":82.7},{""code"":""CN"",""name"":""Chiny"",""score"":0.7772,""matchPct"":77.7},{""code"":""FR"",""name"":""Francja"",""score"":0.6883999999999999,""matchPct"":68.8},{""code"":""ES"",""name"":""Hiszpania"",""score"":0.6779999999999999,""matchPct"":67.8},{""code"":""IN"",""name"":""Indie"",""score"":0.6144000000000001,""matchPct"":61.4},{""code"":""JP"",""name"":""Japonia"",""score"":0.5778,""matchPct"":57.8},{""code"":""GB"",""name"":""Wielka Brytania"",""score"":0.5744,""matchPct"":57.4},{""code"":""NL"",""name"":""Holandia"",""score"":0.5541,""matchPct"":55.4},{""code"":""GE"",""name"":""Gruzja"",""score"":0.5415000000000001,""matchPct"":54.2},{""code"":""US"",""name"":""USA"",""score"":0.5357,""matchPct"":53.6}]",aspirations,reality,wsm,4,4,3,2,4,2,5,4,4,B,reality,false,"Interesuję się historią i sztuką a kraje takie ja Turcja, Włochy, Grecja, Hiszpania i Egipt wydają mi się bardzo interesujące",tak
9032d25e-204d-4b7e-910b-ccc97cd1a983,2026-05-04 17:14:00.481273+00,Mężczyzna,18-25 lat,Raz na kilka lat,0.1,0.1,0.1,0.1,0.4,0.2,"Włochy (78%), Hiszpania (75.5%), Chiny (75.5%), Gruzja (72.2%), Francja (69.8%), Grecja (69.4%), Chorwacja (69%), Indie (68%), Portugalia (67.7%), Turcja (67.7%)","[{""code"":""IT"",""name"":""Włochy"",""score"":0.78,""matchPct"":78},{""code"":""ES"",""name"":""Hiszpania"",""score"":0.755,""matchPct"":75.5},{""code"":""CN"",""name"":""Chiny"",""score"":0.7549999999999999,""matchPct"":75.5},{""code"":""GE"",""name"":""Gruzja"",""score"":0.7220000000000001,""matchPct"":72.2},{""code"":""FR"",""name"":""Francja"",""score"":0.6980000000000001,""matchPct"":69.8},{""code"":""GR"",""name"":""Grecja"",""score"":0.6940000000000001,""matchPct"":69.4},{""code"":""HR"",""name"":""Chorwacja"",""score"":0.6900000000000001,""matchPct"":69},{""code"":""IN"",""name"":""Indie"",""score"":0.68,""matchPct"":68},{""code"":""PT"",""name"":""Portugalia"",""score"":0.6770000000000002,""matchPct"":67.7},{""code"":""TR"",""name"":""Turcja"",""score"":0.677,""matchPct"":67.7}]",wsm,reality,aspirations,4,3,5,3,2,3,4,4,4,A,wsm,false,,tak
91c5d26b-f37a-4b2a-b735-406860f2f4ab,2026-05-04 18:14:14.653091+00,Mężczyzna,18-25 lat,Raz w roku,0.05,0.1,0.1,0.05,0.5,0.2,"Gruzja (78%), Włochy (77.3%), Hiszpania (76.7%), Chiny (75.6%), Chorwacja (73.6%), Grecja (72.4%), Słowenia (72.2%), Bułgaria (72%), Turcja (71.8%), Portugalia (71.7%)","[{""code"":""GE"",""name"":""Gruzja"",""score"":0.7795,""matchPct"":78},{""code"":""IT"",""name"":""Włochy"",""score"":0.773,""matchPct"":77.3},{""code"":""ES"",""name"":""Hiszpania"",""score"":0.767,""matchPct"":76.7},{""code"":""CN"",""name"":""Chiny"",""score"":0.756,""matchPct"":75.6},{""code"":""HR"",""name"":""Chorwacja"",""score"":0.7360000000000001,""matchPct"":73.6},{""code"":""GR"",""name"":""Grecja"",""score"":0.7235,""matchPct"":72.4},{""code"":""SI"",""name"":""Słowenia"",""score"":0.7220000000000001,""matchPct"":72.2},{""code"":""BG"",""name"":""Bułgaria"",""score"":0.7195,""matchPct"":72},{""code"":""TR"",""name"":""Turcja"",""score"":0.7175,""matchPct"":71.8},{""code"":""PT"",""name"":""Portugalia"",""score"":0.7170000000000001,""matchPct"":71.7}]",aspirations,reality,wsm,2,2,2,2,1,3,3,4,3,A,aspirations,false,,nie
91de9fc2-896c-46e3-84c1-b8a826127a78,2026-05-05 06:30:53.702069+00,Kobieta,18-25 lat,Raz na kilka lat,0.4,0.1,0.5,0,0,0,"Włochy (81%), Chiny (79.3%), USA (70.9%), Francja (61.9%), Indie (60.1%), Meksyk (52.7%), Japonia (50.7%), Hiszpania (49.7%), Brazylia (49.1%), Peru (48.9%)","[{""code"":""IT"",""name"":""Włochy"",""score"":0.81,""matchPct"":81},{""code"":""CN"",""name"":""Chiny"",""score"":0.7929999999999999,""matchPct"":79.3},{""code"":""US"",""name"":""USA"",""score"":0.709,""matchPct"":70.9},{""code"":""FR"",""name"":""Francja"",""score"":0.619,""matchPct"":61.9},{""code"":""IN"",""name"":""Indie"",""score"":0.601,""matchPct"":60.1},{""code"":""MX"",""name"":""Meksyk"",""score"":0.527,""matchPct"":52.7},{""code"":""JP"",""name"":""Japonia"",""score"":0.507,""matchPct"":50.7},{""code"":""ES"",""name"":""Hiszpania"",""score"":0.497,""matchPct"":49.7},{""code"":""BR"",""name"":""Brazylia"",""score"":0.49100000000000005,""matchPct"":49.1},{""code"":""PE"",""name"":""Peru"",""score"":0.489,""matchPct"":48.9}]",reality,aspirations,wsm,2,4,2,4,3,5,3,4,5,A,reality,false,,tak
91ee178b-f5a7-4d76-9434-f6e5fde13267,2026-05-04 17:08:43.159518+00,Mężczyzna,18-25 lat,Raz w roku,0.2,0,0.5,0.07,0.2,0.03,"Chiny (85%), Włochy (80.3%), USA (75.7%), Indie (66.4%), Francja (66.3%), Kanada (63.8%), Hiszpania (59.8%), Japonia (58.4%), Peru (56.7%), Brazylia (55.5%)","[{""code"":""CN"",""name"":""Chiny"",""score"":0.8503999999999999,""matchPct"":85},{""code"":""IT"",""name"":""Włochy"",""score"":0.8027000000000001,""matchPct"":80.3},{""code"":""US"",""name"":""USA"",""score"":0.7569,""matchPct"":75.7},{""code"":""IN"",""name"":""Indie"",""score"":0.6644000000000001,""matchPct"":66.4},{""code"":""FR"",""name"":""Francja"",""score"":0.6626000000000001,""matchPct"":66.3},{""code"":""CA"",""name"":""Kanada"",""score"":0.6384,""matchPct"":63.8},{""code"":""ES"",""name"":""Hiszpania"",""score"":0.5978,""matchPct"":59.8},{""code"":""JP"",""name"":""Japonia"",""score"":0.584,""matchPct"":58.4},{""code"":""PE"",""name"":""Peru"",""score"":0.5669000000000001,""matchPct"":56.7},{""code"":""BR"",""name"":""Brazylia"",""score"":0.5548000000000001,""matchPct"":55.5}]",aspirations,wsm,reality,2,4,3,3,4,3,2,4,2,A,aspirations,false,,trudno_powiedziec
932eae0a-a70d-48ed-8220-4e34586b2d71,2026-05-04 17:13:41.528652+00,Mężczyzna,18-25 lat,Raz na kilka lat,0,0.1,0.5,0.3,0.07,0.03,"USA (90.6%), Chiny (85%), Włochy (75.2%), Kanada (74.1%), Japonia (69.3%), Francja (66.4%), Indie (65%), Hiszpania (63.7%), Brazylia (63.1%), Australia (62.1%)","[{""code"":""US"",""name"":""USA"",""score"":0.9055000000000001,""matchPct"":90.6},{""code"":""CN"",""name"":""Chiny"",""score"":0.8502,""matchPct"":85},{""code"":""IT"",""name"":""Włochy"",""score"":0.7519999999999999,""matchPct"":75.2},{""code"":""CA"",""name"":""Kanada"",""score"":0.7409999999999999,""matchPct"":74.1},{""code"":""JP"",""name"":""Japonia"",""score"":0.6933,""matchPct"":69.3},{""code"":""FR"",""name"":""Francja"",""score"":0.6642,""matchPct"":66.4},{""code"":""IN"",""name"":""Indie"",""score"":0.6495,""matchPct"":65},{""code"":""ES"",""name"":""Hiszpania"",""score"":0.6369000000000001,""matchPct"":63.7},{""code"":""BR"",""name"":""Brazylia"",""score"":0.6312000000000001,""matchPct"":63.1},{""code"":""AU"",""name"":""Australia"",""score"":0.6210000000000001,""matchPct"":62.1}]",aspirations,reality,wsm,3,2,3,4,2,3,1,3,1,A,aspirations,false,,tak
933959ea-035f-47d0-9d2a-d18cd7d0d2b2,2026-05-04 18:03:27.459789+00,Mężczyzna,18-25 lat,Raz na kilka lat,0.3,0.1,0.1,0.1,0.2,0.2,"Włochy (80.6%), Chiny (73.9%), Hiszpania (69.3%), Francja (68.8%), Indie (61.6%), Japonia (60.1%), USA (57.9%), Grecja (57.4%), Wielka Brytania (56.9%), Holandia (55.6%)","[{""code"":""IT"",""name"":""Włochy"",""score"":0.806,""matchPct"":80.6},{""code"":""CN"",""name"":""Chiny"",""score"":0.7390000000000001,""matchPct"":73.9},{""code"":""ES"",""name"":""Hiszpania"",""score"":0.6930000000000001,""matchPct"":69.3},{""code"":""FR"",""name"":""Francja"",""score"":0.688,""matchPct"":68.8},{""code"":""IN"",""name"":""Indie"",""score"":0.616,""matchPct"":61.6},{""code"":""JP"",""name"":""Japonia"",""score"":0.601,""matchPct"":60.1},{""code"":""US"",""name"":""USA"",""score"":0.579,""matchPct"":57.9},{""code"":""GR"",""name"":""Grecja"",""score"":0.574,""matchPct"":57.4},{""code"":""GB"",""name"":""Wielka Brytania"",""score"":0.569,""matchPct"":56.9},{""code"":""NL"",""name"":""Holandia"",""score"":0.556,""matchPct"":55.6}]",reality,wsm,aspirations,4,3,4,4,3,4,3,4,3,C,aspirations,false,,trudno_powiedziec
94977713-fdba-4d46-b78e-5b7c06ac08ee,2026-05-04 18:11:10.743702+00,Inna,18-25 lat,2-3 razy w roku,0.25,0,0.25,0,0.2,0.3,"Chiny (83.5%), Włochy (77%), Hiszpania (65.2%), Francja (63.2%), Japonia (62.3%), Indie (61.8%), Gruzja (59.7%), USA (59.3%), Słowenia (58%), Finlandia (57.2%)","[{""code"":""CN"",""name"":""Chiny"",""score"":0.8345,""matchPct"":83.5},{""code"":""IT"",""name"":""Włochy"",""score"":0.77,""matchPct"":77},{""code"":""ES"",""name"":""Hiszpania"",""score"":0.6515,""matchPct"":65.2},{""code"":""FR"",""name"":""Francja"",""score"":0.632,""matchPct"":63.2},{""code"":""JP"",""name"":""Japonia"",""score"":0.623,""matchPct"":62.3},{""code"":""IN"",""name"":""Indie"",""score"":0.6175,""matchPct"":61.8},{""code"":""GE"",""name"":""Gruzja"",""score"":0.597,""matchPct"":59.7},{""code"":""US"",""name"":""USA"",""score"":0.5925,""matchPct"":59.3},{""code"":""SI"",""name"":""Słowenia"",""score"":0.5795,""matchPct"":58},{""code"":""FI"",""name"":""Finlandia"",""score"":0.5720000000000001,""matchPct"":57.2}]",wsm,aspirations,reality,4,3,4,3,1,2,4,4,3,C,reality,false,,tak
94ce6057-920f-4505-8557-5df3cea8ead8,2026-05-04 17:59:50.084604+00,Mężczyzna,46-60 lat,Raz na kilka lat,0.4,0.24,0.26,0.1,0,0,"Włochy (81.4%), Chiny (68.7%), USA (66.5%), Francja (65.5%), Indie (58.7%), Hiszpania (56.5%), Meksyk (55.3%), Japonia (52%), Grecja (49.4%), Brazylia (48.1%)","[{""code"":""IT"",""name"":""Włochy"",""score"":0.814,""matchPct"":81.4},{""code"":""CN"",""name"":""Chiny"",""score"":0.6874,""matchPct"":68.7},{""code"":""US"",""name"":""USA"",""score"":0.6653999999999999,""matchPct"":66.5},{""code"":""FR"",""name"":""Francja"",""score"":0.655,""matchPct"":65.5},{""code"":""IN"",""name"":""Indie"",""score"":0.5871999999999999,""matchPct"":58.7},{""code"":""ES"",""name"":""Hiszpania"",""score"":0.5646,""matchPct"":56.5},{""code"":""MX"",""name"":""Meksyk"",""score"":0.5528,""matchPct"":55.3},{""code"":""JP"",""name"":""Japonia"",""score"":0.5204,""matchPct"":52},{""code"":""GR"",""name"":""Grecja"",""score"":0.49379999999999996,""matchPct"":49.4},{""code"":""BR"",""name"":""Brazylia"",""score"":0.4808,""matchPct"":48.1}]",reality,aspirations,wsm,1,3,3,5,1,3,2,5,2,A,reality,false,Cena i w 3 krajach z listy nie byłem,trudno_powiedziec
95003265-8079-48b4-99e0-ee757ded4eb4,2026-05-04 18:40:41.515686+00,Kobieta,18-25 lat,Raz na kilka lat,0.3,0.1,0.3,0.05,0.05,0.2,"Chiny (79.4%), Włochy (77.2%), USA (64.8%), Francja (62%), Japonia (59.6%), Hiszpania (59.3%), Indie (59%), Kanada (48.7%), Wielka Brytania (46.9%), Grecja (46.5%)","[{""code"":""CN"",""name"":""Chiny"",""score"":0.794,""matchPct"":79.4},{""code"":""IT"",""name"":""Włochy"",""score"":0.7715,""matchPct"":77.2},{""code"":""US"",""name"":""USA"",""score"":0.648,""matchPct"":64.8},{""code"":""FR"",""name"":""Francja"",""score"":0.6199999999999999,""matchPct"":62},{""code"":""JP"",""name"":""Japonia"",""score"":0.5955,""matchPct"":59.6},{""code"":""ES"",""name"":""Hiszpania"",""score"":0.5934999999999999,""matchPct"":59.3},{""code"":""IN"",""name"":""Indie"",""score"":0.5895,""matchPct"":59},{""code"":""CA"",""name"":""Kanada"",""score"":0.487,""matchPct"":48.7},{""code"":""GB"",""name"":""Wielka Brytania"",""score"":0.4694999999999999,""matchPct"":46.9},{""code"":""GR"",""name"":""Grecja"",""score"":0.4654999999999999,""matchPct"":46.5}]",aspirations,reality,wsm,3,1,4,2,1,4,4,3,5,B,reality,false,Lista zawiera opcje z bezpośrednimi i stosunkowo niedługimi lotami. Kraje wydają się również przystosowane do turystów z  Polski.,tak
9707a2ed-fb0b-4c6c-8c3b-c10baf88cde5,2026-05-04 19:55:42.309248+00,Kobieta,18-25 lat,Częściej niż 3 razy w roku,0.24,0.18,0.02,0.14,0.21,0.21,"Włochy (78.8%), Hiszpania (72%), Chiny (70.1%), Francja (68.8%), Grecja (64.4%), Japonia (62.2%), Indie (61.7%), Holandia (59.1%), USA (58.3%), Turcja (57.9%)","[{""code"":""IT"",""name"":""Włochy"",""score"":0.7876000000000001,""matchPct"":78.8},{""code"":""ES"",""name"":""Hiszpania"",""score"":0.7199,""matchPct"":72},{""code"":""CN"",""name"":""Chiny"",""score"":0.7014,""matchPct"":70.1},{""code"":""FR"",""name"":""Francja"",""score"":0.6882,""matchPct"":68.8},{""code"":""GR"",""name"":""Grecja"",""score"":0.6442,""matchPct"":64.4},{""code"":""JP"",""name"":""Japonia"",""score"":0.6219,""matchPct"":62.2},{""code"":""IN"",""name"":""Indie"",""score"":0.6169,""matchPct"":61.7},{""code"":""NL"",""name"":""Holandia"",""score"":0.5907,""matchPct"":59.1},{""code"":""US"",""name"":""USA"",""score"":0.5829,""matchPct"":58.3},{""code"":""TR"",""name"":""Turcja"",""score"":0.5787,""matchPct"":57.9}]",wsm,aspirations,reality,3,2,4,4,1,4,4,4,4,C,reality,false,"Pierwsza spoko tylko za dużo kierunków pozaeuropejskich 
Druga nieosiągalna finansowo 
3 spoko",tak
978c0b67-30f8-4e96-ba06-89603300d2b7,2026-05-04 18:09:05.902888+00,Mężczyzna,18-25 lat,Raz w roku,0.25,0,0,0.3,0.2,0.25,"Włochy (83.1%), Hiszpania (80.1%), Chiny (76.8%), Francja (76.4%), Holandia (74.9%), Andora (70.7%), Wielka Brytania (69.9%), Japonia (68.8%), Portugalia (68.4%), Czechy (67.7%)","[{""code"":""IT"",""name"":""Włochy"",""score"":0.8305,""matchPct"":83.1},{""code"":""ES"",""name"":""Hiszpania"",""score"":0.801,""matchPct"":80.1},{""code"":""CN"",""name"":""Chiny"",""score"":0.768,""matchPct"":76.8},{""code"":""FR"",""name"":""Francja"",""score"":0.7635000000000001,""matchPct"":76.4},{""code"":""NL"",""name"":""Holandia"",""score"":0.7485,""matchPct"":74.9},{""code"":""AD"",""name"":""Andora"",""score"":0.7065,""matchPct"":70.7},{""code"":""GB"",""name"":""Wielka Brytania"",""score"":0.6985000000000001,""matchPct"":69.9},{""code"":""JP"",""name"":""Japonia"",""score"":0.688,""matchPct"":68.8},{""code"":""PT"",""name"":""Portugalia"",""score"":0.6835,""matchPct"":68.4},{""code"":""CZ"",""name"":""Czechy"",""score"":0.677,""matchPct"":67.7}]",aspirations,reality,wsm,4,4,5,3,1,2,4,4,5,C,wsm,false,,tak
98aff08f-e425-49e7-bf21-6978d86fef86,2026-05-02 11:14:13.032027+00,Kobieta,46-60 lat,2-3 razy w roku,0.26,0.27,0.13,0.25,0,0.09,"Włochy (78.4%), USA (69.5%), Chiny (68.3%), Francja (67.7%), Hiszpania (65.4%), Japonia (61.7%), Grecja (61.3%), Australia (59.1%), Indie (58.3%), Meksyk (54.8%)","[{""code"":""IT"",""name"":""Włochy"",""score"":0.7843,""matchPct"":78.4},{""code"":""US"",""name"":""USA"",""score"":0.6954,""matchPct"":69.5},{""code"":""CN"",""name"":""Chiny"",""score"":0.6825,""matchPct"":68.3},{""code"":""FR"",""name"":""Francja"",""score"":0.6771,""matchPct"":67.7},{""code"":""ES"",""name"":""Hiszpania"",""score"":0.6539,""matchPct"":65.4},{""code"":""JP"",""name"":""Japonia"",""score"":0.6165,""matchPct"":61.7},{""code"":""GR"",""name"":""Grecja"",""score"":0.6132,""matchPct"":61.3},{""code"":""AU"",""name"":""Australia"",""score"":0.5909000000000001,""matchPct"":59.1},{""code"":""IN"",""name"":""Indie"",""score"":0.5829000000000001,""matchPct"":58.3},{""code"":""MX"",""name"":""Meksyk"",""score"":0.5482,""matchPct"":54.8}]",wsm,aspirations,reality,4,2,4,3,1,3,4,4,4,C,reality,false,,tak
9974e386-875c-4017-9a9e-ca359e6a4d40,2026-05-04 17:07:05.804921+00,Mężczyzna,18-25 lat,Raz w roku,0.1,0.06,0.28,0.11,0.3,0.15,"Chiny (80.8%), Włochy (77.5%), USA (69.6%), Hiszpania (69.3%), Francja (67.6%), Indie (67.1%), Gruzja (65.7%), Japonia (64.1%), Słowenia (63.3%), Turcja (62.9%)","[{""code"":""CN"",""name"":""Chiny"",""score"":0.8078,""matchPct"":80.8},{""code"":""IT"",""name"":""Włochy"",""score"":0.7753,""matchPct"":77.5},{""code"":""US"",""name"":""USA"",""score"":0.6963,""matchPct"":69.6},{""code"":""ES"",""name"":""Hiszpania"",""score"":0.6934000000000001,""matchPct"":69.3},{""code"":""FR"",""name"":""Francja"",""score"":0.6758,""matchPct"":67.6},{""code"":""IN"",""name"":""Indie"",""score"":0.6714,""matchPct"":67.1},{""code"":""GE"",""name"":""Gruzja"",""score"":0.6565000000000001,""matchPct"":65.7},{""code"":""JP"",""name"":""Japonia"",""score"":0.6412,""matchPct"":64.1},{""code"":""SI"",""name"":""Słowenia"",""score"":0.6332,""matchPct"":63.3},{""code"":""TR"",""name"":""Turcja"",""score"":0.6285,""matchPct"":62.9}]",reality,wsm,aspirations,4,2,3,5,1,5,3,2,4,A,reality,false,"zbieram na wyjazd do neapolu od roku
lista A wydaje sie jedyna prędzej dostępna finansowo",tak
99c14a11-e50e-4b46-9508-37593d80b22d,2026-05-02 11:53:10.494663+00,Kobieta,46-60 lat,Częściej niż 3 razy w roku,0.08,0.12,0.12,0.1,0.28,0.3,"Chiny (78%), Włochy (73.9%), Hiszpania (72.7%), Gruzja (70.4%), Chorwacja (68.5%), Słowenia (68.4%), Japonia (67.8%), Andora (66.6%), Portugalia (66%), Finlandia (65.9%)","[{""code"":""CN"",""name"":""Chiny"",""score"":0.7804,""matchPct"":78},{""code"":""IT"",""name"":""Włochy"",""score"":0.7385999999999999,""matchPct"":73.9},{""code"":""ES"",""name"":""Hiszpania"",""score"":0.7268,""matchPct"":72.7},{""code"":""GE"",""name"":""Gruzja"",""score"":0.7042,""matchPct"":70.4},{""code"":""HR"",""name"":""Chorwacja"",""score"":0.6854,""matchPct"":68.5},{""code"":""SI"",""name"":""Słowenia"",""score"":0.684,""matchPct"":68.4},{""code"":""JP"",""name"":""Japonia"",""score"":0.6784,""matchPct"":67.8},{""code"":""AD"",""name"":""Andora"",""score"":0.6659999999999999,""matchPct"":66.6},{""code"":""PT"",""name"":""Portugalia"",""score"":0.6602000000000001,""matchPct"":66},{""code"":""FI"",""name"":""Finlandia"",""score"":0.6586000000000001,""matchPct"":65.9}]",wsm,reality,aspirations,4,4,4,5,3,5,5,5,5,B,reality,false,,tak
99cb538d-5abb-4546-853a-1c14edf426d9,2026-05-04 18:12:15.564437+00,Mężczyzna,18-25 lat,Raz na kilka lat,0.15,0.4,0.25,0,0.05,0.15,"Włochy (69.4%), Chiny (68.6%), USA (68.2%), Indie (59.8%), Tajlandia (58.5%), Indonezja (58.3%), Japonia (58.2%), Grecja (58%), Australia (57.8%), Meksyk (56.2%)","[{""code"":""IT"",""name"":""Włochy"",""score"":0.694,""matchPct"":69.4},{""code"":""CN"",""name"":""Chiny"",""score"":0.6864999999999999,""matchPct"":68.6},{""code"":""US"",""name"":""USA"",""score"":0.6819999999999999,""matchPct"":68.2},{""code"":""IN"",""name"":""Indie"",""score"":0.598,""matchPct"":59.8},{""code"":""TH"",""name"":""Tajlandia"",""score"":0.585,""matchPct"":58.5},{""code"":""ID"",""name"":""Indonezja"",""score"":0.5830000000000001,""matchPct"":58.3},{""code"":""JP"",""name"":""Japonia"",""score"":0.5815,""matchPct"":58.2},{""code"":""GR"",""name"":""Grecja"",""score"":0.58,""matchPct"":58},{""code"":""AU"",""name"":""Australia"",""score"":0.5775000000000001,""matchPct"":57.8},{""code"":""MX"",""name"":""Meksyk"",""score"":0.5615000000000001,""matchPct"":56.2}]",aspirations,reality,wsm,2,3,3,3,2,5,4,4,3,B,reality,false,,tak
9a488e24-6a47-4b9a-9f9d-dca23b395df3,2026-05-01 21:40:06.601577+00,Mężczyzna,26-35 lat,Raz w roku,0.5,0,0.5,0,0,0,"Włochy (85%), Chiny (81.5%), USA (67.5%), Francja (65%), Indie (59.5%), Hiszpania (50.5%), Japonia (49%), Meksyk (48.5%), Peru (48.5%), Kanada (47%)","[{""code"":""IT"",""name"":""Włochy"",""score"":0.85,""matchPct"":85},{""code"":""CN"",""name"":""Chiny"",""score"":0.815,""matchPct"":81.5},{""code"":""US"",""name"":""USA"",""score"":0.675,""matchPct"":67.5},{""code"":""FR"",""name"":""Francja"",""score"":0.65,""matchPct"":65},{""code"":""IN"",""name"":""Indie"",""score"":0.595,""matchPct"":59.5},{""code"":""ES"",""name"":""Hiszpania"",""score"":0.505,""matchPct"":50.5},{""code"":""JP"",""name"":""Japonia"",""score"":0.49,""matchPct"":49},{""code"":""MX"",""name"":""Meksyk"",""score"":0.485,""matchPct"":48.5},{""code"":""PE"",""name"":""Peru"",""score"":0.485,""matchPct"":48.5},{""code"":""CA"",""name"":""Kanada"",""score"":0.47,""matchPct"":47}]",wsm,reality,aspirations,3,3,2,3,2,4,3,3,4,B,reality,false,,trudno_powiedziec
9a5fb522-0dff-42b9-8599-6be08006bac9,2026-05-04 17:08:29.661959+00,Nie chcę podawać,18-25 lat,Raz w roku,0.07,0.36,0.1,0.09,0.1,0.28,"Chiny (69.8%), Włochy (68.2%), Grecja (66.3%), Japonia (66.1%), USA (65.4%), Tajlandia (65%), Hiszpania (64.9%), Indonezja (63.4%), Australia (63.2%), Wietnam (60.2%)","[{""code"":""CN"",""name"":""Chiny"",""score"":0.698,""matchPct"":69.8},{""code"":""IT"",""name"":""Włochy"",""score"":0.6818,""matchPct"":68.2},{""code"":""GR"",""name"":""Grecja"",""score"":0.6633,""matchPct"":66.3},{""code"":""JP"",""name"":""Japonia"",""score"":0.6606000000000001,""matchPct"":66.1},{""code"":""US"",""name"":""USA"",""score"":0.6537999999999999,""matchPct"":65.4},{""code"":""TH"",""name"":""Tajlandia"",""score"":0.6504,""matchPct"":65},{""code"":""ES"",""name"":""Hiszpania"",""score"":0.6486000000000001,""matchPct"":64.9},{""code"":""ID"",""name"":""Indonezja"",""score"":0.6338,""matchPct"":63.4},{""code"":""AU"",""name"":""Australia"",""score"":0.6322000000000001,""matchPct"":63.2},{""code"":""VN"",""name"":""Wietnam"",""score"":0.6018,""matchPct"":60.2}]",reality,aspirations,wsm,1,1,1,1,1,2,3,3,3,A,reality,false,,tak
9b1113e7-a56c-4f96-8f2a-7ea1d958b492,2026-05-04 17:38:51.266909+00,Mężczyzna,18-25 lat,Częściej niż 3 razy w roku,0.2,0,0.3,0.2,0.1,0.2,"Chiny (84.1%), Włochy (78.7%), USA (71.3%), Francja (67.9%), Hiszpania (67.4%), Japonia (66.7%), Kanada (62.1%), Indie (61.3%), Wielka Brytania (58%), Finlandia (57.6%)","[{""code"":""CN"",""name"":""Chiny"",""score"":0.841,""matchPct"":84.1},{""code"":""IT"",""name"":""Włochy"",""score"":0.787,""matchPct"":78.7},{""code"":""US"",""name"":""USA"",""score"":0.713,""matchPct"":71.3},{""code"":""FR"",""name"":""Francja"",""score"":0.6789999999999999,""matchPct"":67.9},{""code"":""ES"",""name"":""Hiszpania"",""score"":0.674,""matchPct"":67.4},{""code"":""JP"",""name"":""Japonia"",""score"":0.667,""matchPct"":66.7},{""code"":""CA"",""name"":""Kanada"",""score"":0.621,""matchPct"":62.1},{""code"":""IN"",""name"":""Indie"",""score"":0.613,""matchPct"":61.3},{""code"":""GB"",""name"":""Wielka Brytania"",""score"":0.5800000000000001,""matchPct"":58},{""code"":""FI"",""name"":""Finlandia"",""score"":0.5760000000000001,""matchPct"":57.6}]",wsm,reality,aspirations,4,4,1,4,3,2,1,4,1,A,wsm,false,"Lista B kojarzy mi się jedynie z resortami, oraz niekoniecznie ciekawymi dla mnie destynacjami. Lista C zawiera w sobie bardzo ciekawe kierunki, jednak aktualnie niezbyt na mój budżet. Lista A jest prawie idealna, gdyż większość państw z listy jest dla mnie osiągalna, na dodatek Chiny, znajdujące się na pierwszym miejscu, to mój wymarzony kierunek podróży.",trudno_powiedziec
9c040334-1ba5-4f8f-ab47-6d10bb3463f0,2026-05-03 18:46:32.767724+00,Mężczyzna,26-35 lat,Częściej niż 3 razy w roku,0,0.3,0.5,0,0.1,0.1,"USA (80.8%), Chiny (78.9%), Włochy (67.4%), Indie (64.2%), Indonezja (64%), Japonia (61.4%), Meksyk (60.9%), Brazylia (60.7%), Tajlandia (58.9%), Australia (58.1%)","[{""code"":""US"",""name"":""USA"",""score"":0.808,""matchPct"":80.8},{""code"":""CN"",""name"":""Chiny"",""score"":0.7889999999999999,""matchPct"":78.9},{""code"":""IT"",""name"":""Włochy"",""score"":0.6739999999999999,""matchPct"":67.4},{""code"":""IN"",""name"":""Indie"",""score"":0.642,""matchPct"":64.2},{""code"":""ID"",""name"":""Indonezja"",""score"":0.6399999999999999,""matchPct"":64},{""code"":""JP"",""name"":""Japonia"",""score"":0.614,""matchPct"":61.4},{""code"":""MX"",""name"":""Meksyk"",""score"":0.609,""matchPct"":60.9},{""code"":""BR"",""name"":""Brazylia"",""score"":0.6070000000000001,""matchPct"":60.7},{""code"":""TH"",""name"":""Tajlandia"",""score"":0.589,""matchPct"":58.9},{""code"":""AU"",""name"":""Australia"",""score"":0.581,""matchPct"":58.1}]",reality,wsm,aspirations,4,4,2,3,4,2,2,5,1,B,wsm,false,,nie
9ca607df-d789-41a7-baba-565c342cc4c5,2026-05-01 19:50:29.225118+00,Kobieta,18-25 lat,2-3 razy w roku,0.25,0,0.25,0.1,0.1,0.3,"Chiny (84.1%), Włochy (77.1%), Hiszpania (65.9%), Japonia (65.4%), Francja (64.4%), USA (63.5%), Indie (59.5%), Słowenia (57.1%), Gruzja (56.9%), Finlandia (56.8%)","[{""code"":""CN"",""name"":""Chiny"",""score"":0.8405,""matchPct"":84.1},{""code"":""IT"",""name"":""Włochy"",""score"":0.7709999999999999,""matchPct"":77.1},{""code"":""ES"",""name"":""Hiszpania"",""score"":0.6585000000000001,""matchPct"":65.9},{""code"":""JP"",""name"":""Japonia"",""score"":0.654,""matchPct"":65.4},{""code"":""FR"",""name"":""Francja"",""score"":0.644,""matchPct"":64.4},{""code"":""US"",""name"":""USA"",""score"":0.6345,""matchPct"":63.5},{""code"":""IN"",""name"":""Indie"",""score"":0.5945,""matchPct"":59.5},{""code"":""SI"",""name"":""Słowenia"",""score"":0.5705,""matchPct"":57.1},{""code"":""GE"",""name"":""Gruzja"",""score"":0.5690000000000001,""matchPct"":56.9},{""code"":""FI"",""name"":""Finlandia"",""score"":0.5680000000000001,""matchPct"":56.8}]",wsm,aspirations,reality,3,4,4,1,4,1,2,4,2,A,wsm,false,,tak
9e361086-f8e3-4db0-96ca-80710c79f61b,2026-05-02 12:49:37.610608+00,Mężczyzna,18-25 lat,Raz w roku,0.25,0.5,0,0,0.25,0,"Włochy (76.8%), Grecja (70.5%), Indie (64%), Francja (63.8%), Tajlandia (63.8%), Meksyk (63.5%), Hiszpania (62.8%), Filipiny (58.5%), Indonezja (58.3%), USA (57.5%)","[{""code"":""IT"",""name"":""Włochy"",""score"":0.7675000000000001,""matchPct"":76.8},{""code"":""GR"",""name"":""Grecja"",""score"":0.705,""matchPct"":70.5},{""code"":""IN"",""name"":""Indie"",""score"":0.64,""matchPct"":64},{""code"":""FR"",""name"":""Francja"",""score"":0.6375,""matchPct"":63.8},{""code"":""TH"",""name"":""Tajlandia"",""score"":0.6375,""matchPct"":63.8},{""code"":""MX"",""name"":""Meksyk"",""score"":0.635,""matchPct"":63.5},{""code"":""ES"",""name"":""Hiszpania"",""score"":0.6275,""matchPct"":62.8},{""code"":""PH"",""name"":""Filipiny"",""score"":0.585,""matchPct"":58.5},{""code"":""ID"",""name"":""Indonezja"",""score"":0.5825,""matchPct"":58.3},{""code"":""US"",""name"":""USA"",""score"":0.575,""matchPct"":57.5}]",aspirations,wsm,reality,5,4,5,4,3,4,4,5,3,B,wsm,false,,tak
9eacf513-ba2b-4ab1-95be-ca8be44c4084,2026-05-04 17:08:58.013892+00,Kobieta,18-25 lat,2-3 razy w roku,0.17,0.4,0.07,0.07,0.2,0.09,"Włochy (74.6%), Grecja (68.9%), Hiszpania (64.7%), Tajlandia (63.5%), Francja (63.2%), Indie (63.1%), USA (63%), Chiny (62.3%), Indonezja (60.1%), Meksyk (59.1%)","[{""code"":""IT"",""name"":""Włochy"",""score"":0.7459000000000001,""matchPct"":74.6},{""code"":""GR"",""name"":""Grecja"",""score"":0.6887000000000001,""matchPct"":68.9},{""code"":""ES"",""name"":""Hiszpania"",""score"":0.6473,""matchPct"":64.7},{""code"":""TH"",""name"":""Tajlandia"",""score"":0.6349,""matchPct"":63.5},{""code"":""FR"",""name"":""Francja"",""score"":0.6318,""matchPct"":63.2},{""code"":""IN"",""name"":""Indie"",""score"":0.6307,""matchPct"":63.1},{""code"":""US"",""name"":""USA"",""score"":0.6298,""matchPct"":63},{""code"":""CN"",""name"":""Chiny"",""score"":0.6225,""matchPct"":62.3},{""code"":""ID"",""name"":""Indonezja"",""score"":0.6007000000000001,""matchPct"":60.1},{""code"":""MX"",""name"":""Meksyk"",""score"":0.5912000000000001,""matchPct"":59.1}]",aspirations,reality,wsm,4,4,4,4,2,5,3,5,2,A,aspirations,false,"Wole ciepłe kierunki a podróżować mogę głównie w zimę, więc kierunki blisko polski są wtedy zimne",tak
9ebad67e-9e4b-47f0-9e43-1d7557deebf1,2026-05-04 11:35:35.392569+00,Kobieta,36-45 lat,Raz w roku,0,0.56,0.44,0,0,0,"USA (82.8%), Meksyk (70.5%), Indonezja (68.4%), Chiny (67%), Australia (66.5%), Tajlandia (66.2%), Brazylia (65.3%), Włochy (64.4%), Indie (62.1%), Grecja (61.3%)","[{""code"":""US"",""name"":""USA"",""score"":0.8276,""matchPct"":82.8},{""code"":""MX"",""name"":""Meksyk"",""score"":0.7052,""matchPct"":70.5},{""code"":""ID"",""name"":""Indonezja"",""score"":0.6844000000000001,""matchPct"":68.4},{""code"":""CN"",""name"":""Chiny"",""score"":0.6696,""matchPct"":67},{""code"":""AU"",""name"":""Australia"",""score"":0.6648000000000001,""matchPct"":66.5},{""code"":""TH"",""name"":""Tajlandia"",""score"":0.662,""matchPct"":66.2},{""code"":""BR"",""name"":""Brazylia"",""score"":0.6532,""matchPct"":65.3},{""code"":""IT"",""name"":""Włochy"",""score"":0.644,""matchPct"":64.4},{""code"":""IN"",""name"":""Indie"",""score"":0.6208,""matchPct"":62.1},{""code"":""GR"",""name"":""Grecja"",""score"":0.6132,""matchPct"":61.3}]",aspirations,reality,wsm,5,3,5,3,2,5,2,4,2,C,wsm,false,Inspirująca i nie oklepana,tak
9fc586dd-df07-48cf-ba7c-67bccb4e9256,2026-05-04 17:28:39.027598+00,Kobieta,26-35 lat,Raz na kilka lat,0.1,0.6,0.24,0,0,0.06,"USA (72.3%), Włochy (66.2%), Tajlandia (66.1%), Meksyk (65.5%), Australia (65.4%), Indonezja (64.6%), Grecja (63.6%), Chiny (60.6%), Filipiny (59.8%), Indie (59.5%)","[{""code"":""US"",""name"":""USA"",""score"":0.723,""matchPct"":72.3},{""code"":""IT"",""name"":""Włochy"",""score"":0.6621999999999999,""matchPct"":66.2},{""code"":""TH"",""name"":""Tajlandia"",""score"":0.6609999999999999,""matchPct"":66.1},{""code"":""MX"",""name"":""Meksyk"",""score"":0.6552,""matchPct"":65.5},{""code"":""AU"",""name"":""Australia"",""score"":0.6536,""matchPct"":65.4},{""code"":""ID"",""name"":""Indonezja"",""score"":0.6457999999999999,""matchPct"":64.6},{""code"":""GR"",""name"":""Grecja"",""score"":0.6355999999999998,""matchPct"":63.6},{""code"":""CN"",""name"":""Chiny"",""score"":0.6059999999999999,""matchPct"":60.6},{""code"":""PH"",""name"":""Filipiny"",""score"":0.5982,""matchPct"":59.8},{""code"":""IN"",""name"":""Indie"",""score"":0.5954,""matchPct"":59.5}]",wsm,aspirations,reality,4,2,4,4,2,4,4,2,4,A,wsm,false,,tak
9fd8497c-b369-4a6c-942b-ef67c79098be,2026-05-04 17:16:16.319869+00,Kobieta,18-25 lat,Raz na kilka lat,0.05,0.1,0.15,0.2,0.2,0.3,"Chiny (80.4%), Hiszpania (73.7%), Włochy (73.6%), Japonia (71.8%), Słowenia (70.1%), Gruzja (70%), Andora (70%), Chorwacja (69.5%), USA (68.4%), Finlandia (68.2%)","[{""code"":""CN"",""name"":""Chiny"",""score"":0.8035000000000001,""matchPct"":80.4},{""code"":""ES"",""name"":""Hiszpania"",""score"":0.7365,""matchPct"":73.7},{""code"":""IT"",""name"":""Włochy"",""score"":0.736,""matchPct"":73.6},{""code"":""JP"",""name"":""Japonia"",""score"":0.718,""matchPct"":71.8},{""code"":""SI"",""name"":""Słowenia"",""score"":0.7005000000000001,""matchPct"":70.1},{""code"":""GE"",""name"":""Gruzja"",""score"":0.7,""matchPct"":70},{""code"":""AD"",""name"":""Andora"",""score"":0.7,""matchPct"":70},{""code"":""HR"",""name"":""Chorwacja"",""score"":0.6945000000000001,""matchPct"":69.5},{""code"":""US"",""name"":""USA"",""score"":0.6835,""matchPct"":68.4},{""code"":""FI"",""name"":""Finlandia"",""score"":0.682,""matchPct"":68.2}]",aspirations,wsm,reality,4,3,2,3,2,2,4,5,3,B,wsm,false,,tak
a47f24b2-5e95-41dc-a698-aa9bcbe2bb5e,2026-05-04 17:12:35.670713+00,Kobieta,18-25 lat,Raz na kilka lat,0.2,0.15,0.2,0.1,0.15,0.2,"Włochy (76.3%), Chiny (76.1%), Hiszpania (65.7%), USA (65%), Francja (64.4%), Japonia (62.5%), Indie (61.6%), Grecja (57.7%), Gruzja (54.8%), Turcja (54.4%)","[{""code"":""IT"",""name"":""Włochy"",""score"":0.7625000000000001,""matchPct"":76.3},{""code"":""CN"",""name"":""Chiny"",""score"":0.7610000000000001,""matchPct"":76.1},{""code"":""ES"",""name"":""Hiszpania"",""score"":0.6565000000000001,""matchPct"":65.7},{""code"":""US"",""name"":""USA"",""score"":0.6499999999999999,""matchPct"":65},{""code"":""FR"",""name"":""Francja"",""score"":0.6439999999999999,""matchPct"":64.4},{""code"":""JP"",""name"":""Japonia"",""score"":0.625,""matchPct"":62.5},{""code"":""IN"",""name"":""Indie"",""score"":0.616,""matchPct"":61.6},{""code"":""GR"",""name"":""Grecja"",""score"":0.5765,""matchPct"":57.7},{""code"":""GE"",""name"":""Gruzja"",""score"":0.548,""matchPct"":54.8},{""code"":""TR"",""name"":""Turcja"",""score"":0.5435000000000001,""matchPct"":54.4}]",aspirations,wsm,reality,4,2,3,2,1,1,3,3,2,B,wsm,false,,trudno_powiedziec
a4a36581-8076-4196-8664-06388216507d,2026-05-04 17:13:22.992142+00,Kobieta,18-25 lat,Raz w roku,0.11,0,0.3,0.11,0.29,0.19,"Chiny (84%), Włochy (77.7%), Hiszpania (69.7%), USA (69.2%), Francja (67.6%), Gruzja (67.4%), Indie (66.6%), Słowenia (65.6%), Japonia (65.5%), Finlandia (64.9%)","[{""code"":""CN"",""name"":""Chiny"",""score"":0.8403999999999999,""matchPct"":84},{""code"":""IT"",""name"":""Włochy"",""score"":0.7774,""matchPct"":77.7},{""code"":""ES"",""name"":""Hiszpania"",""score"":0.6973,""matchPct"":69.7},{""code"":""US"",""name"":""USA"",""score"":0.6919,""matchPct"":69.2},{""code"":""FR"",""name"":""Francja"",""score"":0.6762999999999999,""matchPct"":67.6},{""code"":""GE"",""name"":""Gruzja"",""score"":0.6736,""matchPct"":67.4},{""code"":""IN"",""name"":""Indie"",""score"":0.6659999999999999,""matchPct"":66.6},{""code"":""SI"",""name"":""Słowenia"",""score"":0.6561,""matchPct"":65.6},{""code"":""JP"",""name"":""Japonia"",""score"":0.6549,""matchPct"":65.5},{""code"":""FI"",""name"":""Finlandia"",""score"":0.6489,""matchPct"":64.9}]",reality,aspirations,wsm,4,2,5,2,2,4,2,3,3,C,wsm,false,,tak
a4d040ef-8b5a-432e-9018-fdc9e8448a0f,2026-05-05 17:08:23.105214+00,Kobieta,18-25 lat,Raz w roku,0,0.2,0,0.2,0.3,0.3,"Hiszpania (78.5%), Grecja (76.4%), Chorwacja (76.3%), Gruzja (75.5%), Andora (74.4%), Portugalia (73.8%), Słowenia (73.5%), Chiny (73.4%), Cypr (73.3%), Włochy (72.8%)","[{""code"":""ES"",""name"":""Hiszpania"",""score"":0.785,""matchPct"":78.5},{""code"":""GR"",""name"":""Grecja"",""score"":0.764,""matchPct"":76.4},{""code"":""HR"",""name"":""Chorwacja"",""score"":0.7630000000000001,""matchPct"":76.3},{""code"":""GE"",""name"":""Gruzja"",""score"":0.755,""matchPct"":75.5},{""code"":""AD"",""name"":""Andora"",""score"":0.744,""matchPct"":74.4},{""code"":""PT"",""name"":""Portugalia"",""score"":0.738,""matchPct"":73.8},{""code"":""SI"",""name"":""Słowenia"",""score"":0.7350000000000001,""matchPct"":73.5},{""code"":""CN"",""name"":""Chiny"",""score"":0.734,""matchPct"":73.4},{""code"":""CY"",""name"":""Cypr"",""score"":0.733,""matchPct"":73.3},{""code"":""IT"",""name"":""Włochy"",""score"":0.728,""matchPct"":72.8}]",aspirations,wsm,reality,4,4,5,4,2,4,4,5,5,B,wsm,false,,tak
a512cd2c-a3d1-4031-8ba9-a788f186a451,2026-05-01 19:08:41.879833+00,Kobieta,18-25 lat,Częściej niż 3 razy w roku,0.25,0.17,0,0,0.51,0.07,"Włochy (83.6%), Hiszpania (74.4%), Francja (73.1%), Grecja (70.1%), Indie (70.1%), Egipt (68.1%), Turcja (66.6%), Chiny (65.6%), Gruzja (63.9%), Wielka Brytania (62.1%)","[{""code"":""IT"",""name"":""Włochy"",""score"":0.8356,""matchPct"":83.6},{""code"":""ES"",""name"":""Hiszpania"",""score"":0.7443000000000001,""matchPct"":74.4},{""code"":""FR"",""name"":""Francja"",""score"":0.7311000000000001,""matchPct"":73.1},{""code"":""GR"",""name"":""Grecja"",""score"":0.7014999999999999,""matchPct"":70.1},{""code"":""IN"",""name"":""Indie"",""score"":0.7013,""matchPct"":70.1},{""code"":""EG"",""name"":""Egipt"",""score"":0.6813,""matchPct"":68.1},{""code"":""TR"",""name"":""Turcja"",""score"":0.6657000000000001,""matchPct"":66.6},{""code"":""CN"",""name"":""Chiny"",""score"":0.6557999999999999,""matchPct"":65.6},{""code"":""GE"",""name"":""Gruzja"",""score"":0.6392,""matchPct"":63.9},{""code"":""GB"",""name"":""Wielka Brytania"",""score"":0.6211000000000001,""matchPct"":62.1}]",aspirations,wsm,reality,4,4,5,4,2,5,5,5,5,C,reality,false,"Wybrałabym listę B, ale odrzuciła mnie opcja Indii.",tak
a5c11b26-de09-4337-bf14-f20146a1b1ac,2026-05-04 18:09:52.383757+00,Mężczyzna,18-25 lat,Raz na kilka lat,0.15,0.25,0.2,0.1,0.1,0.2,"Chiny (73.5%), Włochy (72.9%), USA (67.5%), Hiszpania (63.3%), Japonia (63.2%), Francja (61%), Indie (60.6%), Grecja (60%), Tajlandia (57%), Indonezja (56.6%)","[{""code"":""CN"",""name"":""Chiny"",""score"":0.7350000000000001,""matchPct"":73.5},{""code"":""IT"",""name"":""Włochy"",""score"":0.7289999999999999,""matchPct"":72.9},{""code"":""US"",""name"":""USA"",""score"":0.675,""matchPct"":67.5},{""code"":""ES"",""name"":""Hiszpania"",""score"":0.633,""matchPct"":63.3},{""code"":""JP"",""name"":""Japonia"",""score"":0.6315000000000001,""matchPct"":63.2},{""code"":""FR"",""name"":""Francja"",""score"":0.6104999999999999,""matchPct"":61},{""code"":""IN"",""name"":""Indie"",""score"":0.606,""matchPct"":60.6},{""code"":""GR"",""name"":""Grecja"",""score"":0.5995,""matchPct"":60},{""code"":""TH"",""name"":""Tajlandia"",""score"":0.5695,""matchPct"":57},{""code"":""ID"",""name"":""Indonezja"",""score"":0.5660000000000001,""matchPct"":56.6}]",wsm,aspirations,reality,4,2,4,4,2,5,3,4,2,B,aspirations,false,,tak
a5d35081-4720-4148-9a83-8cfb92fdda88,2026-05-04 06:12:28.734057+00,Kobieta,46-60 lat,Raz na kilka lat,0,0.78,0,0,0.22,0,"Grecja (83.5%), Tajlandia (82.5%), Filipiny (78.4%), Indonezja (77%), Meksyk (74.5%), Australia (71.8%), USA (66.5%), Włochy (65.9%), Malezja (65.9%), Indie (64.7%)","[{""code"":""GR"",""name"":""Grecja"",""score"":0.8353999999999999,""matchPct"":83.5},{""code"":""TH"",""name"":""Tajlandia"",""score"":0.8248000000000001,""matchPct"":82.5},{""code"":""PH"",""name"":""Filipiny"",""score"":0.7836000000000001,""matchPct"":78.4},{""code"":""ID"",""name"":""Indonezja"",""score"":0.7702000000000001,""matchPct"":77},{""code"":""MX"",""name"":""Meksyk"",""score"":0.7448,""matchPct"":74.5},{""code"":""AU"",""name"":""Australia"",""score"":0.7176,""matchPct"":71.8},{""code"":""US"",""name"":""USA"",""score"":0.6648,""matchPct"":66.5},{""code"":""IT"",""name"":""Włochy"",""score"":0.6594,""matchPct"":65.9},{""code"":""MY"",""name"":""Malezja"",""score"":0.6588,""matchPct"":65.9},{""code"":""IN"",""name"":""Indie"",""score"":0.6472,""matchPct"":64.7}]",reality,wsm,aspirations,2,2,2,1,1,1,5,5,5,A,reality,false,,tak
a658b823-4c76-4962-a9d5-00a152d2f365,2026-05-02 18:46:49.543387+00,Kobieta,46-60 lat,Częściej niż 3 razy w roku,0.62,0.07,0.08,0.05,0,0.18,"Włochy (86.5%), Chiny (70.9%), Francja (69%), Hiszpania (61.5%), Indie (54.4%), Japonia (51.2%), Wielka Brytania (49.2%), USA (48.8%), Holandia (43.7%), Grecja (40.2%)","[{""code"":""IT"",""name"":""Włochy"",""score"":0.8646,""matchPct"":86.5},{""code"":""CN"",""name"":""Chiny"",""score"":0.7088000000000001,""matchPct"":70.9},{""code"":""FR"",""name"":""Francja"",""score"":0.6902,""matchPct"":69},{""code"":""ES"",""name"":""Hiszpania"",""score"":0.615,""matchPct"":61.5},{""code"":""IN"",""name"":""Indie"",""score"":0.5437,""matchPct"":54.4},{""code"":""JP"",""name"":""Japonia"",""score"":0.5123,""matchPct"":51.2},{""code"":""GB"",""name"":""Wielka Brytania"",""score"":0.49229999999999996,""matchPct"":49.2},{""code"":""US"",""name"":""USA"",""score"":0.4876,""matchPct"":48.8},{""code"":""NL"",""name"":""Holandia"",""score"":0.4368,""matchPct"":43.7},{""code"":""GR"",""name"":""Grecja"",""score"":0.40199999999999997,""matchPct"":40.2}]",wsm,aspirations,reality,4,5,3,4,5,4,1,5,1,B,aspirations,false,Lubię egzotyczne kraje  pozaeuropejskie,trudno_powiedziec
a65efae2-0747-4176-8445-eca3a19cff07,2026-05-01 19:18:31.57185+00,Kobieta,18-25 lat,Częściej niż 3 razy w roku,0.1,0.2,0.25,0.11,0.15,0.19,"Chiny (76.7%), Włochy (73.1%), USA (70.3%), Japonia (64.7%), Hiszpania (64.6%), Indie (62.7%), Francja (62%), Grecja (61%), Indonezja (58.7%), Tajlandia (57.7%)","[{""code"":""CN"",""name"":""Chiny"",""score"":0.7667,""matchPct"":76.7},{""code"":""IT"",""name"":""Włochy"",""score"":0.7306,""matchPct"":73.1},{""code"":""US"",""name"":""USA"",""score"":0.7031999999999999,""matchPct"":70.3},{""code"":""JP"",""name"":""Japonia"",""score"":0.6465000000000001,""matchPct"":64.7},{""code"":""ES"",""name"":""Hiszpania"",""score"":0.6464000000000001,""matchPct"":64.6},{""code"":""IN"",""name"":""Indie"",""score"":0.6266999999999999,""matchPct"":62.7},{""code"":""FR"",""name"":""Francja"",""score"":0.6203000000000001,""matchPct"":62},{""code"":""GR"",""name"":""Grecja"",""score"":0.6098999999999999,""matchPct"":61},{""code"":""ID"",""name"":""Indonezja"",""score"":0.5872,""matchPct"":58.7},{""code"":""TH"",""name"":""Tajlandia"",""score"":0.5770000000000001,""matchPct"":57.7}]",reality,wsm,aspirations,4,3,5,5,2,5,3,4,2,B,wsm,false,,tak
a6b60c77-acef-41f9-b46a-2d3112850763,2026-05-04 17:11:20.596778+00,Mężczyzna,18-25 lat,Raz na kilka lat,0.15,0,0.05,0.25,0.15,0.4,"Chiny (82.4%), Hiszpania (77.9%), Andora (77.2%), Włochy (76.4%), Holandia (76.3%), Japonia (74.2%), Singapur (72.5%), Czechy (72.4%), Portugalia (72.2%), Finlandia (72.1%)","[{""code"":""CN"",""name"":""Chiny"",""score"":0.8235,""matchPct"":82.4},{""code"":""ES"",""name"":""Hiszpania"",""score"":0.7789999999999999,""matchPct"":77.9},{""code"":""AD"",""name"":""Andora"",""score"":0.772,""matchPct"":77.2},{""code"":""IT"",""name"":""Włochy"",""score"":0.7635000000000001,""matchPct"":76.4},{""code"":""NL"",""name"":""Holandia"",""score"":0.763,""matchPct"":76.3},{""code"":""JP"",""name"":""Japonia"",""score"":0.7424999999999999,""matchPct"":74.2},{""code"":""SG"",""name"":""Singapur"",""score"":0.7245,""matchPct"":72.5},{""code"":""CZ"",""name"":""Czechy"",""score"":0.7235,""matchPct"":72.4},{""code"":""PT"",""name"":""Portugalia"",""score"":0.722,""matchPct"":72.2},{""code"":""FI"",""name"":""Finlandia"",""score"":0.7210000000000001,""matchPct"":72.1}]",reality,wsm,aspirations,2,4,3,2,4,2,2,4,4,B,wsm,false,,trudno_powiedziec
a6e9a533-72f6-4834-8d0d-3cc05f261528,2026-05-04 17:10:06.960125+00,Mężczyzna,18-25 lat,Raz w roku,0.15,0.18,0.16,0.15,0.08,0.28,"Chiny (76.7%), Włochy (73.1%), Japonia (67.3%), Hiszpania (66.9%), USA (66.3%), Francja (62.5%), Grecja (59.6%), Indie (59.2%), Słowenia (57.3%), Australia (57.2%)","[{""code"":""CN"",""name"":""Chiny"",""score"":0.7666000000000001,""matchPct"":76.7},{""code"":""IT"",""name"":""Włochy"",""score"":0.7312,""matchPct"":73.1},{""code"":""JP"",""name"":""Japonia"",""score"":0.6726,""matchPct"":67.3},{""code"":""ES"",""name"":""Hiszpania"",""score"":0.6694,""matchPct"":66.9},{""code"":""US"",""name"":""USA"",""score"":0.6628000000000001,""matchPct"":66.3},{""code"":""FR"",""name"":""Francja"",""score"":0.6253,""matchPct"":62.5},{""code"":""GR"",""name"":""Grecja"",""score"":0.5961,""matchPct"":59.6},{""code"":""IN"",""name"":""Indie"",""score"":0.5923,""matchPct"":59.2},{""code"":""SI"",""name"":""Słowenia"",""score"":0.5731999999999999,""matchPct"":57.3},{""code"":""AU"",""name"":""Australia"",""score"":0.5720000000000001,""matchPct"":57.2}]",aspirations,reality,wsm,3,2,1,2,1,2,5,4,4,B,reality,false,,trudno_powiedziec
a7704c23-416c-4faa-a6cb-585e67ad8983,2026-05-04 17:56:41.544379+00,Mężczyzna,18-25 lat,Częściej niż 3 razy w roku,0.2,0.1,0.2,0.2,0.1,0.2,"Chiny (78.2%), Włochy (77.7%), USA (68.4%), Hiszpania (68.3%), Francja (67.4%), Japonia (65.8%), Indie (60.6%), Grecja (58.1%), Wielka Brytania (56.2%), Gruzja (55.4%)","[{""code"":""CN"",""name"":""Chiny"",""score"":0.782,""matchPct"":78.2},{""code"":""IT"",""name"":""Włochy"",""score"":0.777,""matchPct"":77.7},{""code"":""US"",""name"":""USA"",""score"":0.684,""matchPct"":68.4},{""code"":""ES"",""name"":""Hiszpania"",""score"":0.683,""matchPct"":68.3},{""code"":""FR"",""name"":""Francja"",""score"":0.674,""matchPct"":67.4},{""code"":""JP"",""name"":""Japonia"",""score"":0.658,""matchPct"":65.8},{""code"":""IN"",""name"":""Indie"",""score"":0.606,""matchPct"":60.6},{""code"":""GR"",""name"":""Grecja"",""score"":0.5810000000000001,""matchPct"":58.1},{""code"":""GB"",""name"":""Wielka Brytania"",""score"":0.562,""matchPct"":56.2},{""code"":""GE"",""name"":""Gruzja"",""score"":0.554,""matchPct"":55.4}]",aspirations,wsm,reality,4,4,4,2,3,2,5,5,4,C,reality,false,,tak
a79ce851-4665-4c84-9461-bb345fb9940d,2026-05-04 17:07:45.437131+00,Mężczyzna,18-25 lat,Raz w roku,0.36,0,0.24,0.17,0.18,0.05,"Włochy (86.3%), Chiny (77.3%), Francja (74%), Hiszpania (67.7%), USA (65.2%), Indie (63.3%), Wielka Brytania (59.9%), Japonia (57.5%), Turcja (53.6%), Grecja (52.7%)","[{""code"":""IT"",""name"":""Włochy"",""score"":0.8626999999999999,""matchPct"":86.3},{""code"":""CN"",""name"":""Chiny"",""score"":0.773,""matchPct"":77.3},{""code"":""FR"",""name"":""Francja"",""score"":0.7399999999999999,""matchPct"":74},{""code"":""ES"",""name"":""Hiszpania"",""score"":0.6766,""matchPct"":67.7},{""code"":""US"",""name"":""USA"",""score"":0.6520999999999999,""matchPct"":65.2},{""code"":""IN"",""name"":""Indie"",""score"":0.6326,""matchPct"":63.3},{""code"":""GB"",""name"":""Wielka Brytania"",""score"":0.5988,""matchPct"":59.9},{""code"":""JP"",""name"":""Japonia"",""score"":0.5746,""matchPct"":57.5},{""code"":""TR"",""name"":""Turcja"",""score"":0.5355000000000001,""matchPct"":53.6},{""code"":""GR"",""name"":""Grecja"",""score"":0.5271,""matchPct"":52.7}]",aspirations,reality,wsm,4,3,5,2,1,1,3,4,2,C,wsm,false,,tak
a7c1cb2a-c4e8-4a99-a520-b1af60a8c818,2026-05-04 17:11:30.433509+00,Mężczyzna,18-25 lat,Raz w roku,0.1,0.05,0.4,0.2,0.05,0.2,"Chiny (86.3%), USA (78.4%), Włochy (74.3%), Japonia (69.1%), Kanada (67%), Hiszpania (63.8%), Francja (63.5%), Indie (61.3%), Słowenia (59.5%), Finlandia (58.1%)","[{""code"":""CN"",""name"":""Chiny"",""score"":0.863,""matchPct"":86.3},{""code"":""US"",""name"":""USA"",""score"":0.784,""matchPct"":78.4},{""code"":""IT"",""name"":""Włochy"",""score"":0.7434999999999999,""matchPct"":74.3},{""code"":""JP"",""name"":""Japonia"",""score"":0.6910000000000001,""matchPct"":69.1},{""code"":""CA"",""name"":""Kanada"",""score"":0.67,""matchPct"":67},{""code"":""ES"",""name"":""Hiszpania"",""score"":0.6375,""matchPct"":63.8},{""code"":""FR"",""name"":""Francja"",""score"":0.635,""matchPct"":63.5},{""code"":""IN"",""name"":""Indie"",""score"":0.613,""matchPct"":61.3},{""code"":""SI"",""name"":""Słowenia"",""score"":0.5945,""matchPct"":59.5},{""code"":""FI"",""name"":""Finlandia"",""score"":0.5810000000000001,""matchPct"":58.1}]",reality,wsm,aspirations,4,2,4,2,1,3,2,3,1,B,wsm,false,,tak
a838de98-dd0f-4b52-8f20-b2ac3d2a3e38,2026-05-04 17:10:31.736227+00,Mężczyzna,18-25 lat,Raz w roku,0.3,0.15,0.1,0.2,0.1,0.15,"Włochy (80.9%), Chiny (71.8%), Francja (70%), Hiszpania (68.9%), USA (63.2%), Japonia (61.5%), Indie (59.7%), Grecja (59.1%), Wielka Brytania (55.9%), Turcja (53%)","[{""code"":""IT"",""name"":""Włochy"",""score"":0.8085,""matchPct"":80.9},{""code"":""CN"",""name"":""Chiny"",""score"":0.718,""matchPct"":71.8},{""code"":""FR"",""name"":""Francja"",""score"":0.7,""matchPct"":70},{""code"":""ES"",""name"":""Hiszpania"",""score"":0.6890000000000001,""matchPct"":68.9},{""code"":""US"",""name"":""USA"",""score"":0.6315000000000001,""matchPct"":63.2},{""code"":""JP"",""name"":""Japonia"",""score"":0.6145,""matchPct"":61.5},{""code"":""IN"",""name"":""Indie"",""score"":0.5974999999999999,""matchPct"":59.7},{""code"":""GR"",""name"":""Grecja"",""score"":0.5905,""matchPct"":59.1},{""code"":""GB"",""name"":""Wielka Brytania"",""score"":0.5585,""matchPct"":55.9},{""code"":""TR"",""name"":""Turcja"",""score"":0.53,""matchPct"":53}]",aspirations,reality,wsm,4,2,4,2,3,2,4,3,3,C,wsm,false,,tak
a868f7fb-4808-41da-bff5-a2f5bf0a584f,2026-05-04 17:41:55.401803+00,Kobieta,18-25 lat,Raz w roku,0.25,0,0.15,0.3,0.2,0.1,"Włochy (85%), Chiny (77.6%), Francja (77.1%), Hiszpania (75.5%), USA (68.4%), Wielka Brytania (67.3%), Japonia (64.9%), Indie (63.8%), Holandia (63%), Grecja (62.4%)","[{""code"":""IT"",""name"":""Włochy"",""score"":0.8500000000000001,""matchPct"":85},{""code"":""CN"",""name"":""Chiny"",""score"":0.7755,""matchPct"":77.6},{""code"":""FR"",""name"":""Francja"",""score"":0.7710000000000001,""matchPct"":77.1},{""code"":""ES"",""name"":""Hiszpania"",""score"":0.7545,""matchPct"":75.5},{""code"":""US"",""name"":""USA"",""score"":0.6835,""matchPct"":68.4},{""code"":""GB"",""name"":""Wielka Brytania"",""score"":0.673,""matchPct"":67.3},{""code"":""JP"",""name"":""Japonia"",""score"":0.6489999999999999,""matchPct"":64.9},{""code"":""IN"",""name"":""Indie"",""score"":0.6375000000000001,""matchPct"":63.8},{""code"":""NL"",""name"":""Holandia"",""score"":0.63,""matchPct"":63},{""code"":""GR"",""name"":""Grecja"",""score"":0.6240000000000001,""matchPct"":62.4}]",reality,wsm,aspirations,2,2,2,1,1,1,1,3,2,A,reality,false,,trudno_powiedziec
a8b463ad-d05a-441f-9a7f-a2bfca8e30a0,2026-05-01 22:30:54.834871+00,Kobieta,46-60 lat,Raz na kilka lat,0.25,0.75,0,0,0,0,"Włochy (70%), Grecja (68.8%), Tajlandia (67.8%), Meksyk (67.5%), Australia (65%), Filipiny (61.5%), USA (61.5%), Indonezja (60.5%), Indie (57.5%), Francja (54.8%)","[{""code"":""IT"",""name"":""Włochy"",""score"":0.7,""matchPct"":70},{""code"":""GR"",""name"":""Grecja"",""score"":0.6875,""matchPct"":68.8},{""code"":""TH"",""name"":""Tajlandia"",""score"":0.6775,""matchPct"":67.8},{""code"":""MX"",""name"":""Meksyk"",""score"":0.6749999999999999,""matchPct"":67.5},{""code"":""AU"",""name"":""Australia"",""score"":0.65,""matchPct"":65},{""code"":""PH"",""name"":""Filipiny"",""score"":0.615,""matchPct"":61.5},{""code"":""US"",""name"":""USA"",""score"":0.6149999999999999,""matchPct"":61.5},{""code"":""ID"",""name"":""Indonezja"",""score"":0.605,""matchPct"":60.5},{""code"":""IN"",""name"":""Indie"",""score"":0.575,""matchPct"":57.5},{""code"":""FR"",""name"":""Francja"",""score"":0.5475,""matchPct"":54.8}]",reality,aspirations,wsm,1,1,1,5,5,5,3,3,5,A,reality,false,,tak
a8c93b4f-d1a4-4818-8b3b-d89040575ae6,2026-05-04 17:14:07.067705+00,Kobieta,18-25 lat,Raz na kilka lat,0.2,0,0.1,0.1,0.2,0.4,"Chiny (82.5%), Włochy (76%), Hiszpania (72.9%), Japonia (68.8%), Andora (68.7%), Holandia (68.6%), Gruzja (68.1%), Słowenia (67.1%), Finlandia (67%), Czechy (67%)","[{""code"":""CN"",""name"":""Chiny"",""score"":0.8250000000000001,""matchPct"":82.5},{""code"":""IT"",""name"":""Włochy"",""score"":0.76,""matchPct"":76},{""code"":""ES"",""name"":""Hiszpania"",""score"":0.7290000000000001,""matchPct"":72.9},{""code"":""JP"",""name"":""Japonia"",""score"":0.6880000000000001,""matchPct"":68.8},{""code"":""AD"",""name"":""Andora"",""score"":0.687,""matchPct"":68.7},{""code"":""NL"",""name"":""Holandia"",""score"":0.686,""matchPct"":68.6},{""code"":""GE"",""name"":""Gruzja"",""score"":0.681,""matchPct"":68.1},{""code"":""SI"",""name"":""Słowenia"",""score"":0.671,""matchPct"":67.1},{""code"":""FI"",""name"":""Finlandia"",""score"":0.6700000000000002,""matchPct"":67},{""code"":""CZ"",""name"":""Czechy"",""score"":0.6700000000000002,""matchPct"":67}]",wsm,reality,aspirations,4,2,3,1,1,1,3,2,2,A,wsm,false,,tak
a912a147-9e74-42e7-8420-57b73f5787c6,2026-05-04 18:28:51.350346+00,Kobieta,18-25 lat,2-3 razy w roku,0.17,0.32,0.13,0.01,0.05,0.32,"Chiny (71.6%), Włochy (68.8%), Japonia (63%), USA (60.7%), Hiszpania (60.6%), Grecja (57.4%), Indie (57.3%), Tajlandia (57.2%), Australia (56.7%), Indonezja (56%)","[{""code"":""CN"",""name"":""Chiny"",""score"":0.7155,""matchPct"":71.6},{""code"":""IT"",""name"":""Włochy"",""score"":0.6877,""matchPct"":68.8},{""code"":""JP"",""name"":""Japonia"",""score"":0.6303000000000001,""matchPct"":63},{""code"":""US"",""name"":""USA"",""score"":0.6073000000000001,""matchPct"":60.7},{""code"":""ES"",""name"":""Hiszpania"",""score"":0.6063999999999999,""matchPct"":60.6},{""code"":""GR"",""name"":""Grecja"",""score"":0.5739,""matchPct"":57.4},{""code"":""IN"",""name"":""Indie"",""score"":0.5734,""matchPct"":57.3},{""code"":""TH"",""name"":""Tajlandia"",""score"":0.5719000000000001,""matchPct"":57.2},{""code"":""AU"",""name"":""Australia"",""score"":0.5673,""matchPct"":56.7},{""code"":""ID"",""name"":""Indonezja"",""score"":0.5599000000000001,""matchPct"":56}]",aspirations,wsm,reality,3,3,4,4,3,5,5,5,4,A,aspirations,false,,tak
a96a09bc-7778-4350-969a-73817ea059bd,2026-05-01 19:03:50.287833+00,Kobieta,18-25 lat,Raz na kilka lat,0.12,0.33,0.25,0.02,0.11,0.17,"Chiny (71.6%), Włochy (70.3%), USA (68.4%), Indie (61.4%), Japonia (60.3%), Grecja (59.6%), Indonezja (59.3%), Tajlandia (58.8%), Hiszpania (58.7%), Francja (56.9%)","[{""code"":""CN"",""name"":""Chiny"",""score"":0.7159,""matchPct"":71.6},{""code"":""IT"",""name"":""Włochy"",""score"":0.7031999999999999,""matchPct"":70.3},{""code"":""US"",""name"":""USA"",""score"":0.6836000000000001,""matchPct"":68.4},{""code"":""IN"",""name"":""Indie"",""score"":0.6142,""matchPct"":61.4},{""code"":""JP"",""name"":""Japonia"",""score"":0.603,""matchPct"":60.3},{""code"":""GR"",""name"":""Grecja"",""score"":0.5955,""matchPct"":59.6},{""code"":""ID"",""name"":""Indonezja"",""score"":0.5928000000000001,""matchPct"":59.3},{""code"":""TH"",""name"":""Tajlandia"",""score"":0.5883,""matchPct"":58.8},{""code"":""ES"",""name"":""Hiszpania"",""score"":0.5865999999999999,""matchPct"":58.7},{""code"":""FR"",""name"":""Francja"",""score"":0.5689,""matchPct"":56.9}]",aspirations,wsm,reality,2,3,4,3,1,4,4,2,4,A,aspirations,false,,tak
aa35b661-0ed1-4228-a5f6-0ddd1d2e0b17,2026-05-04 18:21:26.387291+00,Kobieta,18-25 lat,Raz w roku,0.1,0.1,0.15,0.15,0.25,0.25,"Chiny (78.5%), Włochy (75.7%), Hiszpania (72.6%), Japonia (67.7%), Gruzja (67.6%), Francja (67.1%), Słowenia (66%), Chorwacja (65.8%), USA (65.6%), Grecja (64.9%)","[{""code"":""CN"",""name"":""Chiny"",""score"":0.7845,""matchPct"":78.5},{""code"":""IT"",""name"":""Włochy"",""score"":0.757,""matchPct"":75.7},{""code"":""ES"",""name"":""Hiszpania"",""score"":0.726,""matchPct"":72.6},{""code"":""JP"",""name"":""Japonia"",""score"":0.6765,""matchPct"":67.7},{""code"":""GE"",""name"":""Gruzja"",""score"":0.676,""matchPct"":67.6},{""code"":""FR"",""name"":""Francja"",""score"":0.6705000000000001,""matchPct"":67.1},{""code"":""SI"",""name"":""Słowenia"",""score"":0.66,""matchPct"":66},{""code"":""HR"",""name"":""Chorwacja"",""score"":0.658,""matchPct"":65.8},{""code"":""US"",""name"":""USA"",""score"":0.6559999999999999,""matchPct"":65.6},{""code"":""GR"",""name"":""Grecja"",""score"":0.6485000000000001,""matchPct"":64.9}]",wsm,reality,aspirations,3,1,4,3,1,3,2,1,2,A,wsm,false,,tak
aaf85262-320c-4728-9454-c7172a66d593,2026-05-04 18:09:03.962842+00,Kobieta,18-25 lat,Raz w roku,0.3,0.1,0.05,0.15,0.2,0.2,"Włochy (81.5%), Chiny (72.8%), Hiszpania (72.1%), Francja (71%), Japonia (61.4%), Indie (61.4%), Grecja (60.2%), Holandia (59.8%), Wielka Brytania (59.7%), USA (57.7%)","[{""code"":""IT"",""name"":""Włochy"",""score"":0.815,""matchPct"":81.5},{""code"":""CN"",""name"":""Chiny"",""score"":0.7275,""matchPct"":72.8},{""code"":""ES"",""name"":""Hiszpania"",""score"":0.7205,""matchPct"":72.1},{""code"":""FR"",""name"":""Francja"",""score"":0.7095,""matchPct"":71},{""code"":""JP"",""name"":""Japonia"",""score"":0.614,""matchPct"":61.4},{""code"":""IN"",""name"":""Indie"",""score"":0.614,""matchPct"":61.4},{""code"":""GR"",""name"":""Grecja"",""score"":0.6015,""matchPct"":60.2},{""code"":""NL"",""name"":""Holandia"",""score"":0.5980000000000001,""matchPct"":59.8},{""code"":""GB"",""name"":""Wielka Brytania"",""score"":0.5965,""matchPct"":59.7},{""code"":""US"",""name"":""USA"",""score"":0.5774999999999999,""matchPct"":57.7}]",reality,wsm,aspirations,5,4,5,2,3,2,3,4,2,B,wsm,false,"W większości te kraje są w miarę blisko oraz mam już wybrane pewne obiekty, które chciałabym w nich zoabczyć",tak
ab1a9617-8d46-445b-a52e-682070a97549,2026-05-04 19:46:45.851611+00,Kobieta,18-25 lat,Raz na kilka lat,0.7,0.05,0.1,0.03,0.08,0.04,"Włochy (91.9%), Francja (73.5%), Chiny (67.9%), Hiszpania (61.1%), Indie (57.3%), Wielka Brytania (51.1%), USA (47.8%), Japonia (44.8%), Meksyk (42.4%), Grecja (39.8%)","[{""code"":""IT"",""name"":""Włochy"",""score"":0.9188,""matchPct"":91.9},{""code"":""FR"",""name"":""Francja"",""score"":0.7352,""matchPct"":73.5},{""code"":""CN"",""name"":""Chiny"",""score"":0.6794,""matchPct"":67.9},{""code"":""ES"",""name"":""Hiszpania"",""score"":0.6107999999999999,""matchPct"":61.1},{""code"":""IN"",""name"":""Indie"",""score"":0.5730999999999999,""matchPct"":57.3},{""code"":""GB"",""name"":""Wielka Brytania"",""score"":0.5106999999999999,""matchPct"":51.1},{""code"":""US"",""name"":""USA"",""score"":0.4776,""matchPct"":47.8},{""code"":""JP"",""name"":""Japonia"",""score"":0.4477,""matchPct"":44.8},{""code"":""MX"",""name"":""Meksyk"",""score"":0.42369999999999997,""matchPct"":42.4},{""code"":""GR"",""name"":""Grecja"",""score"":0.39759999999999995,""matchPct"":39.8}]",aspirations,wsm,reality,5,4,5,2,3,3,3,3,3,B,wsm,false,bo te kraje maja fajne zabytki i historie (poza usa),tak
ab4dcb0b-88e3-4008-a487-bf0586e3af5d,2026-05-04 20:05:26.009195+00,Kobieta,18-25 lat,Raz w roku,0.3,0.2,0.1,0.05,0.15,0.2,"Włochy (77.9%), Chiny (70.6%), Hiszpania (65.1%), Francja (64.6%), Indie (60.2%), Japonia (58.2%), USA (57.4%), Grecja (56.7%), Turcja (51.2%), Tajlandia (50.4%)","[{""code"":""IT"",""name"":""Włochy"",""score"":0.7785000000000001,""matchPct"":77.9},{""code"":""CN"",""name"":""Chiny"",""score"":0.706,""matchPct"":70.6},{""code"":""ES"",""name"":""Hiszpania"",""score"":0.6505,""matchPct"":65.1},{""code"":""FR"",""name"":""Francja"",""score"":0.6459999999999999,""matchPct"":64.6},{""code"":""IN"",""name"":""Indie"",""score"":0.6015,""matchPct"":60.2},{""code"":""JP"",""name"":""Japonia"",""score"":0.5815,""matchPct"":58.2},{""code"":""US"",""name"":""USA"",""score"":0.574,""matchPct"":57.4},{""code"":""GR"",""name"":""Grecja"",""score"":0.5665,""matchPct"":56.7},{""code"":""TR"",""name"":""Turcja"",""score"":0.512,""matchPct"":51.2},{""code"":""TH"",""name"":""Tajlandia"",""score"":0.5045,""matchPct"":50.4}]",wsm,aspirations,reality,3,2,3,2,1,2,3,3,1,A,wsm,false,,tak
ac03d9a2-6359-4a62-a15a-8cf4153073fc,2026-05-04 19:39:23.049129+00,Kobieta,18-25 lat,Raz w roku,0.15,0.05,0.16,0.15,0.23,0.26,"Chiny (80.1%), Włochy (77.2%), Hiszpania (72.4%), Francja (67.9%), Japonia (67.2%), Gruzja (66%), Słowenia (64.6%), Andora (64.4%), USA (64.3%), Chorwacja (63.9%)","[{""code"":""CN"",""name"":""Chiny"",""score"":0.8008000000000001,""matchPct"":80.1},{""code"":""IT"",""name"":""Włochy"",""score"":0.7723,""matchPct"":77.2},{""code"":""ES"",""name"":""Hiszpania"",""score"":0.7235,""matchPct"":72.4},{""code"":""FR"",""name"":""Francja"",""score"":0.6792999999999999,""matchPct"":67.9},{""code"":""JP"",""name"":""Japonia"",""score"":0.6716,""matchPct"":67.2},{""code"":""GE"",""name"":""Gruzja"",""score"":0.6601000000000001,""matchPct"":66},{""code"":""SI"",""name"":""Słowenia"",""score"":0.6455,""matchPct"":64.6},{""code"":""AD"",""name"":""Andora"",""score"":0.6438999999999999,""matchPct"":64.4},{""code"":""US"",""name"":""USA"",""score"":0.643,""matchPct"":64.3},{""code"":""HR"",""name"":""Chorwacja"",""score"":0.6391,""matchPct"":63.9}]",aspirations,reality,wsm,5,4,4,3,2,2,4,4,3,C,wsm,false,,tak
ac191be9-f84f-4d58-a9d7-5b9d24a71360,2026-05-04 17:13:33.452269+00,Mężczyzna,46-60 lat,Raz na kilka lat,0.07,0.17,0.1,0.08,0.34,0.24,"Włochy (74.5%), Chiny (74.5%), Hiszpania (72.9%), Gruzja (70.2%), Grecja (69.2%), Chorwacja (67.9%), Słowenia (66.7%), Indie (66.2%), Francja (65.8%), Turcja (65.3%)","[{""code"":""IT"",""name"":""Włochy"",""score"":0.7450000000000001,""matchPct"":74.5},{""code"":""CN"",""name"":""Chiny"",""score"":0.7448,""matchPct"":74.5},{""code"":""ES"",""name"":""Hiszpania"",""score"":0.7288000000000001,""matchPct"":72.9},{""code"":""GE"",""name"":""Gruzja"",""score"":0.7017,""matchPct"":70.2},{""code"":""GR"",""name"":""Grecja"",""score"":0.6917000000000001,""matchPct"":69.2},{""code"":""HR"",""name"":""Chorwacja"",""score"":0.6785,""matchPct"":67.9},{""code"":""SI"",""name"":""Słowenia"",""score"":0.6668000000000001,""matchPct"":66.7},{""code"":""IN"",""name"":""Indie"",""score"":0.662,""matchPct"":66.2},{""code"":""FR"",""name"":""Francja"",""score"":0.6575,""matchPct"":65.8},{""code"":""TR"",""name"":""Turcja"",""score"":0.6532,""matchPct"":65.3}]",aspirations,reality,wsm,4,4,3,2,2,3,5,5,4,B,reality,false,Stosunek  ceny do jakości i potrzeb,tak
ac554788-89a5-434e-b4cc-21ef65e103aa,2026-05-04 17:09:57.761071+00,Kobieta,18-25 lat,Raz na kilka lat,0.1,0.1,0.3,0,0.1,0.4,"Chiny (85.5%), Włochy (68.5%), Japonia (68.4%), USA (65.3%), Słowenia (63.6%), Gruzja (62.2%), Hiszpania (61.8%), Finlandia (60.6%), Indie (59.5%), Chorwacja (59.2%)","[{""code"":""CN"",""name"":""Chiny"",""score"":0.855,""matchPct"":85.5},{""code"":""IT"",""name"":""Włochy"",""score"":0.685,""matchPct"":68.5},{""code"":""JP"",""name"":""Japonia"",""score"":0.684,""matchPct"":68.4},{""code"":""US"",""name"":""USA"",""score"":0.653,""matchPct"":65.3},{""code"":""SI"",""name"":""Słowenia"",""score"":0.6360000000000001,""matchPct"":63.6},{""code"":""GE"",""name"":""Gruzja"",""score"":0.6220000000000001,""matchPct"":62.2},{""code"":""ES"",""name"":""Hiszpania"",""score"":0.618,""matchPct"":61.8},{""code"":""FI"",""name"":""Finlandia"",""score"":0.6060000000000001,""matchPct"":60.6},{""code"":""IN"",""name"":""Indie"",""score"":0.595,""matchPct"":59.5},{""code"":""HR"",""name"":""Chorwacja"",""score"":0.5920000000000001,""matchPct"":59.2}]",reality,aspirations,wsm,2,2,3,1,1,1,1,2,1,C,wsm,false,,nie
ad2c26e8-63d8-4786-8083-857df3118e9e,2026-05-04 17:37:31.255378+00,Mężczyzna,26-35 lat,Raz w roku,0.5,0,0.2,0,0,0.3,"Włochy (81.1%), Chiny (80%), Francja (63.5%), Hiszpania (59.8%), Japonia (56.8%), Indie (54.7%), USA (52.5%), Wielka Brytania (48.1%), Holandia (45.7%), Korea Południowa (41.1%)","[{""code"":""IT"",""name"":""Włochy"",""score"":0.8109999999999999,""matchPct"":81.1},{""code"":""CN"",""name"":""Chiny"",""score"":0.8,""matchPct"":80},{""code"":""FR"",""name"":""Francja"",""score"":0.635,""matchPct"":63.5},{""code"":""ES"",""name"":""Hiszpania"",""score"":0.598,""matchPct"":59.8},{""code"":""JP"",""name"":""Japonia"",""score"":0.5680000000000001,""matchPct"":56.8},{""code"":""IN"",""name"":""Indie"",""score"":0.547,""matchPct"":54.7},{""code"":""US"",""name"":""USA"",""score"":0.525,""matchPct"":52.5},{""code"":""GB"",""name"":""Wielka Brytania"",""score"":0.481,""matchPct"":48.1},{""code"":""NL"",""name"":""Holandia"",""score"":0.45699999999999996,""matchPct"":45.7},{""code"":""KR"",""name"":""Korea Południowa"",""score"":0.41100000000000003,""matchPct"":41.1}]",aspirations,reality,wsm,3,3,1,1,4,1,4,5,2,B,reality,false,"Najwięcej krajów, które mnie interesują i które kiedyś myślałem by odwiedzić",trudno_powiedziec
ad48dbfb-1f63-4b0b-b0a9-caf008ac21bc,2026-05-04 18:12:17.521384+00,Kobieta,26-35 lat,2-3 razy w roku,0.3,0,0.14,0.16,0.11,0.29,"Chiny (80.6%), Włochy (80%), Hiszpania (70.2%), Francja (68.6%), Japonia (65.4%), Holandia (61.1%), USA (60.2%), Wielka Brytania (59.2%), Indie (58.9%), Andora (57.2%)","[{""code"":""CN"",""name"":""Chiny"",""score"":0.8058,""matchPct"":80.6},{""code"":""IT"",""name"":""Włochy"",""score"":0.7998000000000001,""matchPct"":80},{""code"":""ES"",""name"":""Hiszpania"",""score"":0.7017,""matchPct"":70.2},{""code"":""FR"",""name"":""Francja"",""score"":0.6864,""matchPct"":68.6},{""code"":""JP"",""name"":""Japonia"",""score"":0.6535,""matchPct"":65.4},{""code"":""NL"",""name"":""Holandia"",""score"":0.6107,""matchPct"":61.1},{""code"":""US"",""name"":""USA"",""score"":0.6017,""matchPct"":60.2},{""code"":""GB"",""name"":""Wielka Brytania"",""score"":0.5921,""matchPct"":59.2},{""code"":""IN"",""name"":""Indie"",""score"":0.5891000000000001,""matchPct"":58.9},{""code"":""AD"",""name"":""Andora"",""score"":0.5724,""matchPct"":57.2}]",reality,wsm,aspirations,4,4,4,5,4,5,3,5,2,C,aspirations,false,"Na tej liście znajduje się najwięcej państw, których jeszcze nie odwiedziłam a wydają się być ciekawe jeśli chodzi o odmienność od Polski",trudno_powiedziec
addde455-0887-4951-bbf0-a124344059f0,2026-05-04 19:14:44.408035+00,Mężczyzna,18-25 lat,Raz na kilka lat,0.1,0.07,0.13,0.2,0.27,0.23,"Chiny (78.6%), Włochy (77.5%), Hiszpania (75.4%), Francja (70.1%), Gruzja (69.5%), Andora (68.9%), Japonia (68.6%), Chorwacja (68%), Słowenia (67.8%), Portugalia (67.4%)","[{""code"":""CN"",""name"":""Chiny"",""score"":0.7859,""matchPct"":78.6},{""code"":""IT"",""name"":""Włochy"",""score"":0.775,""matchPct"":77.5},{""code"":""ES"",""name"":""Hiszpania"",""score"":0.7542,""matchPct"":75.4},{""code"":""FR"",""name"":""Francja"",""score"":0.7007,""matchPct"":70.1},{""code"":""GE"",""name"":""Gruzja"",""score"":0.6952,""matchPct"":69.5},{""code"":""AD"",""name"":""Andora"",""score"":0.6891,""matchPct"":68.9},{""code"":""JP"",""name"":""Japonia"",""score"":0.686,""matchPct"":68.6},{""code"":""HR"",""name"":""Chorwacja"",""score"":0.6803000000000001,""matchPct"":68},{""code"":""SI"",""name"":""Słowenia"",""score"":0.6776,""matchPct"":67.8},{""code"":""PT"",""name"":""Portugalia"",""score"":0.6743000000000001,""matchPct"":67.4}]",reality,wsm,aspirations,4,2,4,2,2,2,2,2,2,B,wsm,false,,tak
ae2332c5-93ef-415f-95fc-68b603447b3f,2026-05-04 17:19:28.043717+00,Mężczyzna,18-25 lat,Raz w roku,0.05,0,0.25,0.3,0.15,0.25,"Chiny (85.7%), Włochy (76.2%), USA (75.7%), Hiszpania (74.3%), Japonia (74.2%), Andora (73.3%), Finlandia (71.2%), Słowenia (71%), Kanada (70.8%), Austria (70.4%)","[{""code"":""CN"",""name"":""Chiny"",""score"":0.8565,""matchPct"":85.7},{""code"":""IT"",""name"":""Włochy"",""score"":0.7619999999999999,""matchPct"":76.2},{""code"":""US"",""name"":""USA"",""score"":0.7569999999999999,""matchPct"":75.7},{""code"":""ES"",""name"":""Hiszpania"",""score"":0.743,""matchPct"":74.3},{""code"":""JP"",""name"":""Japonia"",""score"":0.7424999999999999,""matchPct"":74.2},{""code"":""AD"",""name"":""Andora"",""score"":0.733,""matchPct"":73.3},{""code"":""FI"",""name"":""Finlandia"",""score"":0.7115,""matchPct"":71.2},{""code"":""SI"",""name"":""Słowenia"",""score"":0.71,""matchPct"":71},{""code"":""CA"",""name"":""Kanada"",""score"":0.708,""matchPct"":70.8},{""code"":""AT"",""name"":""Austria"",""score"":0.704,""matchPct"":70.4}]",aspirations,reality,wsm,3,1,3,4,1,3,4,2,4,B,reality,false,Po prostu preferencja krajów Europejskich,tak
af98bf8a-caf7-4f2b-994f-265226fd799c,2026-05-04 17:07:44.102592+00,Mężczyzna,18-25 lat,Raz na kilka lat,0.2,0,0.1,0,0.5,0.2,"Włochy (81.9%), Chiny (77.1%), Hiszpania (75.6%), Gruzja (73.1%), Francja (71.7%), Indie (69.7%), Czechy (68.3%), Chorwacja (67.3%), Portugalia (67.2%), Turcja (67.1%)","[{""code"":""IT"",""name"":""Włochy"",""score"":0.8190000000000001,""matchPct"":81.9},{""code"":""CN"",""name"":""Chiny"",""score"":0.7709999999999999,""matchPct"":77.1},{""code"":""ES"",""name"":""Hiszpania"",""score"":0.756,""matchPct"":75.6},{""code"":""GE"",""name"":""Gruzja"",""score"":0.731,""matchPct"":73.1},{""code"":""FR"",""name"":""Francja"",""score"":0.717,""matchPct"":71.7},{""code"":""IN"",""name"":""Indie"",""score"":0.697,""matchPct"":69.7},{""code"":""CZ"",""name"":""Czechy"",""score"":0.683,""matchPct"":68.3},{""code"":""HR"",""name"":""Chorwacja"",""score"":0.673,""matchPct"":67.3},{""code"":""PT"",""name"":""Portugalia"",""score"":0.672,""matchPct"":67.2},{""code"":""TR"",""name"":""Turcja"",""score"":0.671,""matchPct"":67.1}]",wsm,aspirations,reality,4,5,3,2,1,2,4,3,3,A,wsm,false,,tak
b05dfc6a-db15-42af-be85-157bed9e3efa,2026-05-04 17:08:49.289338+00,Kobieta,18-25 lat,Raz na kilka lat,0.05,0.15,0.05,0.1,0.35,0.3,"Hiszpania (75.8%), Chiny (75.4%), Gruzja (74.7%), Włochy (73.8%), Chorwacja (73.2%), Słowenia (71.5%), Grecja (71%), Andora (70.7%), Portugalia (70.6%), Finlandia (68.5%)","[{""code"":""ES"",""name"":""Hiszpania"",""score"":0.758,""matchPct"":75.8},{""code"":""CN"",""name"":""Chiny"",""score"":0.7535000000000001,""matchPct"":75.4},{""code"":""GE"",""name"":""Gruzja"",""score"":0.747,""matchPct"":74.7},{""code"":""IT"",""name"":""Włochy"",""score"":0.7384999999999999,""matchPct"":73.8},{""code"":""HR"",""name"":""Chorwacja"",""score"":0.732,""matchPct"":73.2},{""code"":""SI"",""name"":""Słowenia"",""score"":0.7150000000000001,""matchPct"":71.5},{""code"":""GR"",""name"":""Grecja"",""score"":0.7095,""matchPct"":71},{""code"":""AD"",""name"":""Andora"",""score"":0.707,""matchPct"":70.7},{""code"":""PT"",""name"":""Portugalia"",""score"":0.706,""matchPct"":70.6},{""code"":""FI"",""name"":""Finlandia"",""score"":0.685,""matchPct"":68.5}]",reality,aspirations,wsm,1,1,1,3,1,4,2,1,1,B,aspirations,false,,tak
b0defba2-3489-47c8-94e2-77cb2a54ab38,2026-05-02 18:00:27.025347+00,Kobieta,46-60 lat,Raz na kilka lat,0,0.25,0,0.2,0.2,0.35,"Hiszpania (75.7%), Grecja (74.2%), Chorwacja (73.6%), Singapur (73.2%), Chiny (73.1%), Japonia (73%), Gruzja (71.6%), Słowenia (71.1%), Andora (70.4%), Cypr (70.3%)","[{""code"":""ES"",""name"":""Hiszpania"",""score"":0.7570000000000001,""matchPct"":75.7},{""code"":""GR"",""name"":""Grecja"",""score"":0.7415,""matchPct"":74.2},{""code"":""HR"",""name"":""Chorwacja"",""score"":0.736,""matchPct"":73.6},{""code"":""SG"",""name"":""Singapur"",""score"":0.7324999999999999,""matchPct"":73.2},{""code"":""CN"",""name"":""Chiny"",""score"":0.7309999999999999,""matchPct"":73.1},{""code"":""JP"",""name"":""Japonia"",""score"":0.7304999999999999,""matchPct"":73},{""code"":""GE"",""name"":""Gruzja"",""score"":0.7155,""matchPct"":71.6},{""code"":""SI"",""name"":""Słowenia"",""score"":0.7110000000000001,""matchPct"":71.1},{""code"":""AD"",""name"":""Andora"",""score"":0.704,""matchPct"":70.4},{""code"":""CY"",""name"":""Cypr"",""score"":0.7030000000000001,""matchPct"":70.3}]",wsm,reality,aspirations,3,2,5,2,1,4,5,4,5,B,reality,false,,tak
b14f3ec6-6414-452f-b719-afae0ce1bf7e,2026-05-04 17:08:10.480815+00,Kobieta,18-25 lat,Raz na kilka lat,0.1,0.2,0.1,0.05,0.25,0.3,"Chiny (74.6%), Włochy (72.2%), Hiszpania (69.6%), Gruzja (65.7%), Japonia (65.5%), Grecja (64.9%), Chorwacja (64.1%), Słowenia (63.4%), Indie (63.1%), Francja (62%)","[{""code"":""CN"",""name"":""Chiny"",""score"":0.746,""matchPct"":74.6},{""code"":""IT"",""name"":""Włochy"",""score"":0.7224999999999999,""matchPct"":72.2},{""code"":""ES"",""name"":""Hiszpania"",""score"":0.6955,""matchPct"":69.6},{""code"":""GE"",""name"":""Gruzja"",""score"":0.657,""matchPct"":65.7},{""code"":""JP"",""name"":""Japonia"",""score"":0.6545000000000001,""matchPct"":65.5},{""code"":""GR"",""name"":""Grecja"",""score"":0.6485000000000001,""matchPct"":64.9},{""code"":""HR"",""name"":""Chorwacja"",""score"":0.641,""matchPct"":64.1},{""code"":""SI"",""name"":""Słowenia"",""score"":0.6335000000000001,""matchPct"":63.4},{""code"":""IN"",""name"":""Indie"",""score"":0.6305000000000001,""matchPct"":63.1},{""code"":""FR"",""name"":""Francja"",""score"":0.62,""matchPct"":62}]",aspirations,wsm,reality,4,3,4,5,3,5,4,3,4,A,aspirations,false,,tak
b16207a1-efd7-4866-b3ec-11a5a7a5ddd3,2026-05-04 17:45:24.450031+00,Nie chcę podawać,18-25 lat,Raz na kilka lat,0.4,0.2,0.3,0.05,0,0.05,"Włochy (80.3%), Chiny (72%), USA (65.4%), Francja (63.3%), Indie (58.4%), Hiszpania (54.9%), Japonia (52.4%), Meksyk (51.9%), Brazylia (46%), Grecja (45.6%)","[{""code"":""IT"",""name"":""Włochy"",""score"":0.8025,""matchPct"":80.3},{""code"":""CN"",""name"":""Chiny"",""score"":0.72,""matchPct"":72},{""code"":""US"",""name"":""USA"",""score"":0.6535,""matchPct"":65.4},{""code"":""FR"",""name"":""Francja"",""score"":0.633,""matchPct"":63.3},{""code"":""IN"",""name"":""Indie"",""score"":0.5840000000000001,""matchPct"":58.4},{""code"":""ES"",""name"":""Hiszpania"",""score"":0.5489999999999999,""matchPct"":54.9},{""code"":""JP"",""name"":""Japonia"",""score"":0.524,""matchPct"":52.4},{""code"":""MX"",""name"":""Meksyk"",""score"":0.5185000000000001,""matchPct"":51.9},{""code"":""BR"",""name"":""Brazylia"",""score"":0.46,""matchPct"":46},{""code"":""GR"",""name"":""Grecja"",""score"":0.4555,""matchPct"":45.6}]",wsm,aspirations,reality,4,2,3,1,2,2,1,1,1,C,reality,false,bo nie ma tam usa,trudno_powiedziec
b19cec23-0979-4400-8231-7c56fbc6f494,2026-05-04 20:02:54.299804+00,Kobieta,18-25 lat,Raz na kilka lat,0.3,0.15,0.25,0.05,0.1,0.15,"Włochy (78.2%), Chiny (75.2%), USA (63.6%), Francja (63.6%), Hiszpania (60.7%), Indie (60.3%), Japonia (57.6%), Grecja (50.8%), Turcja (48.4%), Meksyk (48.3%)","[{""code"":""IT"",""name"":""Włochy"",""score"":0.7815,""matchPct"":78.2},{""code"":""CN"",""name"":""Chiny"",""score"":0.7524999999999998,""matchPct"":75.2},{""code"":""US"",""name"":""USA"",""score"":0.6360000000000001,""matchPct"":63.6},{""code"":""FR"",""name"":""Francja"",""score"":0.6355,""matchPct"":63.6},{""code"":""ES"",""name"":""Hiszpania"",""score"":0.6065,""matchPct"":60.7},{""code"":""IN"",""name"":""Indie"",""score"":0.6034999999999999,""matchPct"":60.3},{""code"":""JP"",""name"":""Japonia"",""score"":0.5755,""matchPct"":57.6},{""code"":""GR"",""name"":""Grecja"",""score"":0.508,""matchPct"":50.8},{""code"":""TR"",""name"":""Turcja"",""score"":0.48350000000000004,""matchPct"":48.4},{""code"":""MX"",""name"":""Meksyk"",""score"":0.48299999999999993,""matchPct"":48.3}]",wsm,aspirations,reality,1,4,3,3,4,3,5,3,4,C,reality,false,,tak
b1c5cb41-beeb-462f-bdaf-c51688551063,2026-05-01 18:40:16.04783+00,Kobieta,18-25 lat,Raz w roku,0.1,0.32,0.11,0.2,0.14,0.13,"Włochy (74.1%), Grecja (70.1%), USA (70%), Hiszpania (68.3%), Chiny (68.1%), Francja (65.3%), Tajlandia (64.6%), Japonia (64.4%), Australia (63%), Indie (62.2%)","[{""code"":""IT"",""name"":""Włochy"",""score"":0.7409000000000001,""matchPct"":74.1},{""code"":""GR"",""name"":""Grecja"",""score"":0.7008000000000001,""matchPct"":70.1},{""code"":""US"",""name"":""USA"",""score"":0.7001999999999999,""matchPct"":70},{""code"":""ES"",""name"":""Hiszpania"",""score"":0.6833,""matchPct"":68.3},{""code"":""CN"",""name"":""Chiny"",""score"":0.6811,""matchPct"":68.1},{""code"":""FR"",""name"":""Francja"",""score"":0.6529,""matchPct"":65.3},{""code"":""TH"",""name"":""Tajlandia"",""score"":0.6460999999999999,""matchPct"":64.6},{""code"":""JP"",""name"":""Japonia"",""score"":0.6439999999999999,""matchPct"":64.4},{""code"":""AU"",""name"":""Australia"",""score"":0.6303000000000001,""matchPct"":63},{""code"":""IN"",""name"":""Indie"",""score"":0.6224000000000001,""matchPct"":62.2}]",reality,wsm,aspirations,4,2,4,4,2,5,4,3,5,B,wsm,false,,tak
b22c511c-00a7-47d6-8328-0ac5c5c32c05,2026-05-04 18:38:00.419137+00,Kobieta,18-25 lat,Raz w roku,0.2,0.3,0.3,0.05,0.1,0.05,"Włochy (75%), Chiny (70.6%), USA (70.6%), Indie (62.2%), Francja (60.7%), Meksyk (58.7%), Hiszpania (57.2%), Grecja (56.8%), Japonia (56.2%), Indonezja (54.4%)","[{""code"":""IT"",""name"":""Włochy"",""score"":0.7494999999999999,""matchPct"":75},{""code"":""CN"",""name"":""Chiny"",""score"":0.7059999999999998,""matchPct"":70.6},{""code"":""US"",""name"":""USA"",""score"":0.7055,""matchPct"":70.6},{""code"":""IN"",""name"":""Indie"",""score"":0.622,""matchPct"":62.2},{""code"":""FR"",""name"":""Francja"",""score"":0.607,""matchPct"":60.7},{""code"":""MX"",""name"":""Meksyk"",""score"":0.5865,""matchPct"":58.7},{""code"":""ES"",""name"":""Hiszpania"",""score"":0.572,""matchPct"":57.2},{""code"":""GR"",""name"":""Grecja"",""score"":0.5684999999999999,""matchPct"":56.8},{""code"":""JP"",""name"":""Japonia"",""score"":0.562,""matchPct"":56.2},{""code"":""ID"",""name"":""Indonezja"",""score"":0.5435,""matchPct"":54.4}]",reality,aspirations,wsm,4,3,4,3,2,5,4,4,5,A,reality,false,"Lista A zawiera najwięcej przystępnhych finansowo miejsc, oraz mają najwięcej porów do rzeglugi regatowej (OptymistILCA,Europa [jednoosobowe])",tak
b2d93fc2-7c9b-4033-89ba-7b2d8c58650d,2026-05-01 20:25:07.043393+00,Mężczyzna,36-45 lat,Częściej niż 3 razy w roku,0.2,0.15,0,0.2,0.2,0.25,"Włochy (78.3%), Hiszpania (75.1%), Chiny (72.1%), Francja (70%), Grecja (66.7%), Japonia (66.2%), Holandia (65.5%), Chorwacja (62.6%), Portugalia (62.2%), Gruzja (62.1%)","[{""code"":""IT"",""name"":""Włochy"",""score"":0.7825000000000001,""matchPct"":78.3},{""code"":""ES"",""name"":""Hiszpania"",""score"":0.751,""matchPct"":75.1},{""code"":""CN"",""name"":""Chiny"",""score"":0.7210000000000001,""matchPct"":72.1},{""code"":""FR"",""name"":""Francja"",""score"":0.7,""matchPct"":70},{""code"":""GR"",""name"":""Grecja"",""score"":0.6665000000000001,""matchPct"":66.7},{""code"":""JP"",""name"":""Japonia"",""score"":0.6615,""matchPct"":66.2},{""code"":""NL"",""name"":""Holandia"",""score"":0.6545000000000001,""matchPct"":65.5},{""code"":""HR"",""name"":""Chorwacja"",""score"":0.626,""matchPct"":62.6},{""code"":""PT"",""name"":""Portugalia"",""score"":0.6215,""matchPct"":62.2},{""code"":""GE"",""name"":""Gruzja"",""score"":0.6205,""matchPct"":62.1}]",wsm,reality,aspirations,5,5,5,2,5,4,3,5,2,A,wsm,false,,tak
b37ea5d0-0634-48ef-b80b-4bb71a84d4e3,2026-05-04 17:09:17.97388+00,Kobieta,18-25 lat,Raz w roku,0.22,0.08,0.17,0.1,0.18,0.25,"Chiny (78.4%), Włochy (77.4%), Hiszpania (68.4%), Francja (66%), Japonia (63.8%), USA (61.9%), Indie (61.6%), Gruzja (58.9%), Słowenia (57.2%), Grecja (56.7%)","[{""code"":""CN"",""name"":""Chiny"",""score"":0.7837000000000001,""matchPct"":78.4},{""code"":""IT"",""name"":""Włochy"",""score"":0.7741,""matchPct"":77.4},{""code"":""ES"",""name"":""Hiszpania"",""score"":0.6835,""matchPct"":68.4},{""code"":""FR"",""name"":""Francja"",""score"":0.6595,""matchPct"":66},{""code"":""JP"",""name"":""Japonia"",""score"":0.6376,""matchPct"":63.8},{""code"":""US"",""name"":""USA"",""score"":0.6192,""matchPct"":61.9},{""code"":""IN"",""name"":""Indie"",""score"":0.616,""matchPct"":61.6},{""code"":""GE"",""name"":""Gruzja"",""score"":0.5886,""matchPct"":58.9},{""code"":""SI"",""name"":""Słowenia"",""score"":0.5719000000000001,""matchPct"":57.2},{""code"":""GR"",""name"":""Grecja"",""score"":0.5666,""matchPct"":56.7}]",reality,aspirations,wsm,3,4,3,1,2,2,3,4,4,A,reality,false,,tak
b4ce3290-2cca-4722-8abf-70fb22c2e16b,2026-05-04 17:46:38.607502+00,Mężczyzna,18-25 lat,Raz na kilka lat,0.2,0.2,0,0.2,0,0.4,"Chiny (74.2%), Włochy (72.4%), Hiszpania (70.6%), Japonia (70.6%), Singapur (67.6%), Holandia (63%), Francja (62.8%), Grecja (60.6%), Australia (60.2%), Chorwacja (60%)","[{""code"":""CN"",""name"":""Chiny"",""score"":0.742,""matchPct"":74.2},{""code"":""IT"",""name"":""Włochy"",""score"":0.724,""matchPct"":72.4},{""code"":""ES"",""name"":""Hiszpania"",""score"":0.706,""matchPct"":70.6},{""code"":""JP"",""name"":""Japonia"",""score"":0.706,""matchPct"":70.6},{""code"":""SG"",""name"":""Singapur"",""score"":0.676,""matchPct"":67.6},{""code"":""NL"",""name"":""Holandia"",""score"":0.6300000000000001,""matchPct"":63},{""code"":""FR"",""name"":""Francja"",""score"":0.628,""matchPct"":62.8},{""code"":""GR"",""name"":""Grecja"",""score"":0.6060000000000001,""matchPct"":60.6},{""code"":""AU"",""name"":""Australia"",""score"":0.6020000000000001,""matchPct"":60.2},{""code"":""HR"",""name"":""Chorwacja"",""score"":0.6000000000000001,""matchPct"":60}]",reality,wsm,aspirations,1,2,1,3,2,2,3,4,3,A,reality,false,,nie
b4f9d9b4-4006-4576-9bee-f45b1104b532,2026-05-04 17:11:39.188394+00,Kobieta,18-25 lat,2-3 razy w roku,0.38,0.07,0.25,0.09,0.07,0.14,"Włochy (81.7%), Chiny (77%), Francja (66.9%), USA (62.6%), Hiszpania (61.7%), Indie (59.3%), Japonia (57.1%), Wielka Brytania (50.7%), Grecja (47%), Turcja (46.4%)","[{""code"":""IT"",""name"":""Włochy"",""score"":0.8168999999999998,""matchPct"":81.7},{""code"":""CN"",""name"":""Chiny"",""score"":0.7701,""matchPct"":77},{""code"":""FR"",""name"":""Francja"",""score"":0.6687,""matchPct"":66.9},{""code"":""US"",""name"":""USA"",""score"":0.6261000000000001,""matchPct"":62.6},{""code"":""ES"",""name"":""Hiszpania"",""score"":0.6174,""matchPct"":61.7},{""code"":""IN"",""name"":""Indie"",""score"":0.5930000000000002,""matchPct"":59.3},{""code"":""JP"",""name"":""Japonia"",""score"":0.5711999999999999,""matchPct"":57.1},{""code"":""GB"",""name"":""Wielka Brytania"",""score"":0.5075,""matchPct"":50.7},{""code"":""GR"",""name"":""Grecja"",""score"":0.46980000000000005,""matchPct"":47},{""code"":""TR"",""name"":""Turcja"",""score"":0.4636,""matchPct"":46.4}]",reality,aspirations,wsm,3,3,1,4,1,3,2,4,1,B,aspirations,false,,tak
b517ff96-9618-41d0-8961-589774e90c8b,2026-05-04 17:10:35.365641+00,Kobieta,18-25 lat,Raz na kilka lat,0.06,0.07,0.12,0.09,0.28,0.38,"Chiny (81.6%), Gruzja (75%), Hiszpania (73.8%), Słowenia (73.7%), Andora (73.3%), Chorwacja (73.1%), Włochy (72.5%), Finlandia (71.9%), Japonia (70.6%), Portugalia (70.6%)","[{""code"":""CN"",""name"":""Chiny"",""score"":0.8156,""matchPct"":81.6},{""code"":""GE"",""name"":""Gruzja"",""score"":0.7496,""matchPct"":75},{""code"":""ES"",""name"":""Hiszpania"",""score"":0.7382,""matchPct"":73.8},{""code"":""SI"",""name"":""Słowenia"",""score"":0.7368000000000001,""matchPct"":73.7},{""code"":""AD"",""name"":""Andora"",""score"":0.7330000000000001,""matchPct"":73.3},{""code"":""HR"",""name"":""Chorwacja"",""score"":0.7311000000000001,""matchPct"":73.1},{""code"":""IT"",""name"":""Włochy"",""score"":0.7254,""matchPct"":72.5},{""code"":""FI"",""name"":""Finlandia"",""score"":0.7188,""matchPct"":71.9},{""code"":""JP"",""name"":""Japonia"",""score"":0.7063,""matchPct"":70.6},{""code"":""PT"",""name"":""Portugalia"",""score"":0.7056,""matchPct"":70.6}]",reality,aspirations,wsm,5,3,5,5,3,5,4,4,5,B,aspirations,false,,tak
b5dac709-3ea9-4d2d-bf52-f7f5e3375a19,2026-05-03 08:33:35.555467+00,Kobieta,18-25 lat,Częściej niż 3 razy w roku,0.25,0.4,0.16,0.13,0.06,0,"Włochy (76.9%), USA (68.6%), Francja (64%), Grecja (62.7%), Chiny (62.4%), Meksyk (61.9%), Indie (60.6%), Hiszpania (59.9%), Australia (57.7%), Tajlandia (57.6%)","[{""code"":""IT"",""name"":""Włochy"",""score"":0.7686,""matchPct"":76.9},{""code"":""US"",""name"":""USA"",""score"":0.6856,""matchPct"":68.6},{""code"":""FR"",""name"":""Francja"",""score"":0.6395,""matchPct"":64},{""code"":""GR"",""name"":""Grecja"",""score"":0.6269,""matchPct"":62.7},{""code"":""CN"",""name"":""Chiny"",""score"":0.6242,""matchPct"":62.4},{""code"":""MX"",""name"":""Meksyk"",""score"":0.6187,""matchPct"":61.9},{""code"":""IN"",""name"":""Indie"",""score"":0.6057,""matchPct"":60.6},{""code"":""ES"",""name"":""Hiszpania"",""score"":0.5988,""matchPct"":59.9},{""code"":""AU"",""name"":""Australia"",""score"":0.5772,""matchPct"":57.7},{""code"":""TH"",""name"":""Tajlandia"",""score"":0.5764,""matchPct"":57.6}]",wsm,aspirations,reality,5,5,5,4,3,4,5,5,5,C,reality,false,"Lista B z punktu widzenia finansowego powoduje że jest najmniej do osiągnięcia, nie wszystkie kierunki z listy A są dla mnie interesujące - lista C odpowiada mi najbardziej bo jest możliwa do spełnienia w najkrótszym czasie i najmniej skomplikowana pod względem logistycznym jak i finansowym",tak
b65385a3-fc1b-4a41-8030-738a85745dd2,2026-05-04 17:20:50.527651+00,Kobieta,18-25 lat,Raz w roku,0.1,0.04,0.39,0.13,0.19,0.15,"Chiny (84.7%), Włochy (76.2%), USA (75.1%), Kanada (65.7%), Japonia (65.4%), Francja (65.1%), Indie (65.1%), Hiszpania (65%), Gruzja (60.6%), Słowenia (60.5%)","[{""code"":""CN"",""name"":""Chiny"",""score"":0.8469,""matchPct"":84.7},{""code"":""IT"",""name"":""Włochy"",""score"":0.7622,""matchPct"":76.2},{""code"":""US"",""name"":""USA"",""score"":0.751,""matchPct"":75.1},{""code"":""CA"",""name"":""Kanada"",""score"":0.6573000000000001,""matchPct"":65.7},{""code"":""JP"",""name"":""Japonia"",""score"":0.6537000000000001,""matchPct"":65.4},{""code"":""FR"",""name"":""Francja"",""score"":0.6513,""matchPct"":65.1},{""code"":""IN"",""name"":""Indie"",""score"":0.6511,""matchPct"":65.1},{""code"":""ES"",""name"":""Hiszpania"",""score"":0.6498,""matchPct"":65},{""code"":""GE"",""name"":""Gruzja"",""score"":0.6062000000000001,""matchPct"":60.6},{""code"":""SI"",""name"":""Słowenia"",""score"":0.6053999999999999,""matchPct"":60.5}]",wsm,reality,aspirations,1,1,1,1,1,2,3,4,4,B,reality,false,Lista A i C za drogie kierunku. B osiągalalne - finansowo i odległościowo,tak
b6a53fd0-3b5b-44bf-9bd3-e391f21cd4d0,2026-05-04 18:30:01.451035+00,Kobieta,18-25 lat,Raz na kilka lat,0.22,0.3,0.06,0.06,0.1,0.26,"Włochy (73%), Chiny (68.6%), Hiszpania (64.6%), Japonia (61.4%), Grecja (60.6%), Francja (60.6%), USA (58.8%), Indie (58.5%), Tajlandia (56.9%), Australia (55.3%)","[{""code"":""IT"",""name"":""Włochy"",""score"":0.73,""matchPct"":73},{""code"":""CN"",""name"":""Chiny"",""score"":0.6858,""matchPct"":68.6},{""code"":""ES"",""name"":""Hiszpania"",""score"":0.646,""matchPct"":64.6},{""code"":""JP"",""name"":""Japonia"",""score"":0.614,""matchPct"":61.4},{""code"":""GR"",""name"":""Grecja"",""score"":0.6064,""matchPct"":60.6},{""code"":""FR"",""name"":""Francja"",""score"":0.606,""matchPct"":60.6},{""code"":""US"",""name"":""USA"",""score"":0.5876,""matchPct"":58.8},{""code"":""IN"",""name"":""Indie"",""score"":0.5854,""matchPct"":58.5},{""code"":""TH"",""name"":""Tajlandia"",""score"":0.5694,""matchPct"":56.9},{""code"":""AU"",""name"":""Australia"",""score"":0.5526,""matchPct"":55.3}]",aspirations,wsm,reality,5,3,4,4,2,4,5,3,5,C,reality,false,Ciekawią mnie te kierunki i ciepłe kraje z wodą,tak
b85aa582-657f-4c32-b81a-b0b9c19edd36,2026-05-01 21:33:41.062039+00,Kobieta,36-45 lat,Raz w roku,0.21,0.18,0.2,0.17,0.19,0.05,"Włochy (80.1%), Chiny (71.9%), Francja (69.5%), USA (69%), Hiszpania (67.2%), Indie (64.1%), Grecja (62.6%), Japonia (59.7%), Turcja (57.4%), Meksyk (56.7%)","[{""code"":""IT"",""name"":""Włochy"",""score"":0.8013999999999999,""matchPct"":80.1},{""code"":""CN"",""name"":""Chiny"",""score"":0.7194,""matchPct"":71.9},{""code"":""FR"",""name"":""Francja"",""score"":0.6950999999999999,""matchPct"":69.5},{""code"":""US"",""name"":""USA"",""score"":0.6899,""matchPct"":69},{""code"":""ES"",""name"":""Hiszpania"",""score"":0.6721,""matchPct"":67.2},{""code"":""IN"",""name"":""Indie"",""score"":0.6414,""matchPct"":64.1},{""code"":""GR"",""name"":""Grecja"",""score"":0.6261,""matchPct"":62.6},{""code"":""JP"",""name"":""Japonia"",""score"":0.5969,""matchPct"":59.7},{""code"":""TR"",""name"":""Turcja"",""score"":0.5744,""matchPct"":57.4},{""code"":""MX"",""name"":""Meksyk"",""score"":0.5669,""matchPct"":56.7}]",reality,wsm,aspirations,3,3,3,3,3,3,4,3,3,B,wsm,false,,tak
b85b7365-2e02-4409-a070-ec8b32796c39,2026-05-02 17:53:47.915148+00,Mężczyzna,18-25 lat,2-3 razy w roku,0.42,0,0.41,0.1,0,0.07,"Włochy (83.5%), Chiny (81.8%), USA (68.7%), Francja (66.9%), Indie (59%), Hiszpania (56.8%), Japonia (55.5%), Kanada (51.2%), Wielka Brytania (48.6%), Meksyk (47%)","[{""code"":""IT"",""name"":""Włochy"",""score"":0.8349,""matchPct"":83.5},{""code"":""CN"",""name"":""Chiny"",""score"":0.8181,""matchPct"":81.8},{""code"":""US"",""name"":""USA"",""score"":0.6873999999999999,""matchPct"":68.7},{""code"":""FR"",""name"":""Francja"",""score"":0.6687,""matchPct"":66.9},{""code"":""IN"",""name"":""Indie"",""score"":0.5902,""matchPct"":59},{""code"":""ES"",""name"":""Hiszpania"",""score"":0.5680999999999999,""matchPct"":56.8},{""code"":""JP"",""name"":""Japonia"",""score"":0.555,""matchPct"":55.5},{""code"":""CA"",""name"":""Kanada"",""score"":0.5121,""matchPct"":51.2},{""code"":""GB"",""name"":""Wielka Brytania"",""score"":0.4857,""matchPct"":48.6},{""code"":""MX"",""name"":""Meksyk"",""score"":0.4699,""matchPct"":47}]",reality,aspirations,wsm,3,3,3,4,3,5,2,5,1,B,aspirations,false,,trudno_powiedziec
b8d51253-bb93-4a8a-aa74-895cdcd11be5,2026-05-04 17:13:34.843971+00,Mężczyzna,18-25 lat,Raz w roku,0.25,0.05,0.4,0.05,0.2,0.05,"Włochy (80.7%), Chiny (80.6%), USA (70.2%), Francja (66.4%), Indie (65.2%), Hiszpania (60.6%), Japonia (56.7%), Kanada (56.1%), Meksyk (53.3%), Turcja (53%)","[{""code"":""IT"",""name"":""Włochy"",""score"":0.8065000000000001,""matchPct"":80.7},{""code"":""CN"",""name"":""Chiny"",""score"":0.806,""matchPct"":80.6},{""code"":""US"",""name"":""USA"",""score"":0.7015,""matchPct"":70.2},{""code"":""FR"",""name"":""Francja"",""score"":0.6635,""matchPct"":66.4},{""code"":""IN"",""name"":""Indie"",""score"":0.6520000000000001,""matchPct"":65.2},{""code"":""ES"",""name"":""Hiszpania"",""score"":0.606,""matchPct"":60.6},{""code"":""JP"",""name"":""Japonia"",""score"":0.5665,""matchPct"":56.7},{""code"":""CA"",""name"":""Kanada"",""score"":0.5605,""matchPct"":56.1},{""code"":""MX"",""name"":""Meksyk"",""score"":0.5325,""matchPct"":53.3},{""code"":""TR"",""name"":""Turcja"",""score"":0.5295000000000001,""matchPct"":53}]",aspirations,wsm,reality,4,3,4,5,3,5,4,3,4,A,aspirations,false,,nie
b9117ef8-a1e4-4965-86c8-292dbd277967,2026-05-04 17:08:26.447503+00,Kobieta,18-25 lat,Raz na kilka lat,0.25,0.1,0.15,0,0.2,0.3,"Chiny (77.6%), Włochy (76%), Hiszpania (66.1%), Francja (62.7%), Japonia (61.4%), Indie (61.1%), Gruzja (58.2%), USA (56.4%), Słowenia (55.7%), Chorwacja (55.1%)","[{""code"":""CN"",""name"":""Chiny"",""score"":0.7755000000000001,""matchPct"":77.6},{""code"":""IT"",""name"":""Włochy"",""score"":0.76,""matchPct"":76},{""code"":""ES"",""name"":""Hiszpania"",""score"":0.6605,""matchPct"":66.1},{""code"":""FR"",""name"":""Francja"",""score"":0.627,""matchPct"":62.7},{""code"":""JP"",""name"":""Japonia"",""score"":0.614,""matchPct"":61.4},{""code"":""IN"",""name"":""Indie"",""score"":0.6105,""matchPct"":61.1},{""code"":""GE"",""name"":""Gruzja"",""score"":0.5820000000000001,""matchPct"":58.2},{""code"":""US"",""name"":""USA"",""score"":0.5635,""matchPct"":56.4},{""code"":""SI"",""name"":""Słowenia"",""score"":0.5565,""matchPct"":55.7},{""code"":""HR"",""name"":""Chorwacja"",""score"":0.5505,""matchPct"":55.1}]",aspirations,reality,wsm,4,3,5,1,1,2,3,3,4,C,wsm,false,,tak
b917484e-1d51-47db-a99d-1d2bac339321,2026-05-04 17:52:24.470279+00,Kobieta,46-60 lat,Raz w roku,0.14,0,0,0.52,0.34,0,"Włochy (89.3%), Hiszpania (89.3%), Francja (88.5%), Wielka Brytania (82.9%), Grecja (81.1%), Holandia (80.8%), Andora (80%), Portugalia (77.7%), Cypr (75.9%), Austria (75.7%)","[{""code"":""IT"",""name"":""Włochy"",""score"":0.8934,""matchPct"":89.3},{""code"":""ES"",""name"":""Hiszpania"",""score"":0.893,""matchPct"":89.3},{""code"":""FR"",""name"":""Francja"",""score"":0.8854,""matchPct"":88.5},{""code"":""GB"",""name"":""Wielka Brytania"",""score"":0.8288,""matchPct"":82.9},{""code"":""GR"",""name"":""Grecja"",""score"":0.8112000000000001,""matchPct"":81.1},{""code"":""NL"",""name"":""Holandia"",""score"":0.808,""matchPct"":80.8},{""code"":""AD"",""name"":""Andora"",""score"":0.7998,""matchPct"":80},{""code"":""PT"",""name"":""Portugalia"",""score"":0.7766000000000001,""matchPct"":77.7},{""code"":""CY"",""name"":""Cypr"",""score"":0.7594000000000001,""matchPct"":75.9},{""code"":""AT"",""name"":""Austria"",""score"":0.7574000000000001,""matchPct"":75.7}]",aspirations,reality,wsm,4,4,4,2,2,2,4,5,3,C,wsm,false,,tak
b94f938e-a378-45ab-b087-6ee5b0c9a565,2026-05-02 18:43:01.543945+00,Kobieta,Powyżej 60 lat,Raz na kilka lat,0.5,0.25,0,0.25,0,0,"Włochy (87%), Francja (74.5%), Hiszpania (66.5%), Chiny (61%), USA (59.5%), Grecja (57.5%), Indie (56.8%), Meksyk (53.3%), Japonia (53.3%), Wielka Brytania (52.3%)","[{""code"":""IT"",""name"":""Włochy"",""score"":0.87,""matchPct"":87},{""code"":""FR"",""name"":""Francja"",""score"":0.7450000000000001,""matchPct"":74.5},{""code"":""ES"",""name"":""Hiszpania"",""score"":0.665,""matchPct"":66.5},{""code"":""CN"",""name"":""Chiny"",""score"":0.61,""matchPct"":61},{""code"":""US"",""name"":""USA"",""score"":0.595,""matchPct"":59.5},{""code"":""GR"",""name"":""Grecja"",""score"":0.575,""matchPct"":57.5},{""code"":""IN"",""name"":""Indie"",""score"":0.5675,""matchPct"":56.8},{""code"":""MX"",""name"":""Meksyk"",""score"":0.5325,""matchPct"":53.3},{""code"":""JP"",""name"":""Japonia"",""score"":0.5325,""matchPct"":53.3},{""code"":""GB"",""name"":""Wielka Brytania"",""score"":0.5225,""matchPct"":52.3}]",aspirations,wsm,reality,5,5,5,1,2,3,4,4,4,C,reality,false,,tak
b9a38fe7-30c3-4a3c-b5d9-14d7c64a6f95,2026-05-04 20:14:42.233448+00,Mężczyzna,18-25 lat,Raz na kilka lat,0.4,0,0.3,0,0.2,0.1,"Włochy (84.1%), Chiny (78.9%), Francja (68.1%), Indie (63%), Hiszpania (61.5%), USA (59.8%), Japonia (53.2%), Wielka Brytania (52.9%), Turcja (48.8%), Kanada (47.5%)","[{""code"":""IT"",""name"":""Włochy"",""score"":0.841,""matchPct"":84.1},{""code"":""CN"",""name"":""Chiny"",""score"":0.789,""matchPct"":78.9},{""code"":""FR"",""name"":""Francja"",""score"":0.6810000000000002,""matchPct"":68.1},{""code"":""IN"",""name"":""Indie"",""score"":0.6300000000000001,""matchPct"":63},{""code"":""ES"",""name"":""Hiszpania"",""score"":0.615,""matchPct"":61.5},{""code"":""US"",""name"":""USA"",""score"":0.598,""matchPct"":59.8},{""code"":""JP"",""name"":""Japonia"",""score"":0.5319999999999999,""matchPct"":53.2},{""code"":""GB"",""name"":""Wielka Brytania"",""score"":0.529,""matchPct"":52.9},{""code"":""TR"",""name"":""Turcja"",""score"":0.48800000000000004,""matchPct"":48.8},{""code"":""CA"",""name"":""Kanada"",""score"":0.47500000000000003,""matchPct"":47.5}]",aspirations,wsm,reality,4,3,2,1,3,1,2,3,2,B,wsm,false,"W zasadzie moje jedyne marzenie turystyczne to zobaczyć Rzym i Watykan, więc Włochy na pozycji pierwszej  mi jak najbardziej odpowiadają.",tak
b9c17a39-410c-4fe8-9b69-d80122a6d933,2026-05-04 18:14:35.99659+00,Mężczyzna,18-25 lat,Raz na kilka lat,0.15,0.02,0.12,0.06,0.36,0.29,"Chiny (80%), Włochy (77.7%), Hiszpania (74.3%), Gruzja (72.4%), Andora (68.9%), Słowenia (68.7%), Chorwacja (68.7%), Czechy (68.2%), Francja (68.1%), Finlandia (67.9%)","[{""code"":""CN"",""name"":""Chiny"",""score"":0.7999999999999999,""matchPct"":80},{""code"":""IT"",""name"":""Włochy"",""score"":0.7773,""matchPct"":77.7},{""code"":""ES"",""name"":""Hiszpania"",""score"":0.743,""matchPct"":74.3},{""code"":""GE"",""name"":""Gruzja"",""score"":0.7236,""matchPct"":72.4},{""code"":""AD"",""name"":""Andora"",""score"":0.6890999999999999,""matchPct"":68.9},{""code"":""SI"",""name"":""Słowenia"",""score"":0.687,""matchPct"":68.7},{""code"":""HR"",""name"":""Chorwacja"",""score"":0.6869000000000001,""matchPct"":68.7},{""code"":""CZ"",""name"":""Czechy"",""score"":0.6819999999999999,""matchPct"":68.2},{""code"":""FR"",""name"":""Francja"",""score"":0.6809,""matchPct"":68.1},{""code"":""FI"",""name"":""Finlandia"",""score"":0.6786999999999999,""matchPct"":67.9}]",aspirations,reality,wsm,3,3,2,3,1,3,3,2,3,C,wsm,false,,tak
ba5c83d9-16bb-47ed-b6b6-e51db1ad556f,2026-05-04 08:06:47.482007+00,Mężczyzna,26-35 lat,Raz na kilka lat,0.4,0.1,0.15,0.1,0.15,0.1,"Włochy (84.1%), Chiny (72.2%), Francja (70.4%), Hiszpania (65.5%), Indie (61%), USA (58.8%), Japonia (55.2%), Wielka Brytania (54.2%), Grecja (52.5%), Turcja (50%)","[{""code"":""IT"",""name"":""Włochy"",""score"":0.8405,""matchPct"":84.1},{""code"":""CN"",""name"":""Chiny"",""score"":0.7215,""matchPct"":72.2},{""code"":""FR"",""name"":""Francja"",""score"":0.7035,""matchPct"":70.4},{""code"":""ES"",""name"":""Hiszpania"",""score"":0.6549999999999999,""matchPct"":65.5},{""code"":""IN"",""name"":""Indie"",""score"":0.6095,""matchPct"":61},{""code"":""US"",""name"":""USA"",""score"":0.5884999999999999,""matchPct"":58.8},{""code"":""JP"",""name"":""Japonia"",""score"":0.5515,""matchPct"":55.2},{""code"":""GB"",""name"":""Wielka Brytania"",""score"":0.542,""matchPct"":54.2},{""code"":""GR"",""name"":""Grecja"",""score"":0.525,""matchPct"":52.5},{""code"":""TR"",""name"":""Turcja"",""score"":0.49950000000000006,""matchPct"":50}]",aspirations,wsm,reality,3,3,3,3,2,3,4,4,4,C,reality,false,"Ośrodki turystyczne rozwinięte na wysokim poziomie, komunikacja zdecydowanie bardziej optymalna",trudno_powiedziec
ba736225-d57e-4495-b4db-469dcabede3b,2026-05-04 17:49:15.937587+00,Kobieta,18-25 lat,Raz w roku,0,0.1,0.4,0,0.25,0.25,"Chiny (85.6%), USA (72.4%), Włochy (70%), Gruzja (67.3%), Słowenia (67%), Japonia (66.4%), Indie (66.1%), Kanada (65.2%), Finlandia (63.5%), Hiszpania (62.7%)","[{""code"":""CN"",""name"":""Chiny"",""score"":0.8560000000000001,""matchPct"":85.6},{""code"":""US"",""name"":""USA"",""score"":0.7235,""matchPct"":72.4},{""code"":""IT"",""name"":""Włochy"",""score"":0.7,""matchPct"":70},{""code"":""GE"",""name"":""Gruzja"",""score"":0.6725,""matchPct"":67.3},{""code"":""SI"",""name"":""Słowenia"",""score"":0.6695,""matchPct"":67},{""code"":""JP"",""name"":""Japonia"",""score"":0.6635,""matchPct"":66.4},{""code"":""IN"",""name"":""Indie"",""score"":0.6605,""matchPct"":66.1},{""code"":""CA"",""name"":""Kanada"",""score"":0.652,""matchPct"":65.2},{""code"":""FI"",""name"":""Finlandia"",""score"":0.6345,""matchPct"":63.5},{""code"":""ES"",""name"":""Hiszpania"",""score"":0.6265000000000001,""matchPct"":62.7}]",aspirations,reality,wsm,1,1,1,2,1,1,2,2,1,B,reality,false,,nie
bafd79c7-3737-4d39-bd08-25a99c460e76,2026-05-04 18:10:05.468077+00,Kobieta,46-60 lat,2-3 razy w roku,0,0.25,0.25,0.01,0.22,0.27,"Chiny (77.3%), USA (68.3%), Włochy (67.9%), Japonia (65.9%), Indonezja (65.2%), Gruzja (64.5%), Indie (64.1%), Hiszpania (63.7%), Słowenia (63.6%), Grecja (63.5%)","[{""code"":""CN"",""name"":""Chiny"",""score"":0.7728999999999999,""matchPct"":77.3},{""code"":""US"",""name"":""USA"",""score"":0.6831999999999999,""matchPct"":68.3},{""code"":""IT"",""name"":""Włochy"",""score"":0.6790999999999999,""matchPct"":67.9},{""code"":""JP"",""name"":""Japonia"",""score"":0.6593,""matchPct"":65.9},{""code"":""ID"",""name"":""Indonezja"",""score"":0.6521,""matchPct"":65.2},{""code"":""GE"",""name"":""Gruzja"",""score"":0.645,""matchPct"":64.5},{""code"":""IN"",""name"":""Indie"",""score"":0.6407,""matchPct"":64.1},{""code"":""ES"",""name"":""Hiszpania"",""score"":0.6373,""matchPct"":63.7},{""code"":""SI"",""name"":""Słowenia"",""score"":0.6359000000000001,""matchPct"":63.6},{""code"":""GR"",""name"":""Grecja"",""score"":0.635,""matchPct"":63.5}]",reality,wsm,aspirations,5,5,5,5,5,5,5,5,5,A,reality,false,Lista B i C jest dla mnie za droga,tak
bb8f3549-65d5-4db3-add8-cb971b33aa58,2026-05-04 17:49:48.416169+00,Mężczyzna,26-35 lat,Raz w roku,0,0.4,0,0,0.6,0,"Grecja (86.2%), Egipt (78.8%), Tajlandia (76.4%), Włochy (76.2%), Turcja (75.8%), Indie (74.6%), Hiszpania (74.4%), Filipiny (73.8%), Indonezja (73.6%), Gruzja (70.8%)","[{""code"":""GR"",""name"":""Grecja"",""score"":0.8620000000000001,""matchPct"":86.2},{""code"":""EG"",""name"":""Egipt"",""score"":0.788,""matchPct"":78.8},{""code"":""TH"",""name"":""Tajlandia"",""score"":0.764,""matchPct"":76.4},{""code"":""IT"",""name"":""Włochy"",""score"":0.762,""matchPct"":76.2},{""code"":""TR"",""name"":""Turcja"",""score"":0.758,""matchPct"":75.8},{""code"":""IN"",""name"":""Indie"",""score"":0.746,""matchPct"":74.6},{""code"":""ES"",""name"":""Hiszpania"",""score"":0.744,""matchPct"":74.4},{""code"":""PH"",""name"":""Filipiny"",""score"":0.738,""matchPct"":73.8},{""code"":""ID"",""name"":""Indonezja"",""score"":0.736,""matchPct"":73.6},{""code"":""GE"",""name"":""Gruzja"",""score"":0.708,""matchPct"":70.8}]",aspirations,wsm,reality,5,4,5,2,2,1,4,5,4,B,wsm,false,,tak
bbcbdcb8-7cc6-481d-aafb-8450a9908407,2026-05-04 20:38:58.325291+00,Kobieta,18-25 lat,Raz na kilka lat,0.14,0.04,0.2,0.15,0.1,0.37,"Chiny (84.3%), Włochy (73.4%), Japonia (71%), Hiszpania (69.3%), USA (65.6%), Słowenia (65.6%), Andora (64.7%), Finlandia (64.7%), Gruzja (64.2%), Chorwacja (63.2%)","[{""code"":""CN"",""name"":""Chiny"",""score"":0.8426,""matchPct"":84.3},{""code"":""IT"",""name"":""Włochy"",""score"":0.7339,""matchPct"":73.4},{""code"":""JP"",""name"":""Japonia"",""score"":0.7101999999999999,""matchPct"":71},{""code"":""ES"",""name"":""Hiszpania"",""score"":0.6926000000000001,""matchPct"":69.3},{""code"":""US"",""name"":""USA"",""score"":0.6557,""matchPct"":65.6},{""code"":""SI"",""name"":""Słowenia"",""score"":0.6556,""matchPct"":65.6},{""code"":""AD"",""name"":""Andora"",""score"":0.6466,""matchPct"":64.7},{""code"":""FI"",""name"":""Finlandia"",""score"":0.6465000000000001,""matchPct"":64.7},{""code"":""GE"",""name"":""Gruzja"",""score"":0.6423000000000001,""matchPct"":64.2},{""code"":""HR"",""name"":""Chorwacja"",""score"":0.6319,""matchPct"":63.2}]",reality,aspirations,wsm,3,2,3,3,2,4,2,3,2,B,aspirations,false,,tak
bd9d9118-9b52-41bd-8dce-62b406ba2093,2026-05-02 19:56:41.216999+00,Mężczyzna,18-25 lat,Raz w roku,0.4,0.1,0.2,0,0.15,0.15,"Włochy (81.6%), Chiny (74.2%), Francja (65.8%), Hiszpania (61.6%), Indie (60.5%), USA (56.7%), Japonia (53.9%), Wielka Brytania (49.6%), Grecja (47.8%), Turcja (47.2%)","[{""code"":""IT"",""name"":""Włochy"",""score"":0.816,""matchPct"":81.6},{""code"":""CN"",""name"":""Chiny"",""score"":0.742,""matchPct"":74.2},{""code"":""FR"",""name"":""Francja"",""score"":0.658,""matchPct"":65.8},{""code"":""ES"",""name"":""Hiszpania"",""score"":0.6155,""matchPct"":61.6},{""code"":""IN"",""name"":""Indie"",""score"":0.6054999999999999,""matchPct"":60.5},{""code"":""US"",""name"":""USA"",""score"":0.5665,""matchPct"":56.7},{""code"":""JP"",""name"":""Japonia"",""score"":0.5385,""matchPct"":53.9},{""code"":""GB"",""name"":""Wielka Brytania"",""score"":0.4955,""matchPct"":49.6},{""code"":""GR"",""name"":""Grecja"",""score"":0.47800000000000004,""matchPct"":47.8},{""code"":""TR"",""name"":""Turcja"",""score"":0.4715000000000001,""matchPct"":47.2}]",reality,aspirations,wsm,2,2,3,1,1,2,4,3,4,A,reality,false,,nie
be1b4414-8b8c-41f9-863c-ed8fe917b5dc,2026-05-04 17:07:15.032406+00,Kobieta,18-25 lat,Raz na kilka lat,0.25,0.12,0.13,0.13,0.17,0.2,"Włochy (78.9%), Chiny (74.8%), Hiszpania (68.8%), Francja (67.8%), Japonia (62.2%), USA (61.7%), Indie (61.4%), Grecja (58.7%), Wielka Brytania (56.1%), Gruzja (55.4%)","[{""code"":""IT"",""name"":""Włochy"",""score"":0.7893000000000001,""matchPct"":78.9},{""code"":""CN"",""name"":""Chiny"",""score"":0.7475,""matchPct"":74.8},{""code"":""ES"",""name"":""Hiszpania"",""score"":0.6884,""matchPct"":68.8},{""code"":""FR"",""name"":""Francja"",""score"":0.6776,""matchPct"":67.8},{""code"":""JP"",""name"":""Japonia"",""score"":0.6215,""matchPct"":62.2},{""code"":""US"",""name"":""USA"",""score"":0.6173,""matchPct"":61.7},{""code"":""IN"",""name"":""Indie"",""score"":0.6142,""matchPct"":61.4},{""code"":""GR"",""name"":""Grecja"",""score"":0.5867,""matchPct"":58.7},{""code"":""GB"",""name"":""Wielka Brytania"",""score"":0.5605,""matchPct"":56.1},{""code"":""GE"",""name"":""Gruzja"",""score"":0.5536,""matchPct"":55.4}]",reality,aspirations,wsm,5,2,5,4,2,5,4,2,4,C,wsm,false,,tak
be8a99df-c58c-41a3-ab31-252e8e67bb80,2026-05-04 17:12:17.172729+00,Kobieta,18-25 lat,Raz na kilka lat,0.25,0,0.25,0,0.25,0.25,"Chiny (82.3%), Włochy (78.5%), Hiszpania (66%), Francja (65%), Indie (63.5%), Japonia (60.7%), Gruzja (60.3%), USA (59.5%), Słowenia (57.5%), Finlandia (56.8%)","[{""code"":""CN"",""name"":""Chiny"",""score"":0.8225,""matchPct"":82.3},{""code"":""IT"",""name"":""Włochy"",""score"":0.7849999999999999,""matchPct"":78.5},{""code"":""ES"",""name"":""Hiszpania"",""score"":0.66,""matchPct"":66},{""code"":""FR"",""name"":""Francja"",""score"":0.6499999999999999,""matchPct"":65},{""code"":""IN"",""name"":""Indie"",""score"":0.635,""matchPct"":63.5},{""code"":""JP"",""name"":""Japonia"",""score"":0.6074999999999999,""matchPct"":60.7},{""code"":""GE"",""name"":""Gruzja"",""score"":0.6025,""matchPct"":60.3},{""code"":""US"",""name"":""USA"",""score"":0.595,""matchPct"":59.5},{""code"":""SI"",""name"":""Słowenia"",""score"":0.5750000000000001,""matchPct"":57.5},{""code"":""FI"",""name"":""Finlandia"",""score"":0.5675,""matchPct"":56.8}]",wsm,aspirations,reality,2,2,5,1,3,5,4,3,5,C,reality,false,Lista C ma najciekawsze kierunki w żądanej kolejności,tak
be9ba9d5-d0bf-4662-b759-8aa94ad3bb47,2026-05-04 18:48:09.928919+00,Mężczyzna,26-35 lat,Raz w roku,0.19,0,0.2,0.25,0.16,0.2,"Chiny (81.6%), Włochy (80.3%), Hiszpania (72.9%), Francja (71.6%), USA (69.1%), Japonia (68%), Wielka Brytania (63.5%), Andora (63.3%), Indie (62.4%), Holandia (62.3%)","[{""code"":""CN"",""name"":""Chiny"",""score"":0.8158000000000001,""matchPct"":81.6},{""code"":""IT"",""name"":""Włochy"",""score"":0.8031999999999999,""matchPct"":80.3},{""code"":""ES"",""name"":""Hiszpania"",""score"":0.7286,""matchPct"":72.9},{""code"":""FR"",""name"":""Francja"",""score"":0.7164999999999999,""matchPct"":71.6},{""code"":""US"",""name"":""USA"",""score"":0.6908,""matchPct"":69.1},{""code"":""JP"",""name"":""Japonia"",""score"":0.6796,""matchPct"":68},{""code"":""GB"",""name"":""Wielka Brytania"",""score"":0.6348999999999999,""matchPct"":63.5},{""code"":""AD"",""name"":""Andora"",""score"":0.6327,""matchPct"":63.3},{""code"":""IN"",""name"":""Indie"",""score"":0.6237,""matchPct"":62.4},{""code"":""NL"",""name"":""Holandia"",""score"":0.6226,""matchPct"":62.3}]",aspirations,wsm,reality,4,3,3,2,3,4,2,2,2,B,wsm,false,,tak
bebc94fd-98d0-464e-8343-084e0e81b0cc,2026-05-04 18:13:12.976422+00,Kobieta,18-25 lat,Raz na kilka lat,0,0.75,0,0,0,0.25,"Tajlandia (78.5%), Australia (75.5%), Filipiny (74.3%), Grecja (74.2%), Indonezja (73.8%), USA (64.8%), Malezja (63%), Wietnam (62.8%), Japonia (61.8%), Meksyk (60.5%)","[{""code"":""TH"",""name"":""Tajlandia"",""score"":0.785,""matchPct"":78.5},{""code"":""AU"",""name"":""Australia"",""score"":0.755,""matchPct"":75.5},{""code"":""PH"",""name"":""Filipiny"",""score"":0.7425,""matchPct"":74.3},{""code"":""GR"",""name"":""Grecja"",""score"":0.7424999999999999,""matchPct"":74.2},{""code"":""ID"",""name"":""Indonezja"",""score"":0.7375,""matchPct"":73.8},{""code"":""US"",""name"":""USA"",""score"":0.6475,""matchPct"":64.8},{""code"":""MY"",""name"":""Malezja"",""score"":0.63,""matchPct"":63},{""code"":""VN"",""name"":""Wietnam"",""score"":0.6275,""matchPct"":62.8},{""code"":""JP"",""name"":""Japonia"",""score"":0.6175,""matchPct"":61.8},{""code"":""MX"",""name"":""Meksyk"",""score"":0.605,""matchPct"":60.5}]",aspirations,wsm,reality,2,3,1,3,3,3,4,4,4,C,reality,false,,tak
bf79c23b-ce8b-4c14-ac3f-abb24f2802e6,2026-05-05 18:49:24.740949+00,Mężczyzna,26-35 lat,Raz w roku,0.09,0.24,0.18,0.13,0.21,0.15,"Włochy (74.3%), Chiny (72.7%), USA (69%), Hiszpania (67.6%), Grecja (66.6%), Francja (64.5%), Indie (64.2%), Japonia (63.7%), Tajlandia (61.5%), Indonezja (61.2%)","[{""code"":""IT"",""name"":""Włochy"",""score"":0.7426,""matchPct"":74.3},{""code"":""CN"",""name"":""Chiny"",""score"":0.7267999999999999,""matchPct"":72.7},{""code"":""US"",""name"":""USA"",""score"":0.6903,""matchPct"":69},{""code"":""ES"",""name"":""Hiszpania"",""score"":0.6757000000000001,""matchPct"":67.6},{""code"":""GR"",""name"":""Grecja"",""score"":0.6663,""matchPct"":66.6},{""code"":""FR"",""name"":""Francja"",""score"":0.6449,""matchPct"":64.5},{""code"":""IN"",""name"":""Indie"",""score"":0.6421999999999999,""matchPct"":64.2},{""code"":""JP"",""name"":""Japonia"",""score"":0.6373,""matchPct"":63.7},{""code"":""TH"",""name"":""Tajlandia"",""score"":0.6152,""matchPct"":61.5},{""code"":""ID"",""name"":""Indonezja"",""score"":0.6116,""matchPct"":61.2}]",reality,aspirations,wsm,2,2,2,5,2,1,3,3,2,B,aspirations,false,Posiada najwięcej kierunków które mam już na liście do zwiedzenia i nie znajdują się w Europie,tak
bfac9d75-0719-48d1-bef8-76bc8b0a5819,2026-05-04 19:30:31.005263+00,Kobieta,18-25 lat,Raz na kilka lat,0,0,0.1,0,0.3,0.6,"Chiny (88.3%), Andora (86.9%), Gruzja (86.1%), Słowenia (86%), Finlandia (84.8%), Chorwacja (84.1%), Czechy (82.9%), Uzbekistan (80.7%), Portugalia (80.2%), Holandia (78%)","[{""code"":""CN"",""name"":""Chiny"",""score"":0.883,""matchPct"":88.3},{""code"":""AD"",""name"":""Andora"",""score"":0.869,""matchPct"":86.9},{""code"":""GE"",""name"":""Gruzja"",""score"":0.861,""matchPct"":86.1},{""code"":""SI"",""name"":""Słowenia"",""score"":0.8600000000000001,""matchPct"":86},{""code"":""FI"",""name"":""Finlandia"",""score"":0.8480000000000001,""matchPct"":84.8},{""code"":""HR"",""name"":""Chorwacja"",""score"":0.8410000000000001,""matchPct"":84.1},{""code"":""CZ"",""name"":""Czechy"",""score"":0.8290000000000001,""matchPct"":82.9},{""code"":""UZ"",""name"":""Uzbekistan"",""score"":0.807,""matchPct"":80.7},{""code"":""PT"",""name"":""Portugalia"",""score"":0.802,""matchPct"":80.2},{""code"":""NL"",""name"":""Holandia"",""score"":0.78,""matchPct"":78}]",aspirations,wsm,reality,2,3,2,3,2,4,3,4,4,B,wsm,false,,tak
c02aab25-6eea-4343-97d7-8eb32bee8df7,2026-05-01 19:52:08.524968+00,Mężczyzna,26-35 lat,2-3 razy w roku,0.2,0.1,0.07,0.18,0.15,0.3,"Włochy (76.9%), Chiny (76.7%), Hiszpania (72.7%), Japonia (67.6%), Francja (67.6%), Holandia (64%), Gruzja (61.8%), Chorwacja (61.8%), Andora (61.5%), Grecja (61.3%)","[{""code"":""IT"",""name"":""Włochy"",""score"":0.7688999999999999,""matchPct"":76.9},{""code"":""CN"",""name"":""Chiny"",""score"":0.7671,""matchPct"":76.7},{""code"":""ES"",""name"":""Hiszpania"",""score"":0.727,""matchPct"":72.7},{""code"":""JP"",""name"":""Japonia"",""score"":0.6763,""matchPct"":67.6},{""code"":""FR"",""name"":""Francja"",""score"":0.6759,""matchPct"":67.6},{""code"":""NL"",""name"":""Holandia"",""score"":0.6402,""matchPct"":64},{""code"":""GE"",""name"":""Gruzja"",""score"":0.6175,""matchPct"":61.8},{""code"":""HR"",""name"":""Chorwacja"",""score"":0.6175,""matchPct"":61.8},{""code"":""AD"",""name"":""Andora"",""score"":0.6151,""matchPct"":61.5},{""code"":""GR"",""name"":""Grecja"",""score"":0.613,""matchPct"":61.3}]",wsm,reality,aspirations,4,5,4,5,5,5,3,5,3,C,aspirations,false,,trudno_powiedziec
c10fe45d-21c6-45af-88d6-7e616b54958d,2026-05-04 17:22:35.168266+00,Kobieta,18-25 lat,Raz na kilka lat,0.05,0.31,0.02,0.3,0.2,0.12,"Grecja (78.5%), Włochy (75.6%), Hiszpania (75.5%), USA (71%), Francja (70.3%), Tajlandia (70.2%), Japonia (67.8%), Australia (67.3%), Chiny (66.6%), Indonezja (66.3%)","[{""code"":""GR"",""name"":""Grecja"",""score"":0.7849000000000002,""matchPct"":78.5},{""code"":""IT"",""name"":""Włochy"",""score"":0.7564000000000001,""matchPct"":75.6},{""code"":""ES"",""name"":""Hiszpania"",""score"":0.7546,""matchPct"":75.5},{""code"":""US"",""name"":""USA"",""score"":0.7095999999999999,""matchPct"":71},{""code"":""FR"",""name"":""Francja"",""score"":0.7025,""matchPct"":70.3},{""code"":""TH"",""name"":""Tajlandia"",""score"":0.7015,""matchPct"":70.2},{""code"":""JP"",""name"":""Japonia"",""score"":0.6783,""matchPct"":67.8},{""code"":""AU"",""name"":""Australia"",""score"":0.673,""matchPct"":67.3},{""code"":""CN"",""name"":""Chiny"",""score"":0.6656,""matchPct"":66.6},{""code"":""ID"",""name"":""Indonezja"",""score"":0.663,""matchPct"":66.3}]",wsm,reality,aspirations,2,1,3,3,1,4,1,1,1,C,aspirations,false,,trudno_powiedziec
c1391fbf-f8ae-41e8-962d-bcca32588ffb,2026-05-04 17:18:07.737444+00,Mężczyzna,18-25 lat,Częściej niż 3 razy w roku,0.1,0.25,0.2,0.2,0.14,0.11,"Włochy (75.1%), USA (73%), Chiny (72.3%), Hiszpania (67.1%), Grecja (66.5%), Francja (65.7%), Japonia (64.5%), Indie (63.1%), Tajlandia (61.2%), Australia (60.5%)","[{""code"":""IT"",""name"":""Włochy"",""score"":0.7505000000000001,""matchPct"":75.1},{""code"":""US"",""name"":""USA"",""score"":0.7304999999999999,""matchPct"":73},{""code"":""CN"",""name"":""Chiny"",""score"":0.7234000000000002,""matchPct"":72.3},{""code"":""ES"",""name"":""Hiszpania"",""score"":0.6708000000000001,""matchPct"":67.1},{""code"":""GR"",""name"":""Grecja"",""score"":0.6647000000000001,""matchPct"":66.5},{""code"":""FR"",""name"":""Francja"",""score"":0.6574,""matchPct"":65.7},{""code"":""JP"",""name"":""Japonia"",""score"":0.6451,""matchPct"":64.5},{""code"":""IN"",""name"":""Indie"",""score"":0.6305000000000001,""matchPct"":63.1},{""code"":""TH"",""name"":""Tajlandia"",""score"":0.6115999999999999,""matchPct"":61.2},{""code"":""AU"",""name"":""Australia"",""score"":0.605,""matchPct"":60.5}]",aspirations,reality,wsm,4,4,4,5,3,4,4,5,2,A,aspirations,false,Lista A zawiera najbardziej interesujące kirunki podróży a finansowo wmiarę osiągalne,tak
c1a06f75-e711-4f1d-865a-e9afade2404d,2026-05-04 17:10:18.423685+00,Kobieta,18-25 lat,Raz na kilka lat,0.1,0.05,0.1,0,0.1,0.65,"Chiny (87.2%), Słowenia (75.5%), Japonia (75.4%), Andora (74.2%), Finlandia (73.8%), Gruzja (73.5%), Chorwacja (73.2%), Singapur (72.6%), Czechy (70.9%), Holandia (70.3%)","[{""code"":""CN"",""name"":""Chiny"",""score"":0.8719999999999999,""matchPct"":87.2},{""code"":""SI"",""name"":""Słowenia"",""score"":0.7550000000000001,""matchPct"":75.5},{""code"":""JP"",""name"":""Japonia"",""score"":0.7535000000000001,""matchPct"":75.4},{""code"":""AD"",""name"":""Andora"",""score"":0.742,""matchPct"":74.2},{""code"":""FI"",""name"":""Finlandia"",""score"":0.7375,""matchPct"":73.8},{""code"":""GE"",""name"":""Gruzja"",""score"":0.7345,""matchPct"":73.5},{""code"":""HR"",""name"":""Chorwacja"",""score"":0.7320000000000001,""matchPct"":73.2},{""code"":""SG"",""name"":""Singapur"",""score"":0.7255,""matchPct"":72.6},{""code"":""CZ"",""name"":""Czechy"",""score"":0.7085,""matchPct"":70.9},{""code"":""NL"",""name"":""Holandia"",""score"":0.7025000000000001,""matchPct"":70.3}]",wsm,reality,aspirations,3,2,3,4,1,3,4,3,4,B,reality,false,,tak
c1a85fe0-190b-432c-b8f0-c2d61a1e6bbd,2026-05-04 19:52:35.490568+00,Mężczyzna,18-25 lat,Raz na kilka lat,0.25,0,0.15,0,0.3,0.3,"Chiny (80.5%), Włochy (78.7%), Hiszpania (70%), Francja (66.3%), Gruzja (65%), Indie (63.7%), Japonia (61.8%), Słowenia (61.4%), Czechy (61.2%), Holandia (60.8%)","[{""code"":""CN"",""name"":""Chiny"",""score"":0.8054999999999999,""matchPct"":80.5},{""code"":""IT"",""name"":""Włochy"",""score"":0.7869999999999999,""matchPct"":78.7},{""code"":""ES"",""name"":""Hiszpania"",""score"":0.6995,""matchPct"":70},{""code"":""FR"",""name"":""Francja"",""score"":0.663,""matchPct"":66.3},{""code"":""GE"",""name"":""Gruzja"",""score"":0.65,""matchPct"":65},{""code"":""IN"",""name"":""Indie"",""score"":0.6365000000000001,""matchPct"":63.7},{""code"":""JP"",""name"":""Japonia"",""score"":0.618,""matchPct"":61.8},{""code"":""SI"",""name"":""Słowenia"",""score"":0.6135,""matchPct"":61.4},{""code"":""CZ"",""name"":""Czechy"",""score"":0.6120000000000001,""matchPct"":61.2},{""code"":""NL"",""name"":""Holandia"",""score"":0.608,""matchPct"":60.8}]",reality,aspirations,wsm,5,2,5,4,2,5,2,4,1,C,wsm,false,,tak
c2a5491e-24d8-44cb-978a-af81e7b63aa9,2026-05-04 17:02:05.916381+00,Kobieta,Powyżej 60 lat,Raz w roku,0.3,0.05,0.1,0,0.3,0.25,"Włochy (80.4%), Chiny (76%), Hiszpania (69.7%), Francja (67.6%), Indie (63.5%), Gruzja (60.5%), Japonia (58.8%), Holandia (58.3%), Wielka Brytania (58%), Turcja (56.4%)","[{""code"":""IT"",""name"":""Włochy"",""score"":0.8035,""matchPct"":80.4},{""code"":""CN"",""name"":""Chiny"",""score"":0.76,""matchPct"":76},{""code"":""ES"",""name"":""Hiszpania"",""score"":0.697,""matchPct"":69.7},{""code"":""FR"",""name"":""Francja"",""score"":0.6759999999999999,""matchPct"":67.6},{""code"":""IN"",""name"":""Indie"",""score"":0.6345000000000001,""matchPct"":63.5},{""code"":""GE"",""name"":""Gruzja"",""score"":0.6045,""matchPct"":60.5},{""code"":""JP"",""name"":""Japonia"",""score"":0.5875,""matchPct"":58.8},{""code"":""NL"",""name"":""Holandia"",""score"":0.5825,""matchPct"":58.3},{""code"":""GB"",""name"":""Wielka Brytania"",""score"":0.5795,""matchPct"":58},{""code"":""TR"",""name"":""Turcja"",""score"":0.5640000000000001,""matchPct"":56.4}]",reality,aspirations,wsm,4,4,4,3,2,4,5,5,5,A,reality,false,"Chęć odwiedzenia Turcji , w której jeszcze nie byłam. Całe Włochy są b.atrakcyjne turystycznie.",trudno_powiedziec
c2c7446f-5a93-4f59-8641-bd2cec1f662e,2026-05-04 18:16:41.950693+00,Kobieta,18-25 lat,Raz w roku,0.3,0.05,0.25,0.1,0.1,0.2,"Chiny (79.7%), Włochy (79.4%), Francja (66%), Hiszpania (64.1%), USA (63.9%), Japonia (61.1%), Indie (60.1%), Wielka Brytania (53%), Kanada (51.2%), Gruzja (50.3%)","[{""code"":""CN"",""name"":""Chiny"",""score"":0.7974999999999999,""matchPct"":79.7},{""code"":""IT"",""name"":""Włochy"",""score"":0.7939999999999998,""matchPct"":79.4},{""code"":""FR"",""name"":""Francja"",""score"":0.6595,""matchPct"":66},{""code"":""ES"",""name"":""Hiszpania"",""score"":0.6405,""matchPct"":64.1},{""code"":""US"",""name"":""USA"",""score"":0.6385,""matchPct"":63.9},{""code"":""JP"",""name"":""Japonia"",""score"":0.6105,""matchPct"":61.1},{""code"":""IN"",""name"":""Indie"",""score"":0.6005,""matchPct"":60.1},{""code"":""GB"",""name"":""Wielka Brytania"",""score"":0.53,""matchPct"":53},{""code"":""CA"",""name"":""Kanada"",""score"":0.5115000000000001,""matchPct"":51.2},{""code"":""GE"",""name"":""Gruzja"",""score"":0.5025000000000001,""matchPct"":50.3}]",aspirations,wsm,reality,4,4,4,4,3,4,3,3,4,B,wsm,false,lista b jest dla mnie najbardziej osiągalna logistycznie i pod względem dostępności w dotarciu do danych państw,tak
c2d3cf6d-baec-45eb-90bb-55b56e2944de,2026-05-04 17:09:47.374917+00,Kobieta,18-25 lat,Raz w roku,0.09,0.05,0.05,0.21,0.3,0.3,"Hiszpania (79.2%), Chiny (78.7%), Włochy (77.2%), Andora (76.9%), Gruzja (74.9%), Holandia (74.4%), Chorwacja (74.3%), Portugalia (74.1%), Słowenia (73%), Czechy (72.9%)","[{""code"":""ES"",""name"":""Hiszpania"",""score"":0.7923,""matchPct"":79.2},{""code"":""CN"",""name"":""Chiny"",""score"":0.7868999999999999,""matchPct"":78.7},{""code"":""IT"",""name"":""Włochy"",""score"":0.7718,""matchPct"":77.2},{""code"":""AD"",""name"":""Andora"",""score"":0.7689999999999999,""matchPct"":76.9},{""code"":""GE"",""name"":""Gruzja"",""score"":0.7494,""matchPct"":74.9},{""code"":""NL"",""name"":""Holandia"",""score"":0.7438,""matchPct"":74.4},{""code"":""HR"",""name"":""Chorwacja"",""score"":0.7432000000000001,""matchPct"":74.3},{""code"":""PT"",""name"":""Portugalia"",""score"":0.7409,""matchPct"":74.1},{""code"":""SI"",""name"":""Słowenia"",""score"":0.7297,""matchPct"":73},{""code"":""CZ"",""name"":""Czechy"",""score"":0.7289,""matchPct"":72.9}]",aspirations,wsm,reality,4,5,4,1,1,2,4,3,3,B,wsm,false,"Lista A była jednocześnie za droga i kraje nie bardzo mi odpowiadały. Natomiast lista C,o ile kraje były atrakcyjne, nie przemawiała do mnie tak bardzo jak lista B.",tak
c35f1632-3f51-472c-9e0a-4d92a7e3c42a,2026-05-04 17:11:13.916411+00,Mężczyzna,18-25 lat,Raz na kilka lat,0.19,0.21,0.21,0.05,0.13,0.21,"Chiny (74.6%), Włochy (74%), USA (64.4%), Hiszpania (62.6%), Japonia (61.3%), Francja (61%), Indie (61%), Grecja (56.9%), Indonezja (53.6%), Tajlandia (53.6%)","[{""code"":""CN"",""name"":""Chiny"",""score"":0.7461,""matchPct"":74.6},{""code"":""IT"",""name"":""Włochy"",""score"":0.7398,""matchPct"":74},{""code"":""US"",""name"":""USA"",""score"":0.6444,""matchPct"":64.4},{""code"":""ES"",""name"":""Hiszpania"",""score"":0.6262,""matchPct"":62.6},{""code"":""JP"",""name"":""Japonia"",""score"":0.6127999999999999,""matchPct"":61.3},{""code"":""FR"",""name"":""Francja"",""score"":0.6102000000000001,""matchPct"":61},{""code"":""IN"",""name"":""Indie"",""score"":0.6097,""matchPct"":61},{""code"":""GR"",""name"":""Grecja"",""score"":0.5686,""matchPct"":56.9},{""code"":""ID"",""name"":""Indonezja"",""score"":0.5362,""matchPct"":53.6},{""code"":""TH"",""name"":""Tajlandia"",""score"":0.5355,""matchPct"":53.6}]",reality,aspirations,wsm,4,2,4,2,2,1,3,2,2,C,wsm,false,,tak
c46063be-85dd-4f8f-90ee-105646a92796,2026-05-04 18:20:27.025973+00,Mężczyzna,18-25 lat,2-3 razy w roku,0.05,0.2,0.3,0.3,0.1,0.05,"USA (82.1%), Chiny (76.3%), Włochy (76%), Francja (68.1%), Japonia (67.5%), Hiszpania (67.5%), Grecja (66.8%), Indie (63.9%), Australia (63.8%), Kanada (61.9%)","[{""code"":""US"",""name"":""USA"",""score"":0.8214999999999999,""matchPct"":82.1},{""code"":""CN"",""name"":""Chiny"",""score"":0.7629999999999999,""matchPct"":76.3},{""code"":""IT"",""name"":""Włochy"",""score"":0.7595,""matchPct"":76},{""code"":""FR"",""name"":""Francja"",""score"":0.6805,""matchPct"":68.1},{""code"":""JP"",""name"":""Japonia"",""score"":0.675,""matchPct"":67.5},{""code"":""ES"",""name"":""Hiszpania"",""score"":0.6749999999999999,""matchPct"":67.5},{""code"":""GR"",""name"":""Grecja"",""score"":0.6679999999999999,""matchPct"":66.8},{""code"":""IN"",""name"":""Indie"",""score"":0.6385,""matchPct"":63.9},{""code"":""AU"",""name"":""Australia"",""score"":0.638,""matchPct"":63.8},{""code"":""CA"",""name"":""Kanada"",""score"":0.6194999999999999,""matchPct"":61.9}]",reality,wsm,aspirations,3,2,4,4,2,5,2,4,3,C,aspirations,false,,trudno_powiedziec
c5c794ff-2e0e-4f0c-bbc4-e1d4d37327d3,2026-05-04 18:07:13.446891+00,Mężczyzna,18-25 lat,Raz w roku,0.07,0,0.06,0.15,0.42,0.3,"Andora (82%), Gruzja (81.2%), Hiszpania (80.9%), Chiny (80.3%), Czechy (78.9%), Chorwacja (78.8%), Portugalia (78.6%), Włochy (78%), Słowenia (77.6%), Finlandia (77.5%)","[{""code"":""AD"",""name"":""Andora"",""score"":0.8196999999999999,""matchPct"":82},{""code"":""GE"",""name"":""Gruzja"",""score"":0.8122999999999999,""matchPct"":81.2},{""code"":""ES"",""name"":""Hiszpania"",""score"":0.8089999999999999,""matchPct"":80.9},{""code"":""CN"",""name"":""Chiny"",""score"":0.8028,""matchPct"":80.3},{""code"":""CZ"",""name"":""Czechy"",""score"":0.789,""matchPct"":78.9},{""code"":""HR"",""name"":""Chorwacja"",""score"":0.7876,""matchPct"":78.8},{""code"":""PT"",""name"":""Portugalia"",""score"":0.7864,""matchPct"":78.6},{""code"":""IT"",""name"":""Włochy"",""score"":0.7804,""matchPct"":78},{""code"":""SI"",""name"":""Słowenia"",""score"":0.7764,""matchPct"":77.6},{""code"":""FI"",""name"":""Finlandia"",""score"":0.7747999999999999,""matchPct"":77.5}]",reality,wsm,aspirations,2,1,5,4,2,1,2,4,5,A,reality,false,,trudno_powiedziec
c6bf18a0-62fd-4b17-a74f-8f6f79bfab2d,2026-05-04 19:34:45.157023+00,Kobieta,26-35 lat,Raz na kilka lat,0.2,0.05,0.15,0.1,0.3,0.2,"Włochy (79.8%), Chiny (77.7%), Hiszpania (72%), Francja (69.6%), Indie (65.2%), Gruzja (64.3%), Japonia (62.7%), Wielka Brytania (61.2%), USA (61.1%), Grecja (61%)","[{""code"":""IT"",""name"":""Włochy"",""score"":0.798,""matchPct"":79.8},{""code"":""CN"",""name"":""Chiny"",""score"":0.7765,""matchPct"":77.7},{""code"":""ES"",""name"":""Hiszpania"",""score"":0.7195,""matchPct"":72},{""code"":""FR"",""name"":""Francja"",""score"":0.6955,""matchPct"":69.6},{""code"":""IN"",""name"":""Indie"",""score"":0.6515,""matchPct"":65.2},{""code"":""GE"",""name"":""Gruzja"",""score"":0.6425,""matchPct"":64.3},{""code"":""JP"",""name"":""Japonia"",""score"":0.6265000000000001,""matchPct"":62.7},{""code"":""GB"",""name"":""Wielka Brytania"",""score"":0.612,""matchPct"":61.2},{""code"":""US"",""name"":""USA"",""score"":0.6114999999999999,""matchPct"":61.1},{""code"":""GR"",""name"":""Grecja"",""score"":0.6104999999999999,""matchPct"":61}]",reality,wsm,aspirations,3,3,4,4,2,4,3,4,3,C,aspirations,false,"Lista C jest dla mnie najbardziej interesująca pod kątem  zainteresowania. Mimo, że pozostałe są bardziej korzyste finansowo to jednak c jest dla mnie najbardziej ciekawa.",tak
c6e4f188-cea4-4181-9b99-3931d6adde19,2026-05-04 17:48:33.428808+00,Nie chcę podawać,18-25 lat,2-3 razy w roku,0.2,0.1,0.1,0.2,0.25,0.15,"Włochy (80.9%), Chiny (74.1%), Hiszpania (74%), Francja (72.3%), Grecja (65.4%), Indie (64.3%), USA (64.2%), Japonia (63.8%), Wielka Brytania (62.6%), Turcja (61.7%)","[{""code"":""IT"",""name"":""Włochy"",""score"":0.809,""matchPct"":80.9},{""code"":""CN"",""name"":""Chiny"",""score"":0.741,""matchPct"":74.1},{""code"":""ES"",""name"":""Hiszpania"",""score"":0.7395,""matchPct"":74},{""code"":""FR"",""name"":""Francja"",""score"":0.723,""matchPct"":72.3},{""code"":""GR"",""name"":""Grecja"",""score"":0.654,""matchPct"":65.4},{""code"":""IN"",""name"":""Indie"",""score"":0.6425,""matchPct"":64.3},{""code"":""US"",""name"":""USA"",""score"":0.6415000000000001,""matchPct"":64.2},{""code"":""JP"",""name"":""Japonia"",""score"":0.6375,""matchPct"":63.8},{""code"":""GB"",""name"":""Wielka Brytania"",""score"":0.6255000000000001,""matchPct"":62.6},{""code"":""TR"",""name"":""Turcja"",""score"":0.6165,""matchPct"":61.7}]",wsm,aspirations,reality,3,2,4,2,2,4,4,3,4,C,reality,false,"Choć byłoby warto zwiedzić kraje te, które są bardziej ""egzotyczne"" takie jak: Japonia, Chiny, Peru, Brazylia tak dobrze wiem że aktualnie moje finanse raczej tego nie zniosą i optymalną opcją są kraje w Europie lub blisko Europy. Oczywiście też nie wykluczam krajów z tego rejonu tylko chcę dodać, że wiele państw z wielu rejonów na świecie jest wartych odwiedzenia.",tak
c7225f59-af72-489b-8140-36e4353567e8,2026-05-04 17:11:38.092286+00,Kobieta,18-25 lat,Raz na kilka lat,0,0.3,0,0,0.3,0.4,"Gruzja (73.2%), Chorwacja (72.9%), Grecja (71.7%), Chiny (71.6%), Hiszpania (71.5%), Słowenia (70.5%), Tajlandia (69.2%), Japonia (68.2%), Wietnam (68%), Indonezja (67.9%)","[{""code"":""GE"",""name"":""Gruzja"",""score"":0.732,""matchPct"":73.2},{""code"":""HR"",""name"":""Chorwacja"",""score"":0.7290000000000001,""matchPct"":72.9},{""code"":""GR"",""name"":""Grecja"",""score"":0.7170000000000001,""matchPct"":71.7},{""code"":""CN"",""name"":""Chiny"",""score"":0.716,""matchPct"":71.6},{""code"":""ES"",""name"":""Hiszpania"",""score"":0.7150000000000001,""matchPct"":71.5},{""code"":""SI"",""name"":""Słowenia"",""score"":0.7050000000000001,""matchPct"":70.5},{""code"":""TH"",""name"":""Tajlandia"",""score"":0.692,""matchPct"":69.2},{""code"":""JP"",""name"":""Japonia"",""score"":0.6819999999999999,""matchPct"":68.2},{""code"":""VN"",""name"":""Wietnam"",""score"":0.6799999999999999,""matchPct"":68},{""code"":""ID"",""name"":""Indonezja"",""score"":0.6789999999999999,""matchPct"":67.9}]",wsm,aspirations,reality,3,2,2,2,1,2,2,2,2,C,reality,false,,trudno_powiedziec
c81d4eeb-d154-4638-8933-365468665c03,2026-05-04 19:08:07.104998+00,Mężczyzna,18-25 lat,Raz w roku,0.05,0.2,0.1,0.15,0.3,0.2,"Włochy (74.7%), Hiszpania (73.5%), Chiny (73.2%), Grecja (71.8%), Gruzja (68.4%), Chorwacja (67.1%), Francja (67.1%), Japonia (66.5%), USA (66.1%), Turcja (65.9%)","[{""code"":""IT"",""name"":""Włochy"",""score"":0.747,""matchPct"":74.7},{""code"":""ES"",""name"":""Hiszpania"",""score"":0.735,""matchPct"":73.5},{""code"":""CN"",""name"":""Chiny"",""score"":0.732,""matchPct"":73.2},{""code"":""GR"",""name"":""Grecja"",""score"":0.7175,""matchPct"":71.8},{""code"":""GE"",""name"":""Gruzja"",""score"":0.6835000000000001,""matchPct"":68.4},{""code"":""HR"",""name"":""Chorwacja"",""score"":0.671,""matchPct"":67.1},{""code"":""FR"",""name"":""Francja"",""score"":0.6705,""matchPct"":67.1},{""code"":""JP"",""name"":""Japonia"",""score"":0.665,""matchPct"":66.5},{""code"":""US"",""name"":""USA"",""score"":0.661,""matchPct"":66.1},{""code"":""TR"",""name"":""Turcja"",""score"":0.6585,""matchPct"":65.9}]",aspirations,wsm,reality,5,5,5,3,2,5,5,5,4,B,wsm,false,,tak
c92aafee-be0a-41b0-b8ff-b203168e460d,2026-05-04 17:07:35.023226+00,Kobieta,18-25 lat,Raz w roku,0.2,0.2,0.2,0.1,0.1,0.2,"Włochy (74.9%), Chiny (74.6%), USA (65.8%), Hiszpania (63.7%), Francja (62.6%), Japonia (62.3%), Indie (60.3%), Grecja (57.3%), Australia (53.4%), Tajlandia (53.3%)","[{""code"":""IT"",""name"":""Włochy"",""score"":0.7489999999999999,""matchPct"":74.9},{""code"":""CN"",""name"":""Chiny"",""score"":0.746,""matchPct"":74.6},{""code"":""US"",""name"":""USA"",""score"":0.658,""matchPct"":65.8},{""code"":""ES"",""name"":""Hiszpania"",""score"":0.637,""matchPct"":63.7},{""code"":""FR"",""name"":""Francja"",""score"":0.6259999999999999,""matchPct"":62.6},{""code"":""JP"",""name"":""Japonia"",""score"":0.623,""matchPct"":62.3},{""code"":""IN"",""name"":""Indie"",""score"":0.603,""matchPct"":60.3},{""code"":""GR"",""name"":""Grecja"",""score"":0.5730000000000001,""matchPct"":57.3},{""code"":""AU"",""name"":""Australia"",""score"":0.534,""matchPct"":53.4},{""code"":""TH"",""name"":""Tajlandia"",""score"":0.533,""matchPct"":53.3}]",aspirations,reality,wsm,5,2,5,2,1,4,4,3,4,C,wsm,false,najwiecej interesujacych mnie kierunkow podrozy,tak
c9c876a3-d040-49a0-a034-41ece8fd6921,2026-05-04 19:38:41.70057+00,Kobieta,18-25 lat,Raz w roku,0.25,0.1,0.15,0,0.3,0.2,"Włochy (79%), Chiny (75.2%), Hiszpania (67.8%), Francja (66.3%), Indie (64.6%), Gruzja (59.3%), Japonia (58.3%), Grecja (57.6%), Turcja (57.2%), USA (56.9%)","[{""code"":""IT"",""name"":""Włochy"",""score"":0.7899999999999999,""matchPct"":79},{""code"":""CN"",""name"":""Chiny"",""score"":0.7515000000000001,""matchPct"":75.2},{""code"":""ES"",""name"":""Hiszpania"",""score"":0.6775000000000001,""matchPct"":67.8},{""code"":""FR"",""name"":""Francja"",""score"":0.6629999999999999,""matchPct"":66.3},{""code"":""IN"",""name"":""Indie"",""score"":0.6455,""matchPct"":64.6},{""code"":""GE"",""name"":""Gruzja"",""score"":0.593,""matchPct"":59.3},{""code"":""JP"",""name"":""Japonia"",""score"":0.5830000000000001,""matchPct"":58.3},{""code"":""GR"",""name"":""Grecja"",""score"":0.576,""matchPct"":57.6},{""code"":""TR"",""name"":""Turcja"",""score"":0.5720000000000001,""matchPct"":57.2},{""code"":""US"",""name"":""USA"",""score"":0.5685,""matchPct"":56.9}]",wsm,aspirations,reality,3,3,4,2,2,3,3,4,4,A,wsm,false,,tak
ca06cf9c-3091-4e17-8630-9a766d04ee15,2026-05-01 20:02:27.90612+00,Kobieta,18-25 lat,2-3 razy w roku,0,0,0.5,0,0.25,0.25,"Chiny (91.5%), USA (75.3%), Kanada (72.5%), Włochy (71%), Słowenia (69.3%), Gruzja (68.8%), Japonia (67.3%), Finlandia (67.3%), Indie (66.8%), Chorwacja (61.8%)","[{""code"":""CN"",""name"":""Chiny"",""score"":0.915,""matchPct"":91.5},{""code"":""US"",""name"":""USA"",""score"":0.7525,""matchPct"":75.3},{""code"":""CA"",""name"":""Kanada"",""score"":0.725,""matchPct"":72.5},{""code"":""IT"",""name"":""Włochy"",""score"":0.71,""matchPct"":71},{""code"":""SI"",""name"":""Słowenia"",""score"":0.6925,""matchPct"":69.3},{""code"":""GE"",""name"":""Gruzja"",""score"":0.6875,""matchPct"":68.8},{""code"":""JP"",""name"":""Japonia"",""score"":0.6725,""matchPct"":67.3},{""code"":""FI"",""name"":""Finlandia"",""score"":0.6725,""matchPct"":67.3},{""code"":""IN"",""name"":""Indie"",""score"":0.6675,""matchPct"":66.8},{""code"":""HR"",""name"":""Chorwacja"",""score"":0.6175,""matchPct"":61.8}]",aspirations,reality,wsm,5,3,5,4,3,4,5,5,5,C,wsm,false,,tak
ca2c3da9-0887-4319-95ab-2444d1b0aa4e,2026-05-02 11:47:07.849797+00,Mężczyzna,18-25 lat,Raz w roku,0.2,0.23,0.15,0.22,0.05,0.15,"Włochy (76.6%), Chiny (71.8%), USA (69.3%), Hiszpania (66.6%), Francja (66.3%), Japonia (64.1%), Grecja (61.8%), Indie (59.5%), Australia (58.7%), Tajlandia (56.1%)","[{""code"":""IT"",""name"":""Włochy"",""score"":0.7656000000000001,""matchPct"":76.6},{""code"":""CN"",""name"":""Chiny"",""score"":0.7176999999999999,""matchPct"":71.8},{""code"":""US"",""name"":""USA"",""score"":0.6932,""matchPct"":69.3},{""code"":""ES"",""name"":""Hiszpania"",""score"":0.6662000000000001,""matchPct"":66.6},{""code"":""FR"",""name"":""Francja"",""score"":0.6631,""matchPct"":66.3},{""code"":""JP"",""name"":""Japonia"",""score"":0.641,""matchPct"":64.1},{""code"":""GR"",""name"":""Grecja"",""score"":0.6181,""matchPct"":61.8},{""code"":""IN"",""name"":""Indie"",""score"":0.5945999999999999,""matchPct"":59.5},{""code"":""AU"",""name"":""Australia"",""score"":0.5873,""matchPct"":58.7},{""code"":""TH"",""name"":""Tajlandia"",""score"":0.5605,""matchPct"":56.1}]",reality,wsm,aspirations,4,3,4,5,2,5,2,5,3,C,aspirations,false,"Lista C jest dla mnie zdecydowanie ciekawsza, mimo dużo większych kosztów wolę poświęcić więcej czasu na odkładanie i zwiedzenie czegoś ciekawszego niż pójście na kompromis.",tak
cae28d84-4cde-40fe-a26e-cb21598b1718,2026-05-01 21:46:07.675792+00,Kobieta,26-35 lat,Raz na kilka lat,0,0.25,0.25,0,0.25,0.25,"Chiny (76.8%), Włochy (68.5%), USA (68%), Indonezja (65.5%), Indie (65%), Gruzja (65%), Japonia (65%), Grecja (64.3%), Hiszpania (64%), Słowenia (63.5%)","[{""code"":""CN"",""name"":""Chiny"",""score"":0.7675000000000001,""matchPct"":76.8},{""code"":""IT"",""name"":""Włochy"",""score"":0.6849999999999999,""matchPct"":68.5},{""code"":""US"",""name"":""USA"",""score"":0.6799999999999999,""matchPct"":68},{""code"":""ID"",""name"":""Indonezja"",""score"":0.655,""matchPct"":65.5},{""code"":""IN"",""name"":""Indie"",""score"":0.65,""matchPct"":65},{""code"":""GE"",""name"":""Gruzja"",""score"":0.65,""matchPct"":65},{""code"":""JP"",""name"":""Japonia"",""score"":0.6499999999999999,""matchPct"":65},{""code"":""GR"",""name"":""Grecja"",""score"":0.6425000000000001,""matchPct"":64.3},{""code"":""ES"",""name"":""Hiszpania"",""score"":0.64,""matchPct"":64},{""code"":""SI"",""name"":""Słowenia"",""score"":0.635,""matchPct"":63.5}]",wsm,aspirations,reality,2,2,2,4,3,4,3,3,2,B,aspirations,false,,tak
cb5bd153-c16a-4f0b-9402-f6adb583a7ad,2026-05-04 18:42:55.189246+00,Kobieta,18-25 lat,Raz na kilka lat,0,0,0.2,0.3,0.4,0.1,"Chiny (81%), Włochy (80.9%), Hiszpania (80.8%), Andora (79.4%), Gruzja (77.9%), Francja (76.8%), Portugalia (76.1%), Austria (75.8%), Finlandia (75.5%), Słowenia (75.4%)","[{""code"":""CN"",""name"":""Chiny"",""score"":0.8099999999999999,""matchPct"":81},{""code"":""IT"",""name"":""Włochy"",""score"":0.8089999999999999,""matchPct"":80.9},{""code"":""ES"",""name"":""Hiszpania"",""score"":0.808,""matchPct"":80.8},{""code"":""AD"",""name"":""Andora"",""score"":0.7939999999999999,""matchPct"":79.4},{""code"":""GE"",""name"":""Gruzja"",""score"":0.7789999999999999,""matchPct"":77.9},{""code"":""FR"",""name"":""Francja"",""score"":0.7680000000000001,""matchPct"":76.8},{""code"":""PT"",""name"":""Portugalia"",""score"":0.761,""matchPct"":76.1},{""code"":""AT"",""name"":""Austria"",""score"":0.7580000000000001,""matchPct"":75.8},{""code"":""FI"",""name"":""Finlandia"",""score"":0.755,""matchPct"":75.5},{""code"":""SI"",""name"":""Słowenia"",""score"":0.754,""matchPct"":75.4}]",reality,wsm,aspirations,3,3,2,1,1,1,2,2,1,B,wsm,false,,tak
cbd8bf44-5901-46d4-b334-787b4411db8c,2026-05-04 18:46:20.380182+00,Mężczyzna,26-35 lat,Częściej niż 3 razy w roku,0.25,0.25,0,0.25,0,0.25,"Włochy (76.3%), Hiszpania (70%), Chiny (69%), Francja (66.8%), Japonia (66.3%), Grecja (63%), USA (62.8%), Australia (60.5%), Singapur (59.5%), Holandia (56.8%)","[{""code"":""IT"",""name"":""Włochy"",""score"":0.7625,""matchPct"":76.3},{""code"":""ES"",""name"":""Hiszpania"",""score"":0.7000000000000001,""matchPct"":70},{""code"":""CN"",""name"":""Chiny"",""score"":0.69,""matchPct"":69},{""code"":""FR"",""name"":""Francja"",""score"":0.6675,""matchPct"":66.8},{""code"":""JP"",""name"":""Japonia"",""score"":0.6625,""matchPct"":66.3},{""code"":""GR"",""name"":""Grecja"",""score"":0.6299999999999999,""matchPct"":63},{""code"":""US"",""name"":""USA"",""score"":0.6275,""matchPct"":62.8},{""code"":""AU"",""name"":""Australia"",""score"":0.605,""matchPct"":60.5},{""code"":""SG"",""name"":""Singapur"",""score"":0.595,""matchPct"":59.5},{""code"":""NL"",""name"":""Holandia"",""score"":0.5675,""matchPct"":56.8}]",reality,aspirations,wsm,3,5,3,5,5,5,2,5,2,B,aspirations,false,"Ponieważ Europe już cała zwiedziłem, dlatego najlepsza, opcja jest b",nie
cc307b42-7ddf-4818-9248-1df94cfefec6,2026-05-04 17:15:07.299573+00,Kobieta,18-25 lat,Częściej niż 3 razy w roku,0.15,0,0.2,0.25,0.1,0.3,"Chiny (84.3%), Włochy (76.8%), Hiszpania (72.4%), Japonia (71.9%), USA (69.3%), Francja (68.3%), Andora (67.6%), Finlandia (65.8%), Słowenia (65.5%), Austria (64.9%)","[{""code"":""CN"",""name"":""Chiny"",""score"":0.843,""matchPct"":84.3},{""code"":""IT"",""name"":""Włochy"",""score"":0.768,""matchPct"":76.8},{""code"":""ES"",""name"":""Hiszpania"",""score"":0.724,""matchPct"":72.4},{""code"":""JP"",""name"":""Japonia"",""score"":0.7190000000000001,""matchPct"":71.9},{""code"":""US"",""name"":""USA"",""score"":0.6930000000000001,""matchPct"":69.3},{""code"":""FR"",""name"":""Francja"",""score"":0.6825,""matchPct"":68.3},{""code"":""AD"",""name"":""Andora"",""score"":0.6755,""matchPct"":67.6},{""code"":""FI"",""name"":""Finlandia"",""score"":0.6580000000000001,""matchPct"":65.8},{""code"":""SI"",""name"":""Słowenia"",""score"":0.655,""matchPct"":65.5},{""code"":""AT"",""name"":""Austria"",""score"":0.649,""matchPct"":64.9}]",wsm,aspirations,reality,2,4,3,3,4,4,1,5,1,B,aspirations,false,,trudno_powiedziec
cd616474-5eec-4089-be22-5dc92427bf3c,2026-05-04 17:12:23.338608+00,Kobieta,18-25 lat,Raz na kilka lat,0.02,0.08,0.09,0.21,0.28,0.32,"Chiny (80%), Andora (78.2%), Hiszpania (78%), Gruzja (76.7%), Chorwacja (76.2%), Słowenia (75.8%), Portugalia (74.8%), Finlandia (74.3%), Włochy (74.2%), Japonia (73.1%)","[{""code"":""CN"",""name"":""Chiny"",""score"":0.7999,""matchPct"":80},{""code"":""AD"",""name"":""Andora"",""score"":0.7815,""matchPct"":78.2},{""code"":""ES"",""name"":""Hiszpania"",""score"":0.7797000000000001,""matchPct"":78},{""code"":""GE"",""name"":""Gruzja"",""score"":0.7665,""matchPct"":76.7},{""code"":""HR"",""name"":""Chorwacja"",""score"":0.7623000000000001,""matchPct"":76.2},{""code"":""SI"",""name"":""Słowenia"",""score"":0.7575000000000001,""matchPct"":75.8},{""code"":""PT"",""name"":""Portugalia"",""score"":0.7481,""matchPct"":74.8},{""code"":""FI"",""name"":""Finlandia"",""score"":0.7432,""matchPct"":74.3},{""code"":""IT"",""name"":""Włochy"",""score"":0.7418,""matchPct"":74.2},{""code"":""JP"",""name"":""Japonia"",""score"":0.7314,""matchPct"":73.1}]",aspirations,wsm,reality,4,3,4,2,2,2,5,5,5,C,reality,false,,tak
cdad0cc5-56b4-4722-afe3-358595ba236f,2026-05-04 17:57:36.509123+00,Mężczyzna,18-25 lat,Raz na kilka lat,0.15,0.2,0.2,0.15,0.2,0.1,"Włochy (77.3%), Chiny (72.9%), USA (69.3%), Hiszpania (67.3%), Francja (67.1%), Indie (64.3%), Grecja (64.2%), Japonia (61.8%), Turcja (58.8%), Tajlandia (57.6%)","[{""code"":""IT"",""name"":""Włochy"",""score"":0.7730000000000001,""matchPct"":77.3},{""code"":""CN"",""name"":""Chiny"",""score"":0.729,""matchPct"":72.9},{""code"":""US"",""name"":""USA"",""score"":0.6930000000000001,""matchPct"":69.3},{""code"":""ES"",""name"":""Hiszpania"",""score"":0.673,""matchPct"":67.3},{""code"":""FR"",""name"":""Francja"",""score"":0.6705000000000001,""matchPct"":67.1},{""code"":""IN"",""name"":""Indie"",""score"":0.6425000000000001,""matchPct"":64.3},{""code"":""GR"",""name"":""Grecja"",""score"":0.6415000000000001,""matchPct"":64.2},{""code"":""JP"",""name"":""Japonia"",""score"":0.618,""matchPct"":61.8},{""code"":""TR"",""name"":""Turcja"",""score"":0.5875000000000001,""matchPct"":58.8},{""code"":""TH"",""name"":""Tajlandia"",""score"":0.5760000000000001,""matchPct"":57.6}]",aspirations,wsm,reality,4,3,4,4,2,5,3,3,4,C,reality,false,Lista ma najwięcej krajów osiągalnych finansowo plus wpasowujących się w gusta pogodowe,tak
cf21d3f8-2f3f-419d-8dcc-03a943202977,2026-05-04 19:30:58.680866+00,Mężczyzna,26-35 lat,Raz na kilka lat,0.1,0.05,0.4,0.1,0.25,0.1,"Chiny (83.3%), Włochy (77.3%), USA (74.7%), Indie (67.1%), Francja (65.9%), Kanada (64.8%), Hiszpania (64.8%), Japonia (62.9%), Gruzja (60.8%), Turcja (59.9%)","[{""code"":""CN"",""name"":""Chiny"",""score"":0.833,""matchPct"":83.3},{""code"":""IT"",""name"":""Włochy"",""score"":0.7725,""matchPct"":77.3},{""code"":""US"",""name"":""USA"",""score"":0.7470000000000001,""matchPct"":74.7},{""code"":""IN"",""name"":""Indie"",""score"":0.671,""matchPct"":67.1},{""code"":""FR"",""name"":""Francja"",""score"":0.659,""matchPct"":65.9},{""code"":""CA"",""name"":""Kanada"",""score"":0.6480000000000001,""matchPct"":64.8},{""code"":""ES"",""name"":""Hiszpania"",""score"":0.6475,""matchPct"":64.8},{""code"":""JP"",""name"":""Japonia"",""score"":0.629,""matchPct"":62.9},{""code"":""GE"",""name"":""Gruzja"",""score"":0.608,""matchPct"":60.8},{""code"":""TR"",""name"":""Turcja"",""score"":0.5985000000000001,""matchPct"":59.9}]",aspirations,reality,wsm,4,2,3,2,1,4,3,4,5,B,reality,false,To są kierunki które mieszczą  się w moim budżecie.,tak
cfad5d85-54e3-47a1-b894-1ba72289cda3,2026-05-04 20:35:18.363612+00,Mężczyzna,26-35 lat,Częściej niż 3 razy w roku,0.23,0.29,0.14,0.2,0.05,0.09,"Włochy (77.3%), USA (68.8%), Chiny (67.9%), Francja (66.2%), Hiszpania (64.7%), Grecja (62.4%), Japonia (60.7%), Indie (59.7%), Australia (58.4%), Tajlandia (56.4%)","[{""code"":""IT"",""name"":""Włochy"",""score"":0.7728,""matchPct"":77.3},{""code"":""US"",""name"":""USA"",""score"":0.6875000000000001,""matchPct"":68.8},{""code"":""CN"",""name"":""Chiny"",""score"":0.6788000000000001,""matchPct"":67.9},{""code"":""FR"",""name"":""Francja"",""score"":0.6623,""matchPct"":66.2},{""code"":""ES"",""name"":""Hiszpania"",""score"":0.6471,""matchPct"":64.7},{""code"":""GR"",""name"":""Grecja"",""score"":0.6238999999999999,""matchPct"":62.4},{""code"":""JP"",""name"":""Japonia"",""score"":0.607,""matchPct"":60.7},{""code"":""IN"",""name"":""Indie"",""score"":0.5969,""matchPct"":59.7},{""code"":""AU"",""name"":""Australia"",""score"":0.5838000000000001,""matchPct"":58.4},{""code"":""TH"",""name"":""Tajlandia"",""score"":0.5641,""matchPct"":56.4}]",wsm,reality,aspirations,4,4,2,4,4,3,4,5,3,B,reality,false,,tak
d06b94cb-99be-487c-8815-f1e8c69f2ab9,2026-05-04 20:02:48.271435+00,Kobieta,18-25 lat,Raz w roku,0.05,0.43,0.15,0,0.13,0.24,"Chiny (67.8%), Tajlandia (66.3%), Włochy (66.3%), Grecja (65.8%), USA (65.5%), Indonezja (65.5%), Japonia (62.4%), Australia (62.1%), Filipiny (61.7%), Indie (61%)","[{""code"":""CN"",""name"":""Chiny"",""score"":0.6780999999999999,""matchPct"":67.8},{""code"":""TH"",""name"":""Tajlandia"",""score"":0.6632,""matchPct"":66.3},{""code"":""IT"",""name"":""Włochy"",""score"":0.6629,""matchPct"":66.3},{""code"":""GR"",""name"":""Grecja"",""score"":0.6577,""matchPct"":65.8},{""code"":""US"",""name"":""USA"",""score"":0.6553000000000001,""matchPct"":65.5},{""code"":""ID"",""name"":""Indonezja"",""score"":0.6549,""matchPct"":65.5},{""code"":""JP"",""name"":""Japonia"",""score"":0.6242,""matchPct"":62.4},{""code"":""AU"",""name"":""Australia"",""score"":0.6211,""matchPct"":62.1},{""code"":""PH"",""name"":""Filipiny"",""score"":0.6171,""matchPct"":61.7},{""code"":""IN"",""name"":""Indie"",""score"":0.6096999999999999,""matchPct"":61}]",reality,aspirations,wsm,2,3,2,5,3,3,4,3,4,B,aspirations,false,,tak
d1951dc2-1576-425a-a088-2f1fad6eac55,2026-05-04 17:06:54.007931+00,Mężczyzna,18-25 lat,Raz na kilka lat,1,0,0,0,0,0,"Włochy (100%), Francja (78%), Chiny (63%), Hiszpania (59%), Indie (53%), Wielka Brytania (50%), USA (36%), Meksyk (36%), Japonia (36%), Holandia (35%)","[{""code"":""IT"",""name"":""Włochy"",""score"":1,""matchPct"":100},{""code"":""FR"",""name"":""Francja"",""score"":0.78,""matchPct"":78},{""code"":""CN"",""name"":""Chiny"",""score"":0.63,""matchPct"":63},{""code"":""ES"",""name"":""Hiszpania"",""score"":0.59,""matchPct"":59},{""code"":""IN"",""name"":""Indie"",""score"":0.53,""matchPct"":53},{""code"":""GB"",""name"":""Wielka Brytania"",""score"":0.5,""matchPct"":50},{""code"":""US"",""name"":""USA"",""score"":0.36,""matchPct"":36},{""code"":""MX"",""name"":""Meksyk"",""score"":0.36,""matchPct"":36},{""code"":""JP"",""name"":""Japonia"",""score"":0.36,""matchPct"":36},{""code"":""NL"",""name"":""Holandia"",""score"":0.35,""matchPct"":35}]",wsm,aspirations,reality,1,1,1,1,1,1,1,1,1,A,wsm,false,,tak
d2fc24d3-ec79-48cb-be32-223a9576d061,2026-05-04 18:09:04.180479+00,Kobieta,18-25 lat,Raz na kilka lat,0,0.89,0.05,0.01,0,0.05,"Tajlandia (82.1%), Australia (78.3%), Grecja (78.2%), Filipiny (76.9%), Indonezja (76.6%), Meksyk (73.5%), USA (70.7%), Malezja (64%), Brazylia (61.8%), Republika Dominikany (60.9%)","[{""code"":""TH"",""name"":""Tajlandia"",""score"":0.821,""matchPct"":82.1},{""code"":""AU"",""name"":""Australia"",""score"":0.7829,""matchPct"":78.3},{""code"":""GR"",""name"":""Grecja"",""score"":0.7817999999999999,""matchPct"":78.2},{""code"":""PH"",""name"":""Filipiny"",""score"":0.7693000000000001,""matchPct"":76.9},{""code"":""ID"",""name"":""Indonezja"",""score"":0.7661,""matchPct"":76.6},{""code"":""MX"",""name"":""Meksyk"",""score"":0.735,""matchPct"":73.5},{""code"":""US"",""name"":""USA"",""score"":0.7066,""matchPct"":70.7},{""code"":""MY"",""name"":""Malezja"",""score"":0.6396999999999999,""matchPct"":64},{""code"":""BR"",""name"":""Brazylia"",""score"":0.6176999999999999,""matchPct"":61.8},{""code"":""DO"",""name"":""Republika Dominikany"",""score"":0.6088,""matchPct"":60.9}]",reality,wsm,aspirations,3,3,2,2,3,1,1,4,1,C,aspirations,false,,nie
d41c18c1-267f-4495-a68f-8c7ba021cd04,2026-05-04 17:12:37.421862+00,Mężczyzna,36-45 lat,Raz na kilka lat,0.4,0.1,0,0.2,0.1,0.2,"Włochy (83.7%), Francja (72.6%), Hiszpania (71.7%), Chiny (70.8%), Japonia (60.6%), Holandia (59.4%), Wielka Brytania (59%), Indie (58%), Grecja (56.9%), USA (55.8%)","[{""code"":""IT"",""name"":""Włochy"",""score"":0.837,""matchPct"":83.7},{""code"":""FR"",""name"":""Francja"",""score"":0.726,""matchPct"":72.6},{""code"":""ES"",""name"":""Hiszpania"",""score"":0.717,""matchPct"":71.7},{""code"":""CN"",""name"":""Chiny"",""score"":0.708,""matchPct"":70.8},{""code"":""JP"",""name"":""Japonia"",""score"":0.606,""matchPct"":60.6},{""code"":""NL"",""name"":""Holandia"",""score"":0.5940000000000001,""matchPct"":59.4},{""code"":""GB"",""name"":""Wielka Brytania"",""score"":0.5900000000000001,""matchPct"":59},{""code"":""IN"",""name"":""Indie"",""score"":0.5800000000000001,""matchPct"":58},{""code"":""GR"",""name"":""Grecja"",""score"":0.5690000000000001,""matchPct"":56.9},{""code"":""US"",""name"":""USA"",""score"":0.5579999999999999,""matchPct"":55.8}]",aspirations,wsm,reality,3,4,3,2,3,2,5,4,4,C,reality,false,,tak
d484ae47-6c1b-4641-8491-e9f1b9d71cd2,2026-05-04 17:07:15.175328+00,Mężczyzna,18-25 lat,Raz na kilka lat,0.5,0.02,0.03,0.2,0.1,0.15,"Włochy (88.2%), Francja (75.9%), Chiny (72.1%), Hiszpania (71.1%), Wielka Brytania (61%), Indie (58.1%), Holandia (57.9%), Japonia (57.4%), USA (54.3%), Grecja (51.7%)","[{""code"":""IT"",""name"":""Włochy"",""score"":0.8815000000000001,""matchPct"":88.2},{""code"":""FR"",""name"":""Francja"",""score"":0.7585,""matchPct"":75.9},{""code"":""CN"",""name"":""Chiny"",""score"":0.7206999999999999,""matchPct"":72.1},{""code"":""ES"",""name"":""Hiszpania"",""score"":0.7113,""matchPct"":71.1},{""code"":""GB"",""name"":""Wielka Brytania"",""score"":0.6099,""matchPct"":61},{""code"":""IN"",""name"":""Indie"",""score"":0.5805999999999999,""matchPct"":58.1},{""code"":""NL"",""name"":""Holandia"",""score"":0.5789,""matchPct"":57.9},{""code"":""JP"",""name"":""Japonia"",""score"":0.5742,""matchPct"":57.4},{""code"":""US"",""name"":""USA"",""score"":0.5432,""matchPct"":54.3},{""code"":""GR"",""name"":""Grecja"",""score"":0.5174,""matchPct"":51.7}]",wsm,reality,aspirations,3,4,2,4,2,4,4,4,2,C,aspirations,false,,trudno_powiedziec
d611cffb-9509-41af-bc97-195c3d14017e,2026-05-04 15:31:06.207763+00,Kobieta,36-45 lat,Częściej niż 3 razy w roku,0.25,0.25,0.25,0.25,0,0,"Włochy (79.5%), USA (75.3%), Chiny (70.3%), Francja (68%), Hiszpania (62.3%), Indie (60%), Japonia (59.8%), Meksyk (59.5%), Grecja (59%), Australia (57.8%)","[{""code"":""IT"",""name"":""Włochy"",""score"":0.7949999999999999,""matchPct"":79.5},{""code"":""US"",""name"":""USA"",""score"":0.7525,""matchPct"":75.3},{""code"":""CN"",""name"":""Chiny"",""score"":0.7025,""matchPct"":70.3},{""code"":""FR"",""name"":""Francja"",""score"":0.6799999999999999,""matchPct"":68},{""code"":""ES"",""name"":""Hiszpania"",""score"":0.6225,""matchPct"":62.3},{""code"":""IN"",""name"":""Indie"",""score"":0.6000000000000001,""matchPct"":60},{""code"":""JP"",""name"":""Japonia"",""score"":0.5975,""matchPct"":59.8},{""code"":""MX"",""name"":""Meksyk"",""score"":0.595,""matchPct"":59.5},{""code"":""GR"",""name"":""Grecja"",""score"":0.59,""matchPct"":59},{""code"":""AU"",""name"":""Australia"",""score"":0.5775,""matchPct"":57.8}]",reality,aspirations,wsm,5,5,5,5,5,5,1,5,1,B,aspirations,false,"Ze względu na plaże, zwierzęta, jedzenie oraz standard",nie
d61522c2-d60f-4534-82ef-183e0f64488a,2026-05-04 17:09:09.453445+00,Mężczyzna,18-25 lat,Raz w roku,0.25,0.5,0,0.25,0,0,"Włochy (77%), Grecja (70.8%), USA (68%), Francja (66.8%), Australia (66%), Hiszpania (64.5%), Tajlandia (64%), Meksyk (63.8%), Indie (58.3%), Japonia (57.5%)","[{""code"":""IT"",""name"":""Włochy"",""score"":0.77,""matchPct"":77},{""code"":""GR"",""name"":""Grecja"",""score"":0.7075,""matchPct"":70.8},{""code"":""US"",""name"":""USA"",""score"":0.6799999999999999,""matchPct"":68},{""code"":""FR"",""name"":""Francja"",""score"":0.6675,""matchPct"":66.8},{""code"":""AU"",""name"":""Australia"",""score"":0.66,""matchPct"":66},{""code"":""ES"",""name"":""Hiszpania"",""score"":0.645,""matchPct"":64.5},{""code"":""TH"",""name"":""Tajlandia"",""score"":0.64,""matchPct"":64},{""code"":""MX"",""name"":""Meksyk"",""score"":0.6375,""matchPct"":63.8},{""code"":""IN"",""name"":""Indie"",""score"":0.5825,""matchPct"":58.3},{""code"":""JP"",""name"":""Japonia"",""score"":0.575,""matchPct"":57.5}]",wsm,reality,aspirations,4,5,5,2,2,4,2,2,4,A,wsm,false,Listy B oraz  C posiadają kraje które leżą za daleko jak dla mnie i nie wytrzymałbym samej podróży w te rejony,tak
d618937f-6b26-4b48-ab60-298b2e761a73,2026-05-04 17:09:27.904996+00,Mężczyzna,18-25 lat,Częściej niż 3 razy w roku,0.2,0.2,0,0.4,0,0.2,"Włochy (78.6%), Hiszpania (75.4%), Francja (72.4%), Japonia (70.6%), Chiny (70.6%), USA (69.4%), Grecja (68.4%), Singapur (67.6%), Australia (65.4%), Holandia (64%)","[{""code"":""IT"",""name"":""Włochy"",""score"":0.786,""matchPct"":78.6},{""code"":""ES"",""name"":""Hiszpania"",""score"":0.754,""matchPct"":75.4},{""code"":""FR"",""name"":""Francja"",""score"":0.724,""matchPct"":72.4},{""code"":""JP"",""name"":""Japonia"",""score"":0.7060000000000001,""matchPct"":70.6},{""code"":""CN"",""name"":""Chiny"",""score"":0.706,""matchPct"":70.6},{""code"":""US"",""name"":""USA"",""score"":0.694,""matchPct"":69.4},{""code"":""GR"",""name"":""Grecja"",""score"":0.684,""matchPct"":68.4},{""code"":""SG"",""name"":""Singapur"",""score"":0.676,""matchPct"":67.6},{""code"":""AU"",""name"":""Australia"",""score"":0.654,""matchPct"":65.4},{""code"":""NL"",""name"":""Holandia"",""score"":0.6400000000000001,""matchPct"":64}]",aspirations,wsm,reality,3,5,3,4,5,4,2,5,2,A,aspirations,false,,tak
d691385b-3fd8-4521-8bf0-6f531b3d771a,2026-05-04 17:36:28.090841+00,Mężczyzna,18-25 lat,Raz na kilka lat,0,0.1,0.56,0.13,0.21,0,"USA (86.3%), Chiny (85%), Włochy (74.9%), Kanada (71.7%), Indie (68.8%), Brazylia (65.1%), Francja (63.6%), Japonia (63.4%), Meksyk (63.2%), Peru (62.6%)","[{""code"":""US"",""name"":""USA"",""score"":0.8626,""matchPct"":86.3},{""code"":""CN"",""name"":""Chiny"",""score"":0.8502000000000001,""matchPct"":85},{""code"":""IT"",""name"":""Włochy"",""score"":0.7491,""matchPct"":74.9},{""code"":""CA"",""name"":""Kanada"",""score"":0.7174,""matchPct"":71.7},{""code"":""IN"",""name"":""Indie"",""score"":0.6877000000000001,""matchPct"":68.8},{""code"":""BR"",""name"":""Brazylia"",""score"":0.6508,""matchPct"":65.1},{""code"":""FR"",""name"":""Francja"",""score"":0.636,""matchPct"":63.6},{""code"":""JP"",""name"":""Japonia"",""score"":0.6343,""matchPct"":63.4},{""code"":""MX"",""name"":""Meksyk"",""score"":0.6317,""matchPct"":63.2},{""code"":""PE"",""name"":""Peru"",""score"":0.6255000000000001,""matchPct"":62.6}]",aspirations,wsm,reality,4,2,4,2,4,2,5,5,3,C,reality,false,,tak
d73e6047-90f5-4b94-b94d-bb0f62875ca1,2026-05-04 17:08:57.306856+00,Kobieta,18-25 lat,Raz w roku,0.1,0.2,0.3,0.1,0.05,0.25,"Chiny (79.5%), USA (71.8%), Włochy (70.4%), Japonia (66.5%), Hiszpania (61.1%), Indie (59.9%), Francja (58.2%), Australia (57.5%), Indonezja (57.3%), Grecja (56%)","[{""code"":""CN"",""name"":""Chiny"",""score"":0.7949999999999999,""matchPct"":79.5},{""code"":""US"",""name"":""USA"",""score"":0.7184999999999999,""matchPct"":71.8},{""code"":""IT"",""name"":""Włochy"",""score"":0.704,""matchPct"":70.4},{""code"":""JP"",""name"":""Japonia"",""score"":0.6645,""matchPct"":66.5},{""code"":""ES"",""name"":""Hiszpania"",""score"":0.6114999999999999,""matchPct"":61.1},{""code"":""IN"",""name"":""Indie"",""score"":0.5985,""matchPct"":59.9},{""code"":""FR"",""name"":""Francja"",""score"":0.5820000000000001,""matchPct"":58.2},{""code"":""AU"",""name"":""Australia"",""score"":0.5750000000000001,""matchPct"":57.5},{""code"":""ID"",""name"":""Indonezja"",""score"":0.5730000000000001,""matchPct"":57.3},{""code"":""GR"",""name"":""Grecja"",""score"":0.56,""matchPct"":56}]",wsm,reality,aspirations,4,3,4,2,2,3,2,3,2,A,wsm,false,,tak
d7bc8211-0c19-45c0-b3bc-0d8d9f77314d,2026-05-04 17:11:54.00728+00,Kobieta,18-25 lat,Raz w roku,0.1,0.3,0.3,0.1,0.1,0.1,"USA (74.2%), Chiny (72.9%), Włochy (72.2%), Indie (62.5%), Japonia (61.4%), Grecja (61%), Indonezja (60%), Francja (60%), Hiszpania (59.8%), Tajlandia (59.1%)","[{""code"":""US"",""name"":""USA"",""score"":0.742,""matchPct"":74.2},{""code"":""CN"",""name"":""Chiny"",""score"":0.7289999999999999,""matchPct"":72.9},{""code"":""IT"",""name"":""Włochy"",""score"":0.722,""matchPct"":72.2},{""code"":""IN"",""name"":""Indie"",""score"":0.625,""matchPct"":62.5},{""code"":""JP"",""name"":""Japonia"",""score"":0.614,""matchPct"":61.4},{""code"":""GR"",""name"":""Grecja"",""score"":0.61,""matchPct"":61},{""code"":""ID"",""name"":""Indonezja"",""score"":0.6000000000000001,""matchPct"":60},{""code"":""FR"",""name"":""Francja"",""score"":0.6,""matchPct"":60},{""code"":""ES"",""name"":""Hiszpania"",""score"":0.5979999999999999,""matchPct"":59.8},{""code"":""TH"",""name"":""Tajlandia"",""score"":0.5910000000000001,""matchPct"":59.1}]",reality,aspirations,wsm,2,2,3,2,1,3,4,5,4,A,reality,false,"Lista A ma dla mnie realne do odwiedzenia kierunki z powodów finansowych, B i C to raczej droższe wybory. Na liście A większość kierunków jest europejskich co ułatwia loty [bez przesiadek].",tak
d7eaaefa-c4a7-4582-bb5a-c0a06cf74c0c,2026-05-04 06:14:28.410201+00,Kobieta,46-60 lat,Raz w roku,0.33,0.05,0.14,0.27,0.21,0,"Włochy (87.8%), Francja (78.5%), Hiszpania (73%), Chiny (72.5%), USA (66.5%), Wielka Brytania (64.7%), Indie (64.3%), Grecja (61.6%), Japonia (58.9%), Turcja (58.5%)","[{""code"":""IT"",""name"":""Włochy"",""score"":0.8783,""matchPct"":87.8},{""code"":""FR"",""name"":""Francja"",""score"":0.7845000000000001,""matchPct"":78.5},{""code"":""ES"",""name"":""Hiszpania"",""score"":0.7299,""matchPct"":73},{""code"":""CN"",""name"":""Chiny"",""score"":0.7254,""matchPct"":72.5},{""code"":""US"",""name"":""USA"",""score"":0.665,""matchPct"":66.5},{""code"":""GB"",""name"":""Wielka Brytania"",""score"":0.6465000000000001,""matchPct"":64.7},{""code"":""IN"",""name"":""Indie"",""score"":0.6427,""matchPct"":64.3},{""code"":""GR"",""name"":""Grecja"",""score"":0.6155999999999999,""matchPct"":61.6},{""code"":""JP"",""name"":""Japonia"",""score"":0.5894,""matchPct"":58.9},{""code"":""TR"",""name"":""Turcja"",""score"":0.5850000000000001,""matchPct"":58.5}]",reality,aspirations,wsm,2,3,2,3,4,3,4,4,3,A,reality,false,,tak
d81411d1-6806-4afa-aa4c-1df1c358fb6b,2026-05-04 19:32:18.551805+00,Kobieta,18-25 lat,Raz w roku,0.15,0.1,0.15,0.1,0.3,0.2,"Włochy (77.8%), Chiny (76.6%), Hiszpania (71.6%), Francja (68%), Indie (65.5%), Gruzja (65.2%), Grecja (63.7%), Japonia (63.5%), USA (62.9%), Chorwacja (62.2%)","[{""code"":""IT"",""name"":""Włochy"",""score"":0.778,""matchPct"":77.8},{""code"":""CN"",""name"":""Chiny"",""score"":0.7655000000000001,""matchPct"":76.6},{""code"":""ES"",""name"":""Hiszpania"",""score"":0.7155,""matchPct"":71.6},{""code"":""FR"",""name"":""Francja"",""score"":0.6799999999999999,""matchPct"":68},{""code"":""IN"",""name"":""Indie"",""score"":0.6545,""matchPct"":65.5},{""code"":""GE"",""name"":""Gruzja"",""score"":0.652,""matchPct"":65.2},{""code"":""GR"",""name"":""Grecja"",""score"":0.637,""matchPct"":63.7},{""code"":""JP"",""name"":""Japonia"",""score"":0.635,""matchPct"":63.5},{""code"":""US"",""name"":""USA"",""score"":0.6285,""matchPct"":62.9},{""code"":""HR"",""name"":""Chorwacja"",""score"":0.6215,""matchPct"":62.2}]",reality,aspirations,wsm,5,2,4,5,2,4,4,4,3,B,aspirations,false,,tak
d8312b4d-4d46-41d7-8b8c-d6c04be5e0e1,2026-05-02 18:39:33.306786+00,Kobieta,46-60 lat,2-3 razy w roku,0.26,0.49,0.25,0,0,0,"Włochy (72.9%), USA (68.4%), Meksyk (62.8%), Chiny (61.5%), Indie (59.2%), Grecja (56.5%), Francja (56.3%), Australia (56.1%), Tajlandia (55.8%), Brazylia (54.1%)","[{""code"":""IT"",""name"":""Włochy"",""score"":0.7290000000000001,""matchPct"":72.9},{""code"":""US"",""name"":""USA"",""score"":0.6840999999999999,""matchPct"":68.4},{""code"":""MX"",""name"":""Meksyk"",""score"":0.6283,""matchPct"":62.8},{""code"":""CN"",""name"":""Chiny"",""score"":0.6147,""matchPct"":61.5},{""code"":""IN"",""name"":""Indie"",""score"":0.5919,""matchPct"":59.2},{""code"":""GR"",""name"":""Grecja"",""score"":0.5647,""matchPct"":56.5},{""code"":""FR"",""name"":""Francja"",""score"":0.5630999999999999,""matchPct"":56.3},{""code"":""AU"",""name"":""Australia"",""score"":0.5611,""matchPct"":56.1},{""code"":""TH"",""name"":""Tajlandia"",""score"":0.5577,""matchPct"":55.8},{""code"":""BR"",""name"":""Brazylia"",""score"":0.5409,""matchPct"":54.1}]",reality,aspirations,wsm,4,4,4,2,1,1,4,4,4,A,reality,false,,tak
d83b9708-8a75-4ac7-835d-35ff90c4d9b7,2026-05-04 19:15:14.73399+00,Mężczyzna,18-25 lat,Raz na kilka lat,0.23,0.1,0.2,0.07,0.15,0.25,"Chiny (78.4%), Włochy (76.5%), Hiszpania (65.6%), Francja (63.9%), Japonia (62.7%), USA (62.2%), Indie (60.9%), Gruzja (55.9%), Słowenia (54.5%), Grecja (54.3%)","[{""code"":""CN"",""name"":""Chiny"",""score"":0.7838,""matchPct"":78.4},{""code"":""IT"",""name"":""Włochy"",""score"":0.7646000000000001,""matchPct"":76.5},{""code"":""ES"",""name"":""Hiszpania"",""score"":0.6561,""matchPct"":65.6},{""code"":""FR"",""name"":""Francja"",""score"":0.6389,""matchPct"":63.9},{""code"":""JP"",""name"":""Japonia"",""score"":0.6269,""matchPct"":62.7},{""code"":""US"",""name"":""USA"",""score"":0.6215,""matchPct"":62.2},{""code"":""IN"",""name"":""Indie"",""score"":0.6088,""matchPct"":60.9},{""code"":""GE"",""name"":""Gruzja"",""score"":0.5588000000000001,""matchPct"":55.9},{""code"":""SI"",""name"":""Słowenia"",""score"":0.5449,""matchPct"":54.5},{""code"":""GR"",""name"":""Grecja"",""score"":0.5427,""matchPct"":54.3}]",wsm,reality,aspirations,3,2,4,2,1,3,4,2,4,B,reality,false,"Duża część kierunków z listy A jest zdecydowanie poza moimi możliwościami finansowymi, choć są tam kraje o których zwiedzeniu marzę",tak
d8b0d655-9641-4675-b46c-00fc5d725af5,2026-05-01 18:51:59.653444+00,Kobieta,26-35 lat,2-3 razy w roku,0.21,0.37,0.04,0.17,0.08,0.13,"Włochy (75.3%), Grecja (66.9%), Hiszpania (66.1%), Francja (64.8%), USA (64.4%), Chiny (63.5%), Tajlandia (61.1%), Australia (60.7%), Japonia (60.6%), Indie (59.4%)","[{""code"":""IT"",""name"":""Włochy"",""score"":0.7532999999999999,""matchPct"":75.3},{""code"":""GR"",""name"":""Grecja"",""score"":0.6688000000000002,""matchPct"":66.9},{""code"":""ES"",""name"":""Hiszpania"",""score"":0.6612,""matchPct"":66.1},{""code"":""FR"",""name"":""Francja"",""score"":0.6475000000000001,""matchPct"":64.8},{""code"":""US"",""name"":""USA"",""score"":0.6443000000000001,""matchPct"":64.4},{""code"":""CN"",""name"":""Chiny"",""score"":0.6352,""matchPct"":63.5},{""code"":""TH"",""name"":""Tajlandia"",""score"":0.6113999999999999,""matchPct"":61.1},{""code"":""AU"",""name"":""Australia"",""score"":0.607,""matchPct"":60.7},{""code"":""JP"",""name"":""Japonia"",""score"":0.6061,""matchPct"":60.6},{""code"":""IN"",""name"":""Indie"",""score"":0.5944,""matchPct"":59.4}]",wsm,aspirations,reality,5,3,5,4,2,5,4,3,3,B,aspirations,false,,tak
d925ff3a-2c17-4de7-a67a-f1f3c9b6e8e3,2026-05-04 20:38:51.843228+00,Inna,Powyżej 60 lat,Częściej niż 3 razy w roku,0,0.32,0.68,0,0,0,"USA (89.7%), Chiny (81.1%), Włochy (66.8%), Meksyk (66.4%), Brazylia (66%), Indie (63.8%), Indonezja (62.7%), Kanada (60.6%), Japonia (59.1%), Kolumbia (59%)","[{""code"":""US"",""name"":""USA"",""score"":0.8972,""matchPct"":89.7},{""code"":""CN"",""name"":""Chiny"",""score"":0.8112,""matchPct"":81.1},{""code"":""IT"",""name"":""Włochy"",""score"":0.6679999999999999,""matchPct"":66.8},{""code"":""MX"",""name"":""Meksyk"",""score"":0.6644,""matchPct"":66.4},{""code"":""BR"",""name"":""Brazylia"",""score"":0.6604000000000001,""matchPct"":66},{""code"":""IN"",""name"":""Indie"",""score"":0.6376000000000001,""matchPct"":63.8},{""code"":""ID"",""name"":""Indonezja"",""score"":0.6268,""matchPct"":62.7},{""code"":""CA"",""name"":""Kanada"",""score"":0.6064,""matchPct"":60.6},{""code"":""JP"",""name"":""Japonia"",""score"":0.5912000000000001,""matchPct"":59.1},{""code"":""CO"",""name"":""Kolumbia"",""score"":0.59,""matchPct"":59}]",aspirations,wsm,reality,1,2,5,1,1,1,3,1,3,B,wsm,false,,nie
d9e13da5-5c76-408a-9a01-2ab795d7e4b0,2026-05-04 17:13:16.548772+00,Inna,18-25 lat,Raz na kilka lat,0.3,0.05,0,0.15,0.15,0.35,"Włochy (79.2%), Chiny (76.4%), Hiszpania (73.8%), Francja (68.9%), Holandia (68%), Japonia (66%), Andora (61.5%), Czechy (61%), Portugalia (60.9%), Wielka Brytania (60.7%)","[{""code"":""IT"",""name"":""Włochy"",""score"":0.792,""matchPct"":79.2},{""code"":""CN"",""name"":""Chiny"",""score"":0.7639999999999999,""matchPct"":76.4},{""code"":""ES"",""name"":""Hiszpania"",""score"":0.7384999999999999,""matchPct"":73.8},{""code"":""FR"",""name"":""Francja"",""score"":0.689,""matchPct"":68.9},{""code"":""NL"",""name"":""Holandia"",""score"":0.6795,""matchPct"":68},{""code"":""JP"",""name"":""Japonia"",""score"":0.6599999999999999,""matchPct"":66},{""code"":""AD"",""name"":""Andora"",""score"":0.615,""matchPct"":61.5},{""code"":""CZ"",""name"":""Czechy"",""score"":0.61,""matchPct"":61},{""code"":""PT"",""name"":""Portugalia"",""score"":0.609,""matchPct"":60.9},{""code"":""GB"",""name"":""Wielka Brytania"",""score"":0.607,""matchPct"":60.7}]",aspirations,reality,wsm,4,2,4,2,2,4,4,4,3,C,wsm,false,,tak
da234ccc-c8a7-4701-b4b1-671bee1b1421,2026-05-04 18:16:30.446602+00,Mężczyzna,36-45 lat,2-3 razy w roku,0.06,0.31,0.08,0.26,0.15,0.14,"Włochy (74.1%), Grecja (73.9%), USA (71.7%), Hiszpania (71.6%), Chiny (68.5%), Tajlandia (67.5%), Japonia (67.3%), Francja (67.1%), Australia (66.2%), Indonezja (64.7%)","[{""code"":""IT"",""name"":""Włochy"",""score"":0.7411,""matchPct"":74.1},{""code"":""GR"",""name"":""Grecja"",""score"":0.7385,""matchPct"":73.9},{""code"":""US"",""name"":""USA"",""score"":0.717,""matchPct"":71.7},{""code"":""ES"",""name"":""Hiszpania"",""score"":0.7164999999999999,""matchPct"":71.6},{""code"":""CN"",""name"":""Chiny"",""score"":0.6846000000000001,""matchPct"":68.5},{""code"":""TH"",""name"":""Tajlandia"",""score"":0.6752,""matchPct"":67.5},{""code"":""JP"",""name"":""Japonia"",""score"":0.673,""matchPct"":67.3},{""code"":""FR"",""name"":""Francja"",""score"":0.6713999999999999,""matchPct"":67.1},{""code"":""AU"",""name"":""Australia"",""score"":0.6617999999999999,""matchPct"":66.2},{""code"":""ID"",""name"":""Indonezja"",""score"":0.6471,""matchPct"":64.7}]",aspirations,reality,wsm,3,3,2,3,3,2,3,4,2,B,reality,false,"Kompromis pomiędzy kwotami, chęciami kierunku oraz preferencjami.",nie
db04be60-c702-4d33-b2c5-2260bb8ec53c,2026-05-03 18:08:26.947402+00,Mężczyzna,18-25 lat,Częściej niż 3 razy w roku,0.25,0.09,0.33,0.12,0.07,0.14,"Chiny (80%), Włochy (78.1%), USA (70.1%), Francja (64.7%), Hiszpania (61.4%), Japonia (61.1%), Indie (60.7%), Kanada (54%), Grecja (50.3%), Wielka Brytania (50.2%)","[{""code"":""CN"",""name"":""Chiny"",""score"":0.7995,""matchPct"":80},{""code"":""IT"",""name"":""Włochy"",""score"":0.7812999999999999,""matchPct"":78.1},{""code"":""US"",""name"":""USA"",""score"":0.7013,""matchPct"":70.1},{""code"":""FR"",""name"":""Francja"",""score"":0.6468,""matchPct"":64.7},{""code"":""ES"",""name"":""Hiszpania"",""score"":0.6135999999999999,""matchPct"":61.4},{""code"":""JP"",""name"":""Japonia"",""score"":0.611,""matchPct"":61.1},{""code"":""IN"",""name"":""Indie"",""score"":0.6073,""matchPct"":60.7},{""code"":""CA"",""name"":""Kanada"",""score"":0.5398,""matchPct"":54},{""code"":""GR"",""name"":""Grecja"",""score"":0.5035,""matchPct"":50.3},{""code"":""GB"",""name"":""Wielka Brytania"",""score"":0.5022000000000001,""matchPct"":50.2}]",aspirations,reality,wsm,5,5,4,3,4,4,4,5,3,C,wsm,false,,tak
dbb3cfb8-0277-426f-80d5-09acf4d95707,2026-05-04 17:11:40.734949+00,Mężczyzna,18-25 lat,Raz w roku,0,0.3,0,0,0.4,0.3,"Grecja (75.5%), Gruzja (74.3%), Hiszpania (73.2%), Chorwacja (72.8%), Tajlandia (70.6%), Włochy (69.9%), Egipt (69.7%), Słowenia (69.6%), Chiny (69.2%), Indonezja (69.1%)","[{""code"":""GR"",""name"":""Grecja"",""score"":0.755,""matchPct"":75.5},{""code"":""GE"",""name"":""Gruzja"",""score"":0.743,""matchPct"":74.3},{""code"":""ES"",""name"":""Hiszpania"",""score"":0.732,""matchPct"":73.2},{""code"":""HR"",""name"":""Chorwacja"",""score"":0.7280000000000001,""matchPct"":72.8},{""code"":""TH"",""name"":""Tajlandia"",""score"":0.7060000000000001,""matchPct"":70.6},{""code"":""IT"",""name"":""Włochy"",""score"":0.6990000000000001,""matchPct"":69.9},{""code"":""EG"",""name"":""Egipt"",""score"":0.6970000000000001,""matchPct"":69.7},{""code"":""SI"",""name"":""Słowenia"",""score"":0.6960000000000001,""matchPct"":69.6},{""code"":""CN"",""name"":""Chiny"",""score"":0.692,""matchPct"":69.2},{""code"":""ID"",""name"":""Indonezja"",""score"":0.6909999999999998,""matchPct"":69.1}]",wsm,aspirations,reality,4,2,5,1,1,1,4,4,3,A,wsm,false,5 z 6 krajów w top 6 należy do moich wymarzonych destynacji lub byłem już w nich i wspominam je dobrze,tak
dc8c0944-10ae-455b-b02e-c3e5d891c704,2026-05-04 18:09:30.356556+00,Kobieta,18-25 lat,Raz w roku,0.4,0.3,0,0,0.1,0.2,"Włochy (78.1%), Chiny (63.6%), Francja (63%), Hiszpania (62.5%), Indie (57.4%), Grecja (55.3%), Japonia (53.6%), USA (50.6%), Tajlandia (49.2%), Australia (46.8%)","[{""code"":""IT"",""name"":""Włochy"",""score"":0.781,""matchPct"":78.1},{""code"":""CN"",""name"":""Chiny"",""score"":0.636,""matchPct"":63.6},{""code"":""FR"",""name"":""Francja"",""score"":0.63,""matchPct"":63},{""code"":""ES"",""name"":""Hiszpania"",""score"":0.625,""matchPct"":62.5},{""code"":""IN"",""name"":""Indie"",""score"":0.5740000000000001,""matchPct"":57.4},{""code"":""GR"",""name"":""Grecja"",""score"":0.553,""matchPct"":55.3},{""code"":""JP"",""name"":""Japonia"",""score"":0.536,""matchPct"":53.6},{""code"":""US"",""name"":""USA"",""score"":0.506,""matchPct"":50.6},{""code"":""TH"",""name"":""Tajlandia"",""score"":0.492,""matchPct"":49.2},{""code"":""AU"",""name"":""Australia"",""score"":0.46799999999999997,""matchPct"":46.8}]",reality,aspirations,wsm,5,2,5,4,2,4,2,3,1,C,wsm,false,,tak
dc905982-4809-4577-b28c-afa9334286c8,2026-05-04 17:08:38.064194+00,Kobieta,18-25 lat,Raz na kilka lat,0.1,0.4,0.05,0,0.2,0.25,"Włochy (69.1%), Grecja (68%), Tajlandia (65.8%), Chiny (65.7%), Hiszpania (64.7%), Indonezja (63.4%), Indie (61.7%), Filipiny (61.6%), Japonia (61.3%), Wietnam (60%)","[{""code"":""IT"",""name"":""Włochy"",""score"":0.6914999999999999,""matchPct"":69.1},{""code"":""GR"",""name"":""Grecja"",""score"":0.6799999999999999,""matchPct"":68},{""code"":""TH"",""name"":""Tajlandia"",""score"":0.6575000000000001,""matchPct"":65.8},{""code"":""CN"",""name"":""Chiny"",""score"":0.6565000000000001,""matchPct"":65.7},{""code"":""ES"",""name"":""Hiszpania"",""score"":0.6465000000000001,""matchPct"":64.7},{""code"":""ID"",""name"":""Indonezja"",""score"":0.6335000000000001,""matchPct"":63.4},{""code"":""IN"",""name"":""Indie"",""score"":0.617,""matchPct"":61.7},{""code"":""PH"",""name"":""Filipiny"",""score"":0.6160000000000001,""matchPct"":61.6},{""code"":""JP"",""name"":""Japonia"",""score"":0.613,""matchPct"":61.3},{""code"":""VN"",""name"":""Wietnam"",""score"":0.5995,""matchPct"":60}]",reality,aspirations,wsm,5,2,5,2,1,2,4,2,4,C,wsm,false,,tak
dcd4e562-e5d0-4ccc-8c93-f9a31ff4fb31,2026-05-04 19:43:13.628594+00,Kobieta,46-60 lat,Częściej niż 3 razy w roku,0.24,0.12,0.26,0.14,0.12,0.12,"Włochy (79%), Chiny (76.7%), USA (68.6%), Francja (66.8%), Hiszpania (64.3%), Indie (61.8%), Japonia (60.8%), Grecja (55.3%), Turcja (52.9%), Wielka Brytania (52.7%)","[{""code"":""IT"",""name"":""Włochy"",""score"":0.79,""matchPct"":79},{""code"":""CN"",""name"":""Chiny"",""score"":0.7674,""matchPct"":76.7},{""code"":""US"",""name"":""USA"",""score"":0.6858,""matchPct"":68.6},{""code"":""FR"",""name"":""Francja"",""score"":0.6678000000000001,""matchPct"":66.8},{""code"":""ES"",""name"":""Hiszpania"",""score"":0.6434,""matchPct"":64.3},{""code"":""IN"",""name"":""Indie"",""score"":0.6184000000000001,""matchPct"":61.8},{""code"":""JP"",""name"":""Japonia"",""score"":0.6084,""matchPct"":60.8},{""code"":""GR"",""name"":""Grecja"",""score"":0.553,""matchPct"":55.3},{""code"":""TR"",""name"":""Turcja"",""score"":0.5286000000000001,""matchPct"":52.9},{""code"":""GB"",""name"":""Wielka Brytania"",""score"":0.527,""matchPct"":52.7}]",wsm,reality,aspirations,5,4,4,5,3,5,3,5,3,C,aspirations,false,"Lista C jest moim celem podróżniczym, są to drogie kierunki ale warte poświęcenia środków aby je zobaczyć.",tak
dd09c49b-7061-4267-936e-99b8e83aa82d,2026-05-04 20:11:17.071607+00,Inna,18-25 lat,Raz w roku,0.15,0,0,0.25,0.4,0.2,"Hiszpania (83.7%), Włochy (83.2%), Andora (78.6%), Holandia (78.5%), Francja (78.1%), Portugalia (76.5%), Chiny (76.1%), Czechy (75.8%), Gruzja (75.8%), Wielka Brytania (74.5%)","[{""code"":""ES"",""name"":""Hiszpania"",""score"":0.8370000000000001,""matchPct"":83.7},{""code"":""IT"",""name"":""Włochy"",""score"":0.832,""matchPct"":83.2},{""code"":""AD"",""name"":""Andora"",""score"":0.7855000000000001,""matchPct"":78.6},{""code"":""NL"",""name"":""Holandia"",""score"":0.7850000000000001,""matchPct"":78.5},{""code"":""FR"",""name"":""Francja"",""score"":0.7805,""matchPct"":78.1},{""code"":""PT"",""name"":""Portugalia"",""score"":0.765,""matchPct"":76.5},{""code"":""CN"",""name"":""Chiny"",""score"":0.7609999999999999,""matchPct"":76.1},{""code"":""CZ"",""name"":""Czechy"",""score"":0.7580000000000001,""matchPct"":75.8},{""code"":""GE"",""name"":""Gruzja"",""score"":0.7575000000000001,""matchPct"":75.8},{""code"":""GB"",""name"":""Wielka Brytania"",""score"":0.7445,""matchPct"":74.5}]",wsm,aspirations,reality,3,2,2,4,1,4,4,3,3,B,aspirations,false,,tak
ddd130e9-0b78-4cb9-8d72-fe9684de01cc,2026-05-04 19:08:23.912462+00,Kobieta,18-25 lat,Raz na kilka lat,0.5,0,0,0.15,0.1,0.25,"Włochy (86.1%), Chiny (73.9%), Francja (73.3%), Hiszpania (71.3%), Holandia (61.6%), Wielka Brytania (60.3%), Japonia (58.9%), Indie (56.8%), Czechy (50.6%), USA (50%)","[{""code"":""IT"",""name"":""Włochy"",""score"":0.8614999999999999,""matchPct"":86.1},{""code"":""CN"",""name"":""Chiny"",""score"":0.7389999999999999,""matchPct"":73.9},{""code"":""FR"",""name"":""Francja"",""score"":0.7329999999999999,""matchPct"":73.3},{""code"":""ES"",""name"":""Hiszpania"",""score"":0.713,""matchPct"":71.3},{""code"":""NL"",""name"":""Holandia"",""score"":0.6155,""matchPct"":61.6},{""code"":""GB"",""name"":""Wielka Brytania"",""score"":0.603,""matchPct"":60.3},{""code"":""JP"",""name"":""Japonia"",""score"":0.589,""matchPct"":58.9},{""code"":""IN"",""name"":""Indie"",""score"":0.5680000000000001,""matchPct"":56.8},{""code"":""CZ"",""name"":""Czechy"",""score"":0.506,""matchPct"":50.6},{""code"":""US"",""name"":""USA"",""score"":0.5005,""matchPct"":50}]",reality,wsm,aspirations,4,2,5,5,2,5,3,3,2,B,wsm,false,,tak
df475d31-6de6-430e-8d1c-a4b174366364,2026-05-02 14:59:20.634804+00,Kobieta,46-60 lat,Częściej niż 3 razy w roku,0.1,0.2,0.2,0.1,0.1,0.3,"Chiny (77.8%), Włochy (70.6%), Japonia (67.5%), USA (67.1%), Hiszpania (65.1%), Indie (60%), Grecja (59.5%), Słowenia (59.5%), Francja (59.5%), Gruzja (59%)","[{""code"":""CN"",""name"":""Chiny"",""score"":0.778,""matchPct"":77.8},{""code"":""IT"",""name"":""Włochy"",""score"":0.706,""matchPct"":70.6},{""code"":""JP"",""name"":""Japonia"",""score"":0.675,""matchPct"":67.5},{""code"":""US"",""name"":""USA"",""score"":0.671,""matchPct"":67.1},{""code"":""ES"",""name"":""Hiszpania"",""score"":0.651,""matchPct"":65.1},{""code"":""IN"",""name"":""Indie"",""score"":0.6,""matchPct"":60},{""code"":""GR"",""name"":""Grecja"",""score"":0.5950000000000001,""matchPct"":59.5},{""code"":""SI"",""name"":""Słowenia"",""score"":0.5950000000000001,""matchPct"":59.5},{""code"":""FR"",""name"":""Francja"",""score"":0.595,""matchPct"":59.5},{""code"":""GE"",""name"":""Gruzja"",""score"":0.59,""matchPct"":59}]",reality,wsm,aspirations,4,5,4,4,3,5,4,5,4,B,wsm,false,,tak
dfbfe684-2c8c-46b0-ae15-0146e746ccbf,2026-05-04 16:51:25.361336+00,Kobieta,46-60 lat,Raz na kilka lat,0.25,0.5,0,0,0.25,0,"Włochy (76.8%), Grecja (70.5%), Indie (64%), Francja (63.8%), Tajlandia (63.8%), Meksyk (63.5%), Hiszpania (62.8%), Filipiny (58.5%), Indonezja (58.3%), USA (57.5%)","[{""code"":""IT"",""name"":""Włochy"",""score"":0.7675000000000001,""matchPct"":76.8},{""code"":""GR"",""name"":""Grecja"",""score"":0.705,""matchPct"":70.5},{""code"":""IN"",""name"":""Indie"",""score"":0.64,""matchPct"":64},{""code"":""FR"",""name"":""Francja"",""score"":0.6375,""matchPct"":63.8},{""code"":""TH"",""name"":""Tajlandia"",""score"":0.6375,""matchPct"":63.8},{""code"":""MX"",""name"":""Meksyk"",""score"":0.635,""matchPct"":63.5},{""code"":""ES"",""name"":""Hiszpania"",""score"":0.6275,""matchPct"":62.8},{""code"":""PH"",""name"":""Filipiny"",""score"":0.585,""matchPct"":58.5},{""code"":""ID"",""name"":""Indonezja"",""score"":0.5825,""matchPct"":58.3},{""code"":""US"",""name"":""USA"",""score"":0.575,""matchPct"":57.5}]",reality,wsm,aspirations,3,2,3,1,1,1,5,3,4,B,wsm,false,Intesujace kierunki na moje możliwości,tak
dfe6bf13-bdd7-4ff1-bfe0-a5fde3d349ea,2026-05-02 17:48:55.908963+00,Mężczyzna,46-60 lat,2-3 razy w roku,0.32,0.16,0.23,0,0.11,0.18,"Włochy (77.5%), Chiny (74.6%), Francja (62%), USA (60.3%), Indie (59.9%), Hiszpania (59.7%), Japonia (56.4%), Grecja (49.4%), Turcja (47.1%), Meksyk (46.3%)","[{""code"":""IT"",""name"":""Włochy"",""score"":0.7753000000000001,""matchPct"":77.5},{""code"":""CN"",""name"":""Chiny"",""score"":0.7463,""matchPct"":74.6},{""code"":""FR"",""name"":""Francja"",""score"":0.6203000000000001,""matchPct"":62},{""code"":""US"",""name"":""USA"",""score"":0.6025,""matchPct"":60.3},{""code"":""IN"",""name"":""Indie"",""score"":0.5993,""matchPct"":59.9},{""code"":""ES"",""name"":""Hiszpania"",""score"":0.5973999999999999,""matchPct"":59.7},{""code"":""JP"",""name"":""Japonia"",""score"":0.5637,""matchPct"":56.4},{""code"":""GR"",""name"":""Grecja"",""score"":0.4942,""matchPct"":49.4},{""code"":""TR"",""name"":""Turcja"",""score"":0.47130000000000005,""matchPct"":47.1},{""code"":""MX"",""name"":""Meksyk"",""score"":0.4629,""matchPct"":46.3}]",reality,wsm,aspirations,4,3,4,3,3,3,5,5,4,A,reality,false,Lista posiada fajne kraje które są w zasięgu moich finansów i w wielu tych krajów byłem i mi się podobaly,tak
dfec4be8-5bcf-4dc0-a353-017952f7d896,2026-05-03 10:29:05.924629+00,Kobieta,26-35 lat,Raz na kilka lat,0.1,0.2,0.2,0.1,0.25,0.15,"Włochy (75.1%), Chiny (74.2%), USA (67.9%), Hiszpania (67.7%), Indie (65.3%), Grecja (65.2%), Francja (64.9%), Japonia (62.9%), Turcja (60.8%), Gruzja (60.7%)","[{""code"":""IT"",""name"":""Włochy"",""score"":0.751,""matchPct"":75.1},{""code"":""CN"",""name"":""Chiny"",""score"":0.742,""matchPct"":74.2},{""code"":""US"",""name"":""USA"",""score"":0.6785,""matchPct"":67.9},{""code"":""ES"",""name"":""Hiszpania"",""score"":0.6765,""matchPct"":67.7},{""code"":""IN"",""name"":""Indie"",""score"":0.6525,""matchPct"":65.3},{""code"":""GR"",""name"":""Grecja"",""score"":0.652,""matchPct"":65.2},{""code"":""FR"",""name"":""Francja"",""score"":0.649,""matchPct"":64.9},{""code"":""JP"",""name"":""Japonia"",""score"":0.6285000000000001,""matchPct"":62.9},{""code"":""TR"",""name"":""Turcja"",""score"":0.6075,""matchPct"":60.8},{""code"":""GE"",""name"":""Gruzja"",""score"":0.6065,""matchPct"":60.7}]",reality,wsm,aspirations,2,2,2,2,2,2,2,2,2,A,reality,false,,trudno_powiedziec
e0ff1828-3ab5-4160-a7ca-cfd523bc92bc,2026-05-04 17:13:08.541638+00,Mężczyzna,18-25 lat,Raz na kilka lat,0.2,0,0.1,0.2,0.2,0.3,"Chiny (80.7%), Włochy (79.1%), Hiszpania (75.3%), Francja (70.5%), Holandia (69.1%), Japonia (68.8%), Andora (68.7%), Gruzja (66.4%), Portugalia (66%), Czechy (66%)","[{""code"":""CN"",""name"":""Chiny"",""score"":0.8069999999999999,""matchPct"":80.7},{""code"":""IT"",""name"":""Włochy"",""score"":0.7910000000000001,""matchPct"":79.1},{""code"":""ES"",""name"":""Hiszpania"",""score"":0.753,""matchPct"":75.3},{""code"":""FR"",""name"":""Francja"",""score"":0.7050000000000001,""matchPct"":70.5},{""code"":""NL"",""name"":""Holandia"",""score"":0.6910000000000001,""matchPct"":69.1},{""code"":""JP"",""name"":""Japonia"",""score"":0.6880000000000001,""matchPct"":68.8},{""code"":""AD"",""name"":""Andora"",""score"":0.687,""matchPct"":68.7},{""code"":""GE"",""name"":""Gruzja"",""score"":0.664,""matchPct"":66.4},{""code"":""PT"",""name"":""Portugalia"",""score"":0.66,""matchPct"":66},{""code"":""CZ"",""name"":""Czechy"",""score"":0.66,""matchPct"":66}]",wsm,aspirations,reality,3,2,3,4,2,4,2,2,2,B,aspirations,false,,tak
e165c561-cf3a-49a2-8aab-2318b4d0a36f,2026-05-01 20:22:53.573292+00,Kobieta,Powyżej 60 lat,2-3 razy w roku,0.39,0.25,0,0.11,0,0.25,"Włochy (77.9%), Chiny (67%), Hiszpania (64.7%), Francja (64.4%), Japonia (59%), Indie (54.7%), Grecja (54.5%), USA (54.4%), Australia (51%), Holandia (48.6%)","[{""code"":""IT"",""name"":""Włochy"",""score"":0.7793,""matchPct"":77.9},{""code"":""CN"",""name"":""Chiny"",""score"":0.6704,""matchPct"":67},{""code"":""ES"",""name"":""Hiszpania"",""score"":0.6468,""matchPct"":64.7},{""code"":""FR"",""name"":""Francja"",""score"":0.6436999999999999,""matchPct"":64.4},{""code"":""JP"",""name"":""Japonia"",""score"":0.5897,""matchPct"":59},{""code"":""IN"",""name"":""Indie"",""score"":0.5474,""matchPct"":54.7},{""code"":""GR"",""name"":""Grecja"",""score"":0.5446,""matchPct"":54.5},{""code"":""US"",""name"":""USA"",""score"":0.5435000000000001,""matchPct"":54.4},{""code"":""AU"",""name"":""Australia"",""score"":0.5098,""matchPct"":51},{""code"":""NL"",""name"":""Holandia"",""score"":0.48629999999999995,""matchPct"":48.6}]",wsm,reality,aspirations,3,3,1,2,2,2,4,5,4,B,reality,false,,tak
e1905059-1e77-45f6-8dac-dcc1cd75c628,2026-05-01 19:32:56.597309+00,Kobieta,18-25 lat,Częściej niż 3 razy w roku,0.09,0.11,0.25,0.17,0.1,0.28,"Chiny (82%), Włochy (72.7%), USA (71.1%), Japonia (69.9%), Hiszpania (67.4%), Słowenia (62.9%), Francja (62.8%), Gruzja (61.6%), Indie (60.8%), Finlandia (60.7%)","[{""code"":""CN"",""name"":""Chiny"",""score"":0.8197,""matchPct"":82},{""code"":""IT"",""name"":""Włochy"",""score"":0.7272,""matchPct"":72.7},{""code"":""US"",""name"":""USA"",""score"":0.7113,""matchPct"":71.1},{""code"":""JP"",""name"":""Japonia"",""score"":0.6987,""matchPct"":69.9},{""code"":""ES"",""name"":""Hiszpania"",""score"":0.6735,""matchPct"":67.4},{""code"":""SI"",""name"":""Słowenia"",""score"":0.6293,""matchPct"":62.9},{""code"":""FR"",""name"":""Francja"",""score"":0.628,""matchPct"":62.8},{""code"":""GE"",""name"":""Gruzja"",""score"":0.616,""matchPct"":61.6},{""code"":""IN"",""name"":""Indie"",""score"":0.6080000000000001,""matchPct"":60.8},{""code"":""FI"",""name"":""Finlandia"",""score"":0.6068,""matchPct"":60.7}]",wsm,reality,aspirations,3,5,3,5,4,5,2,3,1,C,aspirations,false,Ponieważ bardziej interesują mnie mniej osiągalne kierunki,tak
e251d7d8-39b2-4af2-9f97-ececc83e5ddf,2026-05-04 19:59:09.771053+00,Kobieta,18-25 lat,Raz na kilka lat,0.3,0.05,0.1,0.05,0.3,0.2,"Włochy (81.9%), Chiny (75.1%), Hiszpania (70.9%), Francja (70%), Indie (64.1%), Wielka Brytania (59.9%), Gruzja (59.6%), Japonia (58.8%), Holandia (58.5%), Grecja (57.7%)","[{""code"":""IT"",""name"":""Włochy"",""score"":0.819,""matchPct"":81.9},{""code"":""CN"",""name"":""Chiny"",""score"":0.7509999999999999,""matchPct"":75.1},{""code"":""ES"",""name"":""Hiszpania"",""score"":0.709,""matchPct"":70.9},{""code"":""FR"",""name"":""Francja"",""score"":0.7,""matchPct"":70},{""code"":""IN"",""name"":""Indie"",""score"":0.6405,""matchPct"":64.1},{""code"":""GB"",""name"":""Wielka Brytania"",""score"":0.5985,""matchPct"":59.9},{""code"":""GE"",""name"":""Gruzja"",""score"":0.596,""matchPct"":59.6},{""code"":""JP"",""name"":""Japonia"",""score"":0.5875,""matchPct"":58.8},{""code"":""NL"",""name"":""Holandia"",""score"":0.5850000000000001,""matchPct"":58.5},{""code"":""GR"",""name"":""Grecja"",""score"":0.5770000000000001,""matchPct"":57.7}]",aspirations,reality,wsm,4,2,4,3,2,3,3,2,3,C,wsm,false,,tak
e28adc5e-1b6a-418a-8b4a-430715bf8742,2026-05-04 17:13:39.127889+00,Kobieta,18-25 lat,Częściej niż 3 razy w roku,0.4,0.25,0.1,0.2,0.04,0.01,"Włochy (83.7%), Francja (70.9%), Chiny (64.6%), Hiszpania (64.3%), USA (63.6%), Indie (58.9%), Grecja (57.7%), Meksyk (55.2%), Japonia (54.6%), Australia (51%)","[{""code"":""IT"",""name"":""Włochy"",""score"":0.8365,""matchPct"":83.7},{""code"":""FR"",""name"":""Francja"",""score"":0.7094,""matchPct"":70.9},{""code"":""CN"",""name"":""Chiny"",""score"":0.6464,""matchPct"":64.6},{""code"":""ES"",""name"":""Hiszpania"",""score"":0.6427999999999999,""matchPct"":64.3},{""code"":""US"",""name"":""USA"",""score"":0.6364999999999998,""matchPct"":63.6},{""code"":""IN"",""name"":""Indie"",""score"":0.5885000000000001,""matchPct"":58.9},{""code"":""GR"",""name"":""Grecja"",""score"":0.5766999999999999,""matchPct"":57.7},{""code"":""MX"",""name"":""Meksyk"",""score"":0.5516000000000001,""matchPct"":55.2},{""code"":""JP"",""name"":""Japonia"",""score"":0.5461,""matchPct"":54.6},{""code"":""AU"",""name"":""Australia"",""score"":0.51,""matchPct"":51}]",aspirations,wsm,reality,1,1,1,1,1,1,1,1,1,A,aspirations,false,,nie
e3f247b1-c5a8-47d4-a321-5e3f508e6bc3,2026-05-04 17:18:28.685086+00,Kobieta,18-25 lat,Częściej niż 3 razy w roku,0.1,0.05,0.05,0.1,0.3,0.4,"Chiny (80.4%), Hiszpania (76.5%), Gruzja (76.1%), Andora (76%), Chorwacja (74.7%), Włochy (74.2%), Słowenia (74.1%), Holandia (73.3%), Czechy (73.3%), Portugalia (73.1%)","[{""code"":""CN"",""name"":""Chiny"",""score"":0.8035,""matchPct"":80.4},{""code"":""ES"",""name"":""Hiszpania"",""score"":0.7645,""matchPct"":76.5},{""code"":""GE"",""name"":""Gruzja"",""score"":0.7605,""matchPct"":76.1},{""code"":""AD"",""name"":""Andora"",""score"":0.7595000000000001,""matchPct"":76},{""code"":""HR"",""name"":""Chorwacja"",""score"":0.7470000000000001,""matchPct"":74.7},{""code"":""IT"",""name"":""Włochy"",""score"":0.742,""matchPct"":74.2},{""code"":""SI"",""name"":""Słowenia"",""score"":0.7405000000000002,""matchPct"":74.1},{""code"":""NL"",""name"":""Holandia"",""score"":0.7330000000000001,""matchPct"":73.3},{""code"":""CZ"",""name"":""Czechy"",""score"":0.7325000000000002,""matchPct"":73.3},{""code"":""PT"",""name"":""Portugalia"",""score"":0.7305,""matchPct"":73.1}]",aspirations,wsm,reality,4,5,4,2,1,2,4,4,4,B,wsm,false,"Lista A zawiera drogie i dalekie destynacje więc została przeze mnie od razu odrzucona. Listy B i C obie wyglądają ciekawie, jednak lista B wydaje się łatwiejsza do zorganizowania pod względem logistycznym oraz bardziej przystępna finansowo",tak
e42628d1-c055-40aa-902e-0c6ffe0a523f,2026-05-01 18:31:38.080001+00,Mężczyzna,18-25 lat,Częściej niż 3 razy w roku,0.15,0.15,0.15,0.05,0.3,0.2,"Włochy (76.4%), Chiny (74.8%), Hiszpania (69.3%), Francja (65.6%), Indie (65.3%), Grecja (63.3%), Gruzja (63.2%), Japonia (61.8%), USA (61.5%), Turcja (60.8%)","[{""code"":""IT"",""name"":""Włochy"",""score"":0.7639999999999999,""matchPct"":76.4},{""code"":""CN"",""name"":""Chiny"",""score"":0.7475,""matchPct"":74.8},{""code"":""ES"",""name"":""Hiszpania"",""score"":0.6925,""matchPct"":69.3},{""code"":""FR"",""name"":""Francja"",""score"":0.6559999999999999,""matchPct"":65.6},{""code"":""IN"",""name"":""Indie"",""score"":0.653,""matchPct"":65.3},{""code"":""GR"",""name"":""Grecja"",""score"":0.6329999999999999,""matchPct"":63.3},{""code"":""GE"",""name"":""Gruzja"",""score"":0.632,""matchPct"":63.2},{""code"":""JP"",""name"":""Japonia"",""score"":0.6175,""matchPct"":61.8},{""code"":""US"",""name"":""USA"",""score"":0.6154999999999999,""matchPct"":61.5},{""code"":""TR"",""name"":""Turcja"",""score"":0.6075,""matchPct"":60.8}]",aspirations,wsm,reality,4,4,3,3,2,4,4,5,4,C,reality,false,,tak
e493e1f5-0d7a-4390-a913-ac0287389046,2026-05-04 17:07:57.382381+00,Mężczyzna,18-25 lat,Raz na kilka lat,0.1,0.3,0.4,0.1,0.05,0.05,"USA (79%), Chiny (74.6%), Włochy (72%), Indie (62.4%), Meksyk (61.2%), Japonia (60.4%), Indonezja (59.1%), Francja (58.7%), Australia (58.6%), Brazylia (58.4%)","[{""code"":""US"",""name"":""USA"",""score"":0.7895,""matchPct"":79},{""code"":""CN"",""name"":""Chiny"",""score"":0.746,""matchPct"":74.6},{""code"":""IT"",""name"":""Włochy"",""score"":0.72,""matchPct"":72},{""code"":""IN"",""name"":""Indie"",""score"":0.6235,""matchPct"":62.4},{""code"":""MX"",""name"":""Meksyk"",""score"":0.612,""matchPct"":61.2},{""code"":""JP"",""name"":""Japonia"",""score"":0.6035,""matchPct"":60.4},{""code"":""ID"",""name"":""Indonezja"",""score"":0.5910000000000001,""matchPct"":59.1},{""code"":""FR"",""name"":""Francja"",""score"":0.587,""matchPct"":58.7},{""code"":""AU"",""name"":""Australia"",""score"":0.586,""matchPct"":58.6},{""code"":""BR"",""name"":""Brazylia"",""score"":0.584,""matchPct"":58.4}]",wsm,reality,aspirations,3,4,4,4,3,4,5,3,4,C,aspirations,false,,tak
e52766e7-8003-460a-88b6-75f69dfa0d12,2026-05-04 17:09:15.909751+00,Mężczyzna,18-25 lat,Raz w roku,0.4,0.2,0.05,0.25,0.05,0.05,"Włochy (84.7%), Francja (73.4%), Hiszpania (68.3%), Chiny (66%), USA (62.5%), Grecja (59.3%), Indie (58.6%), Japonia (57.4%), Wielka Brytania (55%), Meksyk (52.3%)","[{""code"":""IT"",""name"":""Włochy"",""score"":0.847,""matchPct"":84.7},{""code"":""FR"",""name"":""Francja"",""score"":0.7344999999999999,""matchPct"":73.4},{""code"":""ES"",""name"":""Hiszpania"",""score"":0.6829999999999999,""matchPct"":68.3},{""code"":""CN"",""name"":""Chiny"",""score"":0.6595,""matchPct"":66},{""code"":""US"",""name"":""USA"",""score"":0.6249999999999999,""matchPct"":62.5},{""code"":""GR"",""name"":""Grecja"",""score"":0.5925,""matchPct"":59.3},{""code"":""IN"",""name"":""Indie"",""score"":0.5855,""matchPct"":58.6},{""code"":""JP"",""name"":""Japonia"",""score"":0.5735,""matchPct"":57.4},{""code"":""GB"",""name"":""Wielka Brytania"",""score"":0.55,""matchPct"":55},{""code"":""MX"",""name"":""Meksyk"",""score"":0.523,""matchPct"":52.3}]",wsm,aspirations,reality,5,3,4,1,2,3,3,5,3,A,wsm,false,"Preferuję podróżować po Europię niż po krajach poza Europą, zadecydowały o tym przede wszystkim kraje z bogatą historią i zabytkami oraz ładną infrastrukturą",tak
e5d14d87-2ba4-4789-b45d-105f6f57894c,2026-05-04 17:09:03.25249+00,Kobieta,18-25 lat,Raz na kilka lat,0.2,0,0.32,0.07,0.24,0.17,"Chiny (83.2%), Włochy (79.1%), USA (66.9%), Francja (66.8%), Hiszpania (66%), Indie (65%), Japonia (61.8%), Gruzja (59.8%), Kanada (59.7%), Słowenia (57.8%)","[{""code"":""CN"",""name"":""Chiny"",""score"":0.8318,""matchPct"":83.2},{""code"":""IT"",""name"":""Włochy"",""score"":0.7912999999999999,""matchPct"":79.1},{""code"":""US"",""name"":""USA"",""score"":0.6689000000000002,""matchPct"":66.9},{""code"":""FR"",""name"":""Francja"",""score"":0.668,""matchPct"":66.8},{""code"":""ES"",""name"":""Hiszpania"",""score"":0.6604,""matchPct"":66},{""code"":""IN"",""name"":""Indie"",""score"":0.6496,""matchPct"":65},{""code"":""JP"",""name"":""Japonia"",""score"":0.6184,""matchPct"":61.8},{""code"":""GE"",""name"":""Gruzja"",""score"":0.5981000000000001,""matchPct"":59.8},{""code"":""CA"",""name"":""Kanada"",""score"":0.597,""matchPct"":59.7},{""code"":""SI"",""name"":""Słowenia"",""score"":0.5782,""matchPct"":57.8}]",reality,wsm,aspirations,1,1,1,1,2,1,2,3,1,A,reality,false,Najwięcej zabytków/muzeów dostępnych dla osób poniżej 26 rż,trudno_powiedziec
e61d6b77-6a76-471a-b12d-7807a006c8fb,2026-05-04 17:26:44.074643+00,Mężczyzna,18-25 lat,Raz na kilka lat,0.06,0,0.43,0.11,0.36,0.04,"Chiny (84.6%), Włochy (79.4%), USA (76.7%), Indie (71%), Kanada (70.2%), Francja (69.3%), Hiszpania (67.6%), Gruzja (66.5%), Turcja (65.5%), Słowenia (63.9%)","[{""code"":""CN"",""name"":""Chiny"",""score"":0.8461000000000001,""matchPct"":84.6},{""code"":""IT"",""name"":""Włochy"",""score"":0.7938,""matchPct"":79.4},{""code"":""US"",""name"":""USA"",""score"":0.7668999999999999,""matchPct"":76.7},{""code"":""IN"",""name"":""Indie"",""score"":0.7098,""matchPct"":71},{""code"":""CA"",""name"":""Kanada"",""score"":0.7024999999999999,""matchPct"":70.2},{""code"":""FR"",""name"":""Francja"",""score"":0.6925,""matchPct"":69.3},{""code"":""ES"",""name"":""Hiszpania"",""score"":0.6759000000000001,""matchPct"":67.6},{""code"":""GE"",""name"":""Gruzja"",""score"":0.6647000000000001,""matchPct"":66.5},{""code"":""TR"",""name"":""Turcja"",""score"":0.6549,""matchPct"":65.5},{""code"":""SI"",""name"":""Słowenia"",""score"":0.6389,""matchPct"":63.9}]",reality,aspirations,wsm,3,3,3,4,2,5,4,3,4,A,reality,false,"Lista zawiera kraje głownie europejskie oraz zawiera moją ulubioną część krajobrazu(tereny górzyste)w krajach takich jak Włochy czy Grecja. Kraje wybrane w tej liście przypadają dla mnie jako dobrze dostępne pod względem kosztów, ponieważ można znaleźć atrakcyjne nisko kosztowne podróże na aplikacjach np.Skyscanner.",tak
e71a02b5-c925-44dd-be3e-faa3bb545b4b,2026-05-04 17:13:55.946052+00,Kobieta,26-35 lat,Raz w roku,0.05,0.15,0.2,0.05,0.15,0.4,"Chiny (81.8%), Japonia (70.3%), Włochy (68.3%), Słowenia (67.8%), Gruzja (67.1%), Hiszpania (66.6%), Chorwacja (65.6%), USA (64.6%), Finlandia (64.2%), Andora (62.3%)","[{""code"":""CN"",""name"":""Chiny"",""score"":0.8180000000000001,""matchPct"":81.8},{""code"":""JP"",""name"":""Japonia"",""score"":0.7030000000000001,""matchPct"":70.3},{""code"":""IT"",""name"":""Włochy"",""score"":0.6825,""matchPct"":68.3},{""code"":""SI"",""name"":""Słowenia"",""score"":0.6775,""matchPct"":67.8},{""code"":""GE"",""name"":""Gruzja"",""score"":0.6705000000000001,""matchPct"":67.1},{""code"":""ES"",""name"":""Hiszpania"",""score"":0.6655,""matchPct"":66.6},{""code"":""HR"",""name"":""Chorwacja"",""score"":0.6555000000000001,""matchPct"":65.6},{""code"":""US"",""name"":""USA"",""score"":0.646,""matchPct"":64.6},{""code"":""FI"",""name"":""Finlandia"",""score"":0.6420000000000001,""matchPct"":64.2},{""code"":""AD"",""name"":""Andora"",""score"":0.6225,""matchPct"":62.3}]",aspirations,reality,wsm,3,2,4,1,1,2,2,3,3,C,wsm,false,,tak
e727b0a6-a008-4890-adf3-dd833189b969,2026-05-04 17:10:03.416629+00,Mężczyzna,26-35 lat,Raz w roku,0.3,0.1,0.1,0.1,0.3,0.1,"Włochy (83.6%), Francja (72.4%), Chiny (71.5%), Hiszpania (71%), Indie (65.1%), Grecja (61.2%), Wielka Brytania (60%), Turcja (58.8%), USA (58.4%), Japonia (57%)","[{""code"":""IT"",""name"":""Włochy"",""score"":0.8360000000000001,""matchPct"":83.6},{""code"":""FR"",""name"":""Francja"",""score"":0.724,""matchPct"":72.4},{""code"":""CN"",""name"":""Chiny"",""score"":0.715,""matchPct"":71.5},{""code"":""ES"",""name"":""Hiszpania"",""score"":0.71,""matchPct"":71},{""code"":""IN"",""name"":""Indie"",""score"":0.651,""matchPct"":65.1},{""code"":""GR"",""name"":""Grecja"",""score"":0.612,""matchPct"":61.2},{""code"":""GB"",""name"":""Wielka Brytania"",""score"":0.6,""matchPct"":60},{""code"":""TR"",""name"":""Turcja"",""score"":0.5880000000000001,""matchPct"":58.8},{""code"":""US"",""name"":""USA"",""score"":0.5840000000000001,""matchPct"":58.4},{""code"":""JP"",""name"":""Japonia"",""score"":0.57,""matchPct"":57}]",aspirations,reality,wsm,2,2,3,1,1,4,4,4,2,B,reality,false,A i C koszt biletu w cenie całego pobytu na liście B,tak
e766ad82-b5f0-410b-8322-840dc7ce7ed8,2026-05-04 18:09:10.938425+00,Mężczyzna,18-25 lat,2-3 razy w roku,0.3,0.05,0.15,0.25,0.1,0.15,"Włochy (82.7%), Chiny (76.6%), Francja (72.6%), Hiszpania (70.8%), USA (65.9%), Japonia (63.7%), Wielka Brytania (60.4%), Indie (60.2%), Grecja (57.1%), Holandia (57%)","[{""code"":""IT"",""name"":""Włochy"",""score"":0.8274999999999999,""matchPct"":82.7},{""code"":""CN"",""name"":""Chiny"",""score"":0.7655,""matchPct"":76.6},{""code"":""FR"",""name"":""Francja"",""score"":0.7264999999999999,""matchPct"":72.6},{""code"":""ES"",""name"":""Hiszpania"",""score"":0.7075,""matchPct"":70.8},{""code"":""US"",""name"":""USA"",""score"":0.659,""matchPct"":65.9},{""code"":""JP"",""name"":""Japonia"",""score"":0.6365,""matchPct"":63.7},{""code"":""GB"",""name"":""Wielka Brytania"",""score"":0.604,""matchPct"":60.4},{""code"":""IN"",""name"":""Indie"",""score"":0.6024999999999999,""matchPct"":60.2},{""code"":""GR"",""name"":""Grecja"",""score"":0.571,""matchPct"":57.1},{""code"":""NL"",""name"":""Holandia"",""score"":0.5695000000000001,""matchPct"":57}]",aspirations,reality,wsm,5,4,5,4,4,5,4,5,5,C,wsm,false,"Kraje wymienione na liście C stanowią wszystkie kierunki, które interesują mnie podczas, gdy niektóre propozycje z listy A i B nie są do końca trafne",tak
e7c6100e-0eac-4be3-9ca6-ea4927f262b1,2026-05-04 19:09:38.451705+00,Mężczyzna,18-25 lat,Raz na kilka lat,0.19,0.07,0.15,0.17,0.29,0.13,"Włochy (81.3%), Chiny (75.9%), Hiszpania (73.2%), Francja (72.2%), Indie (65.8%), USA (64.9%), Grecja (64.2%), Wielka Brytania (62.9%), Japonia (62.8%), Gruzja (62.6%)","[{""code"":""IT"",""name"":""Włochy"",""score"":0.813,""matchPct"":81.3},{""code"":""CN"",""name"":""Chiny"",""score"":0.7586999999999999,""matchPct"":75.9},{""code"":""ES"",""name"":""Hiszpania"",""score"":0.7316,""matchPct"":73.2},{""code"":""FR"",""name"":""Francja"",""score"":0.7224,""matchPct"":72.2},{""code"":""IN"",""name"":""Indie"",""score"":0.6578999999999999,""matchPct"":65.8},{""code"":""US"",""name"":""USA"",""score"":0.6494,""matchPct"":64.9},{""code"":""GR"",""name"":""Grecja"",""score"":0.6424000000000001,""matchPct"":64.2},{""code"":""GB"",""name"":""Wielka Brytania"",""score"":0.6288,""matchPct"":62.9},{""code"":""JP"",""name"":""Japonia"",""score"":0.6277999999999999,""matchPct"":62.8},{""code"":""GE"",""name"":""Gruzja"",""score"":0.6256999999999999,""matchPct"":62.6}]",aspirations,reality,wsm,2,4,2,5,2,5,3,3,3,A,aspirations,false,"Lista A jest  najbardziej inspirująca, ponieważ  dla mnie (jako Polaka)  są tam kraje ''egzotyczne'' z  całkowitą inną kulturą, przekonaniami i historią niż u nas w Europie. I dla mnie są to najciekawsze do zwiedzania kraje ( z tych 3 list)( i też najdroższa (loty))
Lista B czyli Europę uważam za taki ''szybki wyjazd'' żeby sobie odpocząć i pozwiedzać.
Lista C to taki mix tego i tego, co też jest w porządku żeby ''być u siebie'' i raz czas polecieć gdzieś dalej.",tak
e7d72a06-0b4f-4eac-bdbf-340da9c5a00e,2026-05-04 17:16:08.703222+00,Kobieta,26-35 lat,Raz w roku,0.05,0.4,0.05,0.05,0.4,0.05,"Grecja (78.7%), Włochy (74.5%), Tajlandia (71.5%), Hiszpania (70%), Indie (69.2%), Indonezja (68.8%), Turcja (67.4%), Filipiny (67.2%), Egipt (66.6%), Francja (65.6%)","[{""code"":""GR"",""name"":""Grecja"",""score"":0.7865000000000001,""matchPct"":78.7},{""code"":""IT"",""name"":""Włochy"",""score"":0.7454999999999999,""matchPct"":74.5},{""code"":""TH"",""name"":""Tajlandia"",""score"":0.7145,""matchPct"":71.5},{""code"":""ES"",""name"":""Hiszpania"",""score"":0.6995,""matchPct"":70},{""code"":""IN"",""name"":""Indie"",""score"":0.6915000000000001,""matchPct"":69.2},{""code"":""ID"",""name"":""Indonezja"",""score"":0.6875000000000001,""matchPct"":68.8},{""code"":""TR"",""name"":""Turcja"",""score"":0.6735000000000001,""matchPct"":67.4},{""code"":""PH"",""name"":""Filipiny"",""score"":0.6715000000000001,""matchPct"":67.2},{""code"":""EG"",""name"":""Egipt"",""score"":0.6655000000000001,""matchPct"":66.6},{""code"":""FR"",""name"":""Francja"",""score"":0.656,""matchPct"":65.6}]",reality,aspirations,wsm,5,2,5,3,1,5,4,3,3,C,wsm,false,,tak
e8b38a25-84a4-4f99-986c-15647d4e7d6f,2026-05-04 18:10:26.319727+00,Mężczyzna,18-25 lat,Raz na kilka lat,0.05,0.12,0.13,0.2,0.3,0.2,"Chiny (76.8%), Włochy (76.4%), Hiszpania (75.5%), Gruzja (70.8%), Grecja (70.7%), Francja (69.6%), Chorwacja (69.4%), Słowenia (68.7%), Andora (68.6%), Japonia (68.5%)","[{""code"":""CN"",""name"":""Chiny"",""score"":0.7677,""matchPct"":76.8},{""code"":""IT"",""name"":""Włochy"",""score"":0.764,""matchPct"":76.4},{""code"":""ES"",""name"":""Hiszpania"",""score"":0.7553000000000001,""matchPct"":75.5},{""code"":""GE"",""name"":""Gruzja"",""score"":0.7080000000000001,""matchPct"":70.8},{""code"":""GR"",""name"":""Grecja"",""score"":0.7074,""matchPct"":70.7},{""code"":""FR"",""name"":""Francja"",""score"":0.696,""matchPct"":69.6},{""code"":""HR"",""name"":""Chorwacja"",""score"":0.6935000000000001,""matchPct"":69.4},{""code"":""SI"",""name"":""Słowenia"",""score"":0.6869000000000001,""matchPct"":68.7},{""code"":""AD"",""name"":""Andora"",""score"":0.6862,""matchPct"":68.6},{""code"":""JP"",""name"":""Japonia"",""score"":0.6852000000000001,""matchPct"":68.5}]",wsm,reality,aspirations,2,1,3,4,1,3,1,2,2,C,aspirations,false,,trudno_powiedziec
e94d965b-c3da-4778-9d21-5a6399d718b8,2026-05-04 17:18:12.084511+00,Nie chcę podawać,18-25 lat,Raz na kilka lat,0.2,0.05,0.25,0.15,0.15,0.2,"Chiny (80.9%), Włochy (78.2%), USA (67.7%), Hiszpania (67.5%), Francja (67%), Japonia (64.7%), Indie (62.1%), Gruzja (57.6%), Kanada (57.4%), Słowenia (56.9%)","[{""code"":""CN"",""name"":""Chiny"",""score"":0.8085,""matchPct"":80.9},{""code"":""IT"",""name"":""Włochy"",""score"":0.7815,""matchPct"":78.2},{""code"":""US"",""name"":""USA"",""score"":0.6774999999999999,""matchPct"":67.7},{""code"":""ES"",""name"":""Hiszpania"",""score"":0.675,""matchPct"":67.5},{""code"":""FR"",""name"":""Francja"",""score"":0.6704999999999999,""matchPct"":67},{""code"":""JP"",""name"":""Japonia"",""score"":0.647,""matchPct"":64.7},{""code"":""IN"",""name"":""Indie"",""score"":0.6209999999999999,""matchPct"":62.1},{""code"":""GE"",""name"":""Gruzja"",""score"":0.5755,""matchPct"":57.6},{""code"":""CA"",""name"":""Kanada"",""score"":0.5735,""matchPct"":57.4},{""code"":""SI"",""name"":""Słowenia"",""score"":0.5690000000000001,""matchPct"":56.9}]",aspirations,wsm,reality,4,3,5,4,3,4,1,3,2,B,wsm,false,,tak
e98f5c93-59d2-4761-aea8-591af816cc21,2026-05-02 12:26:14.778092+00,Kobieta,26-35 lat,2-3 razy w roku,0.26,0.25,0.04,0.25,0,0.2,"Włochy (77.2%), Chiny (68.9%), Hiszpania (68.6%), Francja (67.3%), Japonia (64.7%), USA (64.6%), Grecja (62.1%), Australia (59.6%), Indie (56.7%), Tajlandia (55.5%)","[{""code"":""IT"",""name"":""Włochy"",""score"":0.772,""matchPct"":77.2},{""code"":""CN"",""name"":""Chiny"",""score"":0.6888,""matchPct"":68.9},{""code"":""ES"",""name"":""Hiszpania"",""score"":0.6862,""matchPct"":68.6},{""code"":""FR"",""name"":""Francja"",""score"":0.6726,""matchPct"":67.3},{""code"":""JP"",""name"":""Japonia"",""score"":0.6469,""matchPct"":64.7},{""code"":""US"",""name"":""USA"",""score"":0.6462,""matchPct"":64.6},{""code"":""GR"",""name"":""Grecja"",""score"":0.6214,""matchPct"":62.1},{""code"":""AU"",""name"":""Australia"",""score"":0.5964,""matchPct"":59.6},{""code"":""IN"",""name"":""Indie"",""score"":0.5667,""matchPct"":56.7},{""code"":""TH"",""name"":""Tajlandia"",""score"":0.5547,""matchPct"":55.5}]",reality,aspirations,wsm,5,5,5,5,5,5,3,5,3,B,aspirations,false,,tak
e9a798f8-3b9c-412f-878c-46b650f442b2,2026-05-04 17:20:33.597927+00,Mężczyzna,18-25 lat,Raz w roku,0.2,0,0.3,0.1,0.15,0.25,"Chiny (84.7%), Włochy (77.1%), USA (66.8%), Hiszpania (65.9%), Japonia (65.2%), Francja (64.9%), Indie (61.9%), Kanada (59.9%), Gruzja (59.2%), Słowenia (59%)","[{""code"":""CN"",""name"":""Chiny"",""score"":0.847,""matchPct"":84.7},{""code"":""IT"",""name"":""Włochy"",""score"":0.771,""matchPct"":77.1},{""code"":""US"",""name"":""USA"",""score"":0.6684999999999999,""matchPct"":66.8},{""code"":""ES"",""name"":""Hiszpania"",""score"":0.6585,""matchPct"":65.9},{""code"":""JP"",""name"":""Japonia"",""score"":0.6515,""matchPct"":65.2},{""code"":""FR"",""name"":""Francja"",""score"":0.649,""matchPct"":64.9},{""code"":""IN"",""name"":""Indie"",""score"":0.6185,""matchPct"":61.9},{""code"":""CA"",""name"":""Kanada"",""score"":0.599,""matchPct"":59.9},{""code"":""GE"",""name"":""Gruzja"",""score"":0.5915,""matchPct"":59.2},{""code"":""SI"",""name"":""Słowenia"",""score"":0.5895,""matchPct"":59}]",aspirations,reality,wsm,3,1,2,2,1,2,4,4,3,B,reality,false,,trudno_powiedziec
e9ce7126-6a3e-42ba-baf4-392858bd6130,2026-05-02 18:34:12.286258+00,Kobieta,26-35 lat,Częściej niż 3 razy w roku,0.12,0.35,0.28,0.07,0.08,0.1,"USA (72.5%), Włochy (71.4%), Chiny (70.5%), Indie (61.6%), Grecja (60.5%), Japonia (59.7%), Indonezja (59.6%), Tajlandia (59.3%), Meksyk (58.9%), Australia (58.8%)","[{""code"":""US"",""name"":""USA"",""score"":0.7248,""matchPct"":72.5},{""code"":""IT"",""name"":""Włochy"",""score"":0.7142,""matchPct"":71.4},{""code"":""CN"",""name"":""Chiny"",""score"":0.7047999999999999,""matchPct"":70.5},{""code"":""IN"",""name"":""Indie"",""score"":0.6163000000000001,""matchPct"":61.6},{""code"":""GR"",""name"":""Grecja"",""score"":0.605,""matchPct"":60.5},{""code"":""JP"",""name"":""Japonia"",""score"":0.5974999999999999,""matchPct"":59.7},{""code"":""ID"",""name"":""Indonezja"",""score"":0.5960000000000001,""matchPct"":59.6},{""code"":""TH"",""name"":""Tajlandia"",""score"":0.5931000000000001,""matchPct"":59.3},{""code"":""MX"",""name"":""Meksyk"",""score"":0.5887,""matchPct"":58.9},{""code"":""AU"",""name"":""Australia"",""score"":0.5879999999999999,""matchPct"":58.8}]",wsm,reality,aspirations,4,5,5,5,5,5,4,5,2,C,aspirations,false,"Dużo kierunków, które mam na swojej liście “do zobaczenia”",trudno_powiedziec
ea26d337-d7c5-435a-82d7-a9870bad92dd,2026-05-04 17:08:40.378473+00,Kobieta,18-25 lat,Raz w roku,0.3,0,0,0.1,0.1,0.5,"Chiny (81.2%), Włochy (76%), Hiszpania (72.9%), Holandia (71.9%), Japonia (69.3%), Andora (66.7%), Czechy (65.9%), Singapur (64.8%), Francja (64.7%), Chorwacja (63.9%)","[{""code"":""CN"",""name"":""Chiny"",""score"":0.812,""matchPct"":81.2},{""code"":""IT"",""name"":""Włochy"",""score"":0.76,""matchPct"":76},{""code"":""ES"",""name"":""Hiszpania"",""score"":0.7290000000000001,""matchPct"":72.9},{""code"":""NL"",""name"":""Holandia"",""score"":0.7190000000000001,""matchPct"":71.9},{""code"":""JP"",""name"":""Japonia"",""score"":0.6930000000000001,""matchPct"":69.3},{""code"":""AD"",""name"":""Andora"",""score"":0.667,""matchPct"":66.7},{""code"":""CZ"",""name"":""Czechy"",""score"":0.659,""matchPct"":65.9},{""code"":""SG"",""name"":""Singapur"",""score"":0.648,""matchPct"":64.8},{""code"":""FR"",""name"":""Francja"",""score"":0.647,""matchPct"":64.7},{""code"":""HR"",""name"":""Chorwacja"",""score"":0.639,""matchPct"":63.9}]",aspirations,reality,wsm,4,3,5,3,2,3,3,5,2,C,wsm,false,Lista c ma najciekawsze kierunki oraz do większości z  nich dałabym radę się na ten momet wybrać.,tak
ead4e50f-e41f-4431-8dd4-0fbc8eed0182,2026-05-04 17:09:53.5664+00,Kobieta,18-25 lat,2-3 razy w roku,0.34,0.25,0.1,0.02,0.29,0,"Włochy (83%), Francja (69.4%), Indie (65.3%), Hiszpania (65.1%), Chiny (63.8%), Grecja (61.5%), USA (57.2%), Meksyk (57.1%), Turcja (55.1%), Tajlandia (51.7%)","[{""code"":""IT"",""name"":""Włochy"",""score"":0.8298999999999999,""matchPct"":83},{""code"":""FR"",""name"":""Francja"",""score"":0.6944,""matchPct"":69.4},{""code"":""IN"",""name"":""Indie"",""score"":0.6526,""matchPct"":65.3},{""code"":""ES"",""name"":""Hiszpania"",""score"":0.6505,""matchPct"":65.1},{""code"":""CN"",""name"":""Chiny"",""score"":0.6380000000000001,""matchPct"":63.8},{""code"":""GR"",""name"":""Grecja"",""score"":0.6147,""matchPct"":61.5},{""code"":""US"",""name"":""USA"",""score"":0.5721999999999999,""matchPct"":57.2},{""code"":""MX"",""name"":""Meksyk"",""score"":0.5708,""matchPct"":57.1},{""code"":""TR"",""name"":""Turcja"",""score"":0.5513,""matchPct"":55.1},{""code"":""TH"",""name"":""Tajlandia"",""score"":0.5174,""matchPct"":51.7}]",wsm,reality,aspirations,2,5,4,4,2,4,3,5,2,A,wsm,false,Myślę że jest najbardziej osiągalna finansowo,tak
eb3fd7a6-bbfb-4efa-a516-49d0e4927702,2026-05-04 17:08:28.743254+00,Inna,18-25 lat,Raz na kilka lat,0.35,0.2,0.2,0.05,0.05,0.15,"Włochy (78.3%), Chiny (71.9%), Francja (63.1%), USA (61.3%), Hiszpania (59.6%), Indie (58.4%), Japonia (56.1%), Grecja (50.1%), Meksyk (47.9%), Australia (46.8%)","[{""code"":""IT"",""name"":""Włochy"",""score"":0.783,""matchPct"":78.3},{""code"":""CN"",""name"":""Chiny"",""score"":0.7189999999999999,""matchPct"":71.9},{""code"":""FR"",""name"":""Francja"",""score"":0.6305,""matchPct"":63.1},{""code"":""US"",""name"":""USA"",""score"":0.6125,""matchPct"":61.3},{""code"":""ES"",""name"":""Hiszpania"",""score"":0.5955,""matchPct"":59.6},{""code"":""IN"",""name"":""Indie"",""score"":0.584,""matchPct"":58.4},{""code"":""JP"",""name"":""Japonia"",""score"":0.5605,""matchPct"":56.1},{""code"":""GR"",""name"":""Grecja"",""score"":0.5015,""matchPct"":50.1},{""code"":""MX"",""name"":""Meksyk"",""score"":0.47850000000000004,""matchPct"":47.9},{""code"":""AU"",""name"":""Australia"",""score"":0.46799999999999997,""matchPct"":46.8}]",wsm,reality,aspirations,3,1,4,3,1,3,2,1,3,A,wsm,false,,trudno_powiedziec
eb886754-bb8a-4b6c-aa49-f86cec75e064,2026-05-04 18:03:26.691342+00,Kobieta,26-35 lat,2-3 razy w roku,0.09,0.15,0.37,0,0.2,0.19,"Chiny (81.1%), Włochy (72.1%), USA (70.5%), Indie (64.5%), Japonia (62.3%), Hiszpania (60.4%), Francja (58.8%), Gruzja (58.3%), Indonezja (57.7%), Kanada (57.4%)","[{""code"":""CN"",""name"":""Chiny"",""score"":0.8107,""matchPct"":81.1},{""code"":""IT"",""name"":""Włochy"",""score"":0.7212999999999999,""matchPct"":72.1},{""code"":""US"",""name"":""USA"",""score"":0.7048,""matchPct"":70.5},{""code"":""IN"",""name"":""Indie"",""score"":0.6454,""matchPct"":64.5},{""code"":""JP"",""name"":""Japonia"",""score"":0.6225,""matchPct"":62.3},{""code"":""ES"",""name"":""Hiszpania"",""score"":0.6036999999999999,""matchPct"":60.4},{""code"":""FR"",""name"":""Francja"",""score"":0.5884,""matchPct"":58.8},{""code"":""GE"",""name"":""Gruzja"",""score"":0.5827,""matchPct"":58.3},{""code"":""ID"",""name"":""Indonezja"",""score"":0.5767,""matchPct"":57.7},{""code"":""CA"",""name"":""Kanada"",""score"":0.5742,""matchPct"":57.4}]",reality,aspirations,wsm,4,5,5,3,5,4,3,5,2,C,wsm,false,Najmniej zaliczonych kierunkow,tak
ebd9a1ca-7555-4a3f-9444-3e76efb490e2,2026-05-04 19:58:36.929469+00,Mężczyzna,18-25 lat,Raz na kilka lat,0.25,0,0.2,0.25,0,0.3,"Chiny (83.5%), Włochy (78.1%), Japonia (69.8%), Hiszpania (69.3%), Francja (67.8%), USA (67.5%), Holandia (60.2%), Andora (58.9%), Wielka Brytania (58.4%), Korea Południowa (58.4%)","[{""code"":""CN"",""name"":""Chiny"",""score"":0.835,""matchPct"":83.5},{""code"":""IT"",""name"":""Włochy"",""score"":0.7809999999999999,""matchPct"":78.1},{""code"":""JP"",""name"":""Japonia"",""score"":0.698,""matchPct"":69.8},{""code"":""ES"",""name"":""Hiszpania"",""score"":0.693,""matchPct"":69.3},{""code"":""FR"",""name"":""Francja"",""score"":0.6775,""matchPct"":67.8},{""code"":""US"",""name"":""USA"",""score"":0.675,""matchPct"":67.5},{""code"":""NL"",""name"":""Holandia"",""score"":0.6020000000000001,""matchPct"":60.2},{""code"":""AD"",""name"":""Andora"",""score"":0.5885,""matchPct"":58.9},{""code"":""GB"",""name"":""Wielka Brytania"",""score"":0.5835,""matchPct"":58.4},{""code"":""KR"",""name"":""Korea Południowa"",""score"":0.5835,""matchPct"":58.4}]",wsm,reality,aspirations,4,3,5,2,3,3,3,4,4,A,wsm,false,,trudno_powiedziec
ebdcdf70-6325-464a-b3ad-d71b5623bc33,2026-05-04 17:09:57.791907+00,Mężczyzna,18-25 lat,Raz na kilka lat,0.05,0.25,0.05,0.15,0.25,0.25,"Hiszpania (73.1%), Włochy (72.7%), Grecja (72.2%), Chiny (71.4%), Japonia (67.6%), Chorwacja (67.2%), Gruzja (67.1%), Tajlandia (66.4%), Francja (65%), Słowenia (64.9%)","[{""code"":""ES"",""name"":""Hiszpania"",""score"":0.731,""matchPct"":73.1},{""code"":""IT"",""name"":""Włochy"",""score"":0.727,""matchPct"":72.7},{""code"":""GR"",""name"":""Grecja"",""score"":0.722,""matchPct"":72.2},{""code"":""CN"",""name"":""Chiny"",""score"":0.7144999999999999,""matchPct"":71.4},{""code"":""JP"",""name"":""Japonia"",""score"":0.6759999999999999,""matchPct"":67.6},{""code"":""HR"",""name"":""Chorwacja"",""score"":0.6715,""matchPct"":67.2},{""code"":""GE"",""name"":""Gruzja"",""score"":0.6705,""matchPct"":67.1},{""code"":""TH"",""name"":""Tajlandia"",""score"":0.6635,""matchPct"":66.4},{""code"":""FR"",""name"":""Francja"",""score"":0.6499999999999999,""matchPct"":65},{""code"":""SI"",""name"":""Słowenia"",""score"":0.649,""matchPct"":64.9}]",reality,wsm,aspirations,4,2,5,3,3,3,4,3,4,B,wsm,false,"Lista B zawiera kierunki, które mnie interesują",tak
ec97cd2c-629d-49f7-a873-3aa87ad3b65b,2026-05-04 16:57:31.527779+00,Kobieta,36-45 lat,Raz w roku,0.25,0.25,0,0,0.25,0.25,"Włochy (76%), Hiszpania (68.3%), Chiny (67.5%), Francja (63.8%), Grecja (62.8%), Indie (61.8%), Japonia (58.5%), Gruzja (56.5%), Tajlandia (56.3%), Turcja (55.8%)","[{""code"":""IT"",""name"":""Włochy"",""score"":0.76,""matchPct"":76},{""code"":""ES"",""name"":""Hiszpania"",""score"":0.6825,""matchPct"":68.3},{""code"":""CN"",""name"":""Chiny"",""score"":0.675,""matchPct"":67.5},{""code"":""FR"",""name"":""Francja"",""score"":0.6375,""matchPct"":63.8},{""code"":""GR"",""name"":""Grecja"",""score"":0.6275,""matchPct"":62.8},{""code"":""IN"",""name"":""Indie"",""score"":0.6175,""matchPct"":61.8},{""code"":""JP"",""name"":""Japonia"",""score"":0.585,""matchPct"":58.5},{""code"":""GE"",""name"":""Gruzja"",""score"":0.565,""matchPct"":56.5},{""code"":""TH"",""name"":""Tajlandia"",""score"":0.5625,""matchPct"":56.3},{""code"":""TR"",""name"":""Turcja"",""score"":0.5575,""matchPct"":55.8}]",reality,wsm,aspirations,3,2,2,1,1,1,5,5,5,A,reality,false,Kierunki na moją kieszeń,tak
eca11b65-7463-4c8b-845d-a4035670e8ae,2026-05-04 17:07:04.659525+00,Mężczyzna,18-25 lat,Raz w roku,0.4,0.1,0.1,0.15,0.1,0.15,"Włochy (83.5%), Chiny (72.2%), Francja (70.7%), Hiszpania (67.4%), Indie (59%), USA (58.5%), Japonia (58%), Wielka Brytania (55.4%), Grecja (53.4%), Holandia (51.3%)","[{""code"":""IT"",""name"":""Włochy"",""score"":0.8345,""matchPct"":83.5},{""code"":""CN"",""name"":""Chiny"",""score"":0.7219999999999999,""matchPct"":72.2},{""code"":""FR"",""name"":""Francja"",""score"":0.707,""matchPct"":70.7},{""code"":""ES"",""name"":""Hiszpania"",""score"":0.6739999999999999,""matchPct"":67.4},{""code"":""IN"",""name"":""Indie"",""score"":0.59,""matchPct"":59},{""code"":""US"",""name"":""USA"",""score"":0.5845,""matchPct"":58.5},{""code"":""JP"",""name"":""Japonia"",""score"":0.5800000000000001,""matchPct"":58},{""code"":""GB"",""name"":""Wielka Brytania"",""score"":0.554,""matchPct"":55.4},{""code"":""GR"",""name"":""Grecja"",""score"":0.5335,""matchPct"":53.4},{""code"":""NL"",""name"":""Holandia"",""score"":0.5125,""matchPct"":51.3}]",aspirations,wsm,reality,4,3,4,3,2,4,4,3,4,C,reality,false,,tak
ecdd2cb4-d000-4832-8ad6-7b468750f6aa,2026-05-04 07:09:16.159319+00,Kobieta,46-60 lat,2-3 razy w roku,0.25,0.75,0,0,0,0,"Włochy (70%), Grecja (68.8%), Tajlandia (67.8%), Meksyk (67.5%), Australia (65%), Filipiny (61.5%), USA (61.5%), Indonezja (60.5%), Indie (57.5%), Francja (54.8%)","[{""code"":""IT"",""name"":""Włochy"",""score"":0.7,""matchPct"":70},{""code"":""GR"",""name"":""Grecja"",""score"":0.6875,""matchPct"":68.8},{""code"":""TH"",""name"":""Tajlandia"",""score"":0.6775,""matchPct"":67.8},{""code"":""MX"",""name"":""Meksyk"",""score"":0.6749999999999999,""matchPct"":67.5},{""code"":""AU"",""name"":""Australia"",""score"":0.65,""matchPct"":65},{""code"":""PH"",""name"":""Filipiny"",""score"":0.615,""matchPct"":61.5},{""code"":""US"",""name"":""USA"",""score"":0.6149999999999999,""matchPct"":61.5},{""code"":""ID"",""name"":""Indonezja"",""score"":0.605,""matchPct"":60.5},{""code"":""IN"",""name"":""Indie"",""score"":0.575,""matchPct"":57.5},{""code"":""FR"",""name"":""Francja"",""score"":0.5475,""matchPct"":54.8}]",aspirations,reality,wsm,1,3,4,1,1,4,4,4,4,B,reality,false,,tak
ed309e5d-6712-4fa5-b911-baefb4fa27a7,2026-05-04 17:08:19.743211+00,Mężczyzna,18-25 lat,2-3 razy w roku,0.1,0.15,0.15,0.1,0.2,0.3,"Chiny (77.9%), Włochy (72.8%), Hiszpania (69.5%), Japonia (67.5%), Gruzja (65.1%), Słowenia (64.1%), USA (64.1%), Chorwacja (63.6%), Francja (62.9%), Grecja (62.6%)","[{""code"":""CN"",""name"":""Chiny"",""score"":0.7785,""matchPct"":77.9},{""code"":""IT"",""name"":""Włochy"",""score"":0.728,""matchPct"":72.8},{""code"":""ES"",""name"":""Hiszpania"",""score"":0.6945,""matchPct"":69.5},{""code"":""JP"",""name"":""Japonia"",""score"":0.6745,""matchPct"":67.5},{""code"":""GE"",""name"":""Gruzja"",""score"":0.6505000000000001,""matchPct"":65.1},{""code"":""SI"",""name"":""Słowenia"",""score"":0.6405000000000001,""matchPct"":64.1},{""code"":""US"",""name"":""USA"",""score"":0.6405,""matchPct"":64.1},{""code"":""HR"",""name"":""Chorwacja"",""score"":0.6360000000000001,""matchPct"":63.6},{""code"":""FR"",""name"":""Francja"",""score"":0.6285000000000001,""matchPct"":62.9},{""code"":""GR"",""name"":""Grecja"",""score"":0.6255000000000001,""matchPct"":62.6}]",wsm,aspirations,reality,2,2,3,2,1,3,1,3,2,B,aspirations,false,,trudno_powiedziec
ed7fd1a6-ac1c-41a4-bfab-ff70646fe857,2026-05-04 17:35:31.885817+00,Kobieta,18-25 lat,Raz w roku,0.1,0.02,0.05,0.13,0.35,0.35,"Chiny (80.2%), Hiszpania (78.7%), Andora (78.4%), Gruzja (77.8%), Włochy (76.5%), Chorwacja (76%), Czechy (75.7%), Holandia (75.4%), Portugalia (75.3%), Słowenia (75%)","[{""code"":""CN"",""name"":""Chiny"",""score"":0.8023,""matchPct"":80.2},{""code"":""ES"",""name"":""Hiszpania"",""score"":0.7867999999999999,""matchPct"":78.7},{""code"":""AD"",""name"":""Andora"",""score"":0.7843,""matchPct"":78.4},{""code"":""GE"",""name"":""Gruzja"",""score"":0.778,""matchPct"":77.8},{""code"":""IT"",""name"":""Włochy"",""score"":0.7654,""matchPct"":76.5},{""code"":""HR"",""name"":""Chorwacja"",""score"":0.76,""matchPct"":76},{""code"":""CZ"",""name"":""Czechy"",""score"":0.7567,""matchPct"":75.7},{""code"":""NL"",""name"":""Holandia"",""score"":0.7541,""matchPct"":75.4},{""code"":""PT"",""name"":""Portugalia"",""score"":0.7533000000000001,""matchPct"":75.3},{""code"":""SI"",""name"":""Słowenia"",""score"":0.7504,""matchPct"":75}]",wsm,reality,aspirations,3,3,2,4,2,4,2,3,2,A,wsm,false,"Lista C ma za drogie koszty, w liście B są kraje w których jest bardzo ciepło, a ja nie przepadam za gorącem. W liście A jest kilka kraji, które da się zwiedzić budżetowo oraz kraje, które sama rozważałam.",tak
edc39678-b03c-45fd-b65a-3b704f3365d8,2026-05-04 17:12:50.962716+00,Mężczyzna,18-25 lat,Raz w roku,0.05,0.1,0.4,0.2,0.05,0.2,"Chiny (85.2%), USA (80.1%), Włochy (72.3%), Japonia (70%), Kanada (67.1%), Hiszpania (63.4%), Francja (62%), Indie (61.6%), Słowenia (60.7%), Australia (58.9%)","[{""code"":""CN"",""name"":""Chiny"",""score"":0.8520000000000001,""matchPct"":85.2},{""code"":""US"",""name"":""USA"",""score"":0.8009999999999999,""matchPct"":80.1},{""code"":""IT"",""name"":""Włochy"",""score"":0.7234999999999999,""matchPct"":72.3},{""code"":""JP"",""name"":""Japonia"",""score"":0.6995,""matchPct"":70},{""code"":""CA"",""name"":""Kanada"",""score"":0.6705,""matchPct"":67.1},{""code"":""ES"",""name"":""Hiszpania"",""score"":0.6335,""matchPct"":63.4},{""code"":""FR"",""name"":""Francja"",""score"":0.6195,""matchPct"":62},{""code"":""IN"",""name"":""Indie"",""score"":0.616,""matchPct"":61.6},{""code"":""SI"",""name"":""Słowenia"",""score"":0.6065,""matchPct"":60.7},{""code"":""AU"",""name"":""Australia"",""score"":0.589,""matchPct"":58.9}]",reality,wsm,aspirations,4,3,3,5,4,5,3,5,2,C,aspirations,false,,tak
eebe778d-55a1-4a2c-b0fe-01adebd732c4,2026-05-04 17:59:16.244446+00,Kobieta,18-25 lat,Raz na kilka lat,0.2,0.1,0.15,0,0.3,0.25,"Włochy (76.9%), Chiny (76.8%), Hiszpania (68.5%), Francja (64.8%), Indie (64.4%), Gruzja (63.1%), Japonia (60.9%), Słowenia (59.3%), Chorwacja (59.1%), Grecja (58.7%)","[{""code"":""IT"",""name"":""Włochy"",""score"":0.7685,""matchPct"":76.9},{""code"":""CN"",""name"":""Chiny"",""score"":0.7675000000000001,""matchPct"":76.8},{""code"":""ES"",""name"":""Hiszpania"",""score"":0.6845,""matchPct"":68.5},{""code"":""FR"",""name"":""Francja"",""score"":0.6475,""matchPct"":64.8},{""code"":""IN"",""name"":""Indie"",""score"":0.644,""matchPct"":64.4},{""code"":""GE"",""name"":""Gruzja"",""score"":0.631,""matchPct"":63.1},{""code"":""JP"",""name"":""Japonia"",""score"":0.609,""matchPct"":60.9},{""code"":""SI"",""name"":""Słowenia"",""score"":0.5925,""matchPct"":59.3},{""code"":""HR"",""name"":""Chorwacja"",""score"":0.591,""matchPct"":59.1},{""code"":""GR"",""name"":""Grecja"",""score"":0.587,""matchPct"":58.7}]",wsm,reality,aspirations,2,1,3,2,1,2,2,2,3,A,wsm,false,,tak
ef3c4e3d-86d1-4e3a-97bb-52be7f40ef76,2026-05-02 10:22:05.277572+00,Kobieta,18-25 lat,Raz na kilka lat,0.25,0.2,0.18,0.2,0.17,0,"Włochy (82%), Francja (71.4%), Chiny (69.4%), USA (69.2%), Hiszpania (67.2%), Indie (63.8%), Grecja (63.1%), Meksyk (58.7%), Japonia (58.1%), Turcja (56.5%)","[{""code"":""IT"",""name"":""Włochy"",""score"":0.8199000000000001,""matchPct"":82},{""code"":""FR"",""name"":""Francja"",""score"":0.7137,""matchPct"":71.4},{""code"":""CN"",""name"":""Chiny"",""score"":0.6942,""matchPct"":69.4},{""code"":""US"",""name"":""USA"",""score"":0.6920000000000001,""matchPct"":69.2},{""code"":""ES"",""name"":""Hiszpania"",""score"":0.6721,""matchPct"":67.2},{""code"":""IN"",""name"":""Indie"",""score"":0.6378,""matchPct"":63.8},{""code"":""GR"",""name"":""Grecja"",""score"":0.6308,""matchPct"":63.1},{""code"":""MX"",""name"":""Meksyk"",""score"":0.5872,""matchPct"":58.7},{""code"":""JP"",""name"":""Japonia"",""score"":0.5805,""matchPct"":58.1},{""code"":""TR"",""name"":""Turcja"",""score"":0.5649000000000001,""matchPct"":56.5}]",reality,aspirations,wsm,4,3,4,5,3,4,3,4,3,B,aspirations,false,Te destynacje są dla mnie najbardziej interesujące,tak
ef9579c0-2345-4ee2-83a0-f21776bfd630,2026-05-04 17:54:50.275966+00,Mężczyzna,18-25 lat,Raz na kilka lat,0.32,0.02,0.16,0.11,0.29,0.1,"Włochy (85%), Chiny (75.5%), Francja (73.4%), Hiszpania (70.7%), Indie (65.2%), Wielka Brytania (61.8%), USA (59.9%), Turcja (58%), Japonia (57.5%), Grecja (57.3%)","[{""code"":""IT"",""name"":""Włochy"",""score"":0.8500999999999999,""matchPct"":85},{""code"":""CN"",""name"":""Chiny"",""score"":0.7554,""matchPct"":75.5},{""code"":""FR"",""name"":""Francja"",""score"":0.7344,""matchPct"":73.4},{""code"":""ES"",""name"":""Hiszpania"",""score"":0.7069,""matchPct"":70.7},{""code"":""IN"",""name"":""Indie"",""score"":0.6517000000000001,""matchPct"":65.2},{""code"":""GB"",""name"":""Wielka Brytania"",""score"":0.6179,""matchPct"":61.8},{""code"":""US"",""name"":""USA"",""score"":0.5988,""matchPct"":59.9},{""code"":""TR"",""name"":""Turcja"",""score"":0.5796000000000001,""matchPct"":58},{""code"":""JP"",""name"":""Japonia"",""score"":0.5751,""matchPct"":57.5},{""code"":""GR"",""name"":""Grecja"",""score"":0.5733,""matchPct"":57.3}]",wsm,aspirations,reality,4,4,5,3,4,4,5,5,5,A,wsm,false,,tak
efea5920-6899-49b8-8eed-e355d7af3704,2026-05-01 20:57:33.512049+00,Kobieta,46-60 lat,Częściej niż 3 razy w roku,0.5,0.2,0.05,0.05,0.05,0.15,"Włochy (82.8%), Francja (67%), Chiny (66.4%), Hiszpania (62.1%), Indie (56.5%), Japonia (52.2%), USA (51.8%), Grecja (49.3%), Wielka Brytania (47.1%), Meksyk (44.1%)","[{""code"":""IT"",""name"":""Włochy"",""score"":0.8280000000000001,""matchPct"":82.8},{""code"":""FR"",""name"":""Francja"",""score"":0.6695,""matchPct"":67},{""code"":""CN"",""name"":""Chiny"",""score"":0.6635,""matchPct"":66.4},{""code"":""ES"",""name"":""Hiszpania"",""score"":0.6210000000000001,""matchPct"":62.1},{""code"":""IN"",""name"":""Indie"",""score"":0.5645,""matchPct"":56.5},{""code"":""JP"",""name"":""Japonia"",""score"":0.5215000000000001,""matchPct"":52.2},{""code"":""US"",""name"":""USA"",""score"":0.5179999999999999,""matchPct"":51.8},{""code"":""GR"",""name"":""Grecja"",""score"":0.4925,""matchPct"":49.3},{""code"":""GB"",""name"":""Wielka Brytania"",""score"":0.471,""matchPct"":47.1},{""code"":""MX"",""name"":""Meksyk"",""score"":0.44100000000000006,""matchPct"":44.1}]",wsm,aspirations,reality,3,5,3,3,5,3,3,5,2,A,wsm,false,,tak
f02a2905-f593-4bc5-9143-eab602c0a79e,2026-05-04 17:12:28.422096+00,Mężczyzna,26-35 lat,Raz na kilka lat,0.2,0.1,0.2,0.1,0,0.4,"Chiny (82.4%), Włochy (71.6%), Japonia (68.9%), Hiszpania (64.2%), USA (63.2%), Francja (59%), Słowenia (58%), Korea Południowa (56.9%), Singapur (56.1%), Gruzja (56%)","[{""code"":""CN"",""name"":""Chiny"",""score"":0.8240000000000001,""matchPct"":82.4},{""code"":""IT"",""name"":""Włochy"",""score"":0.716,""matchPct"":71.6},{""code"":""JP"",""name"":""Japonia"",""score"":0.6890000000000001,""matchPct"":68.9},{""code"":""ES"",""name"":""Hiszpania"",""score"":0.6419999999999999,""matchPct"":64.2},{""code"":""US"",""name"":""USA"",""score"":0.6319999999999999,""matchPct"":63.2},{""code"":""FR"",""name"":""Francja"",""score"":0.5900000000000001,""matchPct"":59},{""code"":""SI"",""name"":""Słowenia"",""score"":0.5800000000000001,""matchPct"":58},{""code"":""KR"",""name"":""Korea Południowa"",""score"":0.5690000000000001,""matchPct"":56.9},{""code"":""SG"",""name"":""Singapur"",""score"":0.561,""matchPct"":56.1},{""code"":""GE"",""name"":""Gruzja"",""score"":0.56,""matchPct"":56}]",aspirations,wsm,reality,3,4,2,2,4,2,3,4,2,B,wsm,false,"Najbliżej moich upodobań (usunąć Chiny, Francję i Gruzję)",nie
f14aa050-eafe-4f10-b8e2-9de45dc05167,2026-05-01 20:47:19.789631+00,Kobieta,18-25 lat,Częściej niż 3 razy w roku,0.2,0.2,0.2,0.15,0.1,0.15,"Włochy (76.5%), Chiny (73.7%), USA (68.2%), Francja (65%), Hiszpania (64.9%), Japonia (62.3%), Indie (60.9%), Grecja (59.3%), Australia (54.7%), Tajlandia (54.1%)","[{""code"":""IT"",""name"":""Włochy"",""score"":0.7645,""matchPct"":76.5},{""code"":""CN"",""name"":""Chiny"",""score"":0.737,""matchPct"":73.7},{""code"":""US"",""name"":""USA"",""score"":0.6815,""matchPct"":68.2},{""code"":""FR"",""name"":""Francja"",""score"":0.6499999999999999,""matchPct"":65},{""code"":""ES"",""name"":""Hiszpania"",""score"":0.649,""matchPct"":64.9},{""code"":""JP"",""name"":""Japonia"",""score"":0.623,""matchPct"":62.3},{""code"":""IN"",""name"":""Indie"",""score"":0.6089999999999999,""matchPct"":60.9},{""code"":""GR"",""name"":""Grecja"",""score"":0.5925,""matchPct"":59.3},{""code"":""AU"",""name"":""Australia"",""score"":0.547,""matchPct"":54.7},{""code"":""TH"",""name"":""Tajlandia"",""score"":0.5405,""matchPct"":54.1}]",aspirations,reality,wsm,4,4,4,5,4,5,3,5,2,A,aspirations,false,Lista A przedstawia moje aktualnie zaplanowane miejsca i te do których chce się udać w najbliższej przyszłości,tak
f18a668e-65d7-4e69-a593-b3832efef67f,2026-05-04 08:14:53.342132+00,Kobieta,36-45 lat,Raz w roku,0.2,0.17,0.3,0,0.18,0.15,"Chiny (76.6%), Włochy (75.4%), USA (65.9%), Indie (63.2%), Francja (61.2%), Hiszpania (60.2%), Japonia (58.3%), Grecja (53.9%), Turcja (52.4%), Indonezja (52.2%)","[{""code"":""CN"",""name"":""Chiny"",""score"":0.7659999999999999,""matchPct"":76.6},{""code"":""IT"",""name"":""Włochy"",""score"":0.7541,""matchPct"":75.4},{""code"":""US"",""name"":""USA"",""score"":0.6587,""matchPct"":65.9},{""code"":""IN"",""name"":""Indie"",""score"":0.6323,""matchPct"":63.2},{""code"":""FR"",""name"":""Francja"",""score"":0.6118,""matchPct"":61.2},{""code"":""ES"",""name"":""Hiszpania"",""score"":0.6022000000000001,""matchPct"":60.2},{""code"":""JP"",""name"":""Japonia"",""score"":0.5827,""matchPct"":58.3},{""code"":""GR"",""name"":""Grecja"",""score"":0.5391,""matchPct"":53.9},{""code"":""TR"",""name"":""Turcja"",""score"":0.5244,""matchPct"":52.4},{""code"":""ID"",""name"":""Indonezja"",""score"":0.5223,""matchPct"":52.2}]",aspirations,reality,wsm,3,3,4,4,3,4,4,4,4,B,reality,false,,tak
f1961914-ce09-4383-be94-66691ee03a11,2026-05-04 17:43:40.782187+00,Kobieta,18-25 lat,Raz na kilka lat,0.29,0,0.26,0.04,0.21,0.2,"Chiny (81.3%), Włochy (80.4%), Francja (66.8%), Hiszpania (65.4%), Indie (62.9%), USA (61.2%), Japonia (59.7%), Wielka Brytania (55.7%), Gruzja (55.7%), Słowenia (53.1%)","[{""code"":""CN"",""name"":""Chiny"",""score"":0.8126,""matchPct"":81.3},{""code"":""IT"",""name"":""Włochy"",""score"":0.8039,""matchPct"":80.4},{""code"":""FR"",""name"":""Francja"",""score"":0.6677,""matchPct"":66.8},{""code"":""ES"",""name"":""Hiszpania"",""score"":0.6541,""matchPct"":65.4},{""code"":""IN"",""name"":""Indie"",""score"":0.6285999999999999,""matchPct"":62.9},{""code"":""US"",""name"":""USA"",""score"":0.6116,""matchPct"":61.2},{""code"":""JP"",""name"":""Japonia"",""score"":0.5965,""matchPct"":59.7},{""code"":""GB"",""name"":""Wielka Brytania"",""score"":0.5573999999999999,""matchPct"":55.7},{""code"":""GE"",""name"":""Gruzja"",""score"":0.5567,""matchPct"":55.7},{""code"":""SI"",""name"":""Słowenia"",""score"":0.5311,""matchPct"":53.1}]",reality,wsm,aspirations,3,1,2,3,1,1,1,4,1,C,aspirations,false,,tak
f1ca6f62-e6cd-415b-a5aa-9fc8f50933da,2026-05-04 17:11:47.433916+00,Kobieta,18-25 lat,Raz w roku,0.09,0.35,0.23,0.2,0.08,0.05,"USA (76.5%), Włochy (73.5%), Chiny (68.9%), Grecja (67%), Australia (64%), Francja (63.4%), Tajlandia (63.3%), Hiszpania (63.1%), Japonia (62.6%), Meksyk (62.5%)","[{""code"":""US"",""name"":""USA"",""score"":0.7648,""matchPct"":76.5},{""code"":""IT"",""name"":""Włochy"",""score"":0.7351,""matchPct"":73.5},{""code"":""CN"",""name"":""Chiny"",""score"":0.6885,""matchPct"":68.9},{""code"":""GR"",""name"":""Grecja"",""score"":0.6703,""matchPct"":67},{""code"":""AU"",""name"":""Australia"",""score"":0.6398999999999999,""matchPct"":64},{""code"":""FR"",""name"":""Francja"",""score"":0.6342,""matchPct"":63.4},{""code"":""TH"",""name"":""Tajlandia"",""score"":0.633,""matchPct"":63.3},{""code"":""ES"",""name"":""Hiszpania"",""score"":0.6307,""matchPct"":63.1},{""code"":""JP"",""name"":""Japonia"",""score"":0.6261,""matchPct"":62.6},{""code"":""MX"",""name"":""Meksyk"",""score"":0.6253,""matchPct"":62.5}]",reality,aspirations,wsm,3,2,3,4,1,3,2,3,2,C,wsm,false,Lista B miała zbyt drogie kierunki a lista A nie spełniała moich oczekiwań dotyczących kierunku (mniejsze zainterosowanie krajami muzułańskimi),tak
f21d1f2a-e29b-4235-be2d-b848efe7771c,2026-05-04 17:49:15.53971+00,Mężczyzna,18-25 lat,Raz na kilka lat,0.15,0.2,0.2,0.05,0.3,0.1,"Włochy (77.2%), Chiny (72.3%), Hiszpania (66.6%), Indie (66.6%), Francja (65.9%), USA (65.1%), Grecja (64.1%), Turcja (60.4%), Japonia (58.7%), Gruzja (58.3%)","[{""code"":""IT"",""name"":""Włochy"",""score"":0.772,""matchPct"":77.2},{""code"":""CN"",""name"":""Chiny"",""score"":0.723,""matchPct"":72.3},{""code"":""ES"",""name"":""Hiszpania"",""score"":0.6659999999999999,""matchPct"":66.6},{""code"":""IN"",""name"":""Indie"",""score"":0.6655000000000001,""matchPct"":66.6},{""code"":""FR"",""name"":""Francja"",""score"":0.6585,""matchPct"":65.9},{""code"":""US"",""name"":""USA"",""score"":0.651,""matchPct"":65.1},{""code"":""GR"",""name"":""Grecja"",""score"":0.6405000000000001,""matchPct"":64.1},{""code"":""TR"",""name"":""Turcja"",""score"":0.6035000000000001,""matchPct"":60.4},{""code"":""JP"",""name"":""Japonia"",""score"":0.587,""matchPct"":58.7},{""code"":""GE"",""name"":""Gruzja"",""score"":0.5825,""matchPct"":58.3}]",reality,wsm,aspirations,5,2,3,3,1,2,5,4,5,A,reality,false,,tak
f29fbcef-e515-4df4-99f5-1a0e7deabd2e,2026-05-04 19:47:48.81077+00,Kobieta,18-25 lat,Raz na kilka lat,0.3,0.1,0.1,0.1,0.2,0.2,"Włochy (80.6%), Chiny (73.9%), Hiszpania (69.3%), Francja (68.8%), Indie (61.6%), Japonia (60.1%), USA (57.9%), Grecja (57.4%), Wielka Brytania (56.9%), Holandia (55.6%)","[{""code"":""IT"",""name"":""Włochy"",""score"":0.806,""matchPct"":80.6},{""code"":""CN"",""name"":""Chiny"",""score"":0.7390000000000001,""matchPct"":73.9},{""code"":""ES"",""name"":""Hiszpania"",""score"":0.6930000000000001,""matchPct"":69.3},{""code"":""FR"",""name"":""Francja"",""score"":0.688,""matchPct"":68.8},{""code"":""IN"",""name"":""Indie"",""score"":0.616,""matchPct"":61.6},{""code"":""JP"",""name"":""Japonia"",""score"":0.601,""matchPct"":60.1},{""code"":""US"",""name"":""USA"",""score"":0.579,""matchPct"":57.9},{""code"":""GR"",""name"":""Grecja"",""score"":0.574,""matchPct"":57.4},{""code"":""GB"",""name"":""Wielka Brytania"",""score"":0.569,""matchPct"":56.9},{""code"":""NL"",""name"":""Holandia"",""score"":0.556,""matchPct"":55.6}]",aspirations,wsm,reality,4,3,3,3,1,3,2,4,3,A,aspirations,false,"Jeśli chodzi o listę A są to kierunki, które są dość ciekawe do zwiedzenia ale finansowo mogą dużo wynieść finansowo nato miast wiekszy fun miały by w zwiedzaniu. Lista B też jest bardzo trafnym wyborem ale nie ś to ąż tak ciekawe kierunki jak w liście A",tak
f2ec2073-bec7-4bd3-84c9-97fd51ad54a5,2026-05-02 18:22:27.963473+00,Mężczyzna,18-25 lat,Raz w roku,0.16,0.04,0.3,0,0.2,0.3,"Chiny (84.4%), Włochy (73.9%), Japonia (64.3%), Hiszpania (64%), USA (63.8%), Indie (62.6%), Gruzja (62.2%), Słowenia (61.3%), Francja (60.7%), Finlandia (59.5%)","[{""code"":""CN"",""name"":""Chiny"",""score"":0.8442000000000001,""matchPct"":84.4},{""code"":""IT"",""name"":""Włochy"",""score"":0.7390000000000001,""matchPct"":73.9},{""code"":""JP"",""name"":""Japonia"",""score"":0.6428,""matchPct"":64.3},{""code"":""ES"",""name"":""Hiszpania"",""score"":0.6398,""matchPct"":64},{""code"":""US"",""name"":""USA"",""score"":0.6376000000000001,""matchPct"":63.8},{""code"":""IN"",""name"":""Indie"",""score"":0.6264000000000001,""matchPct"":62.6},{""code"":""GE"",""name"":""Gruzja"",""score"":0.6216,""matchPct"":62.2},{""code"":""SI"",""name"":""Słowenia"",""score"":0.6126,""matchPct"":61.3},{""code"":""FR"",""name"":""Francja"",""score"":0.6066,""matchPct"":60.7},{""code"":""FI"",""name"":""Finlandia"",""score"":0.5946,""matchPct"":59.5}]",reality,wsm,aspirations,3,1,2,1,2,2,4,4,4,A,reality,false,"Warunki finansowe, dostępność, bezpieczeństwo.",trudno_powiedziec
f4266e04-1c97-4c6e-9fb1-e0e8dde6cac7,2026-05-04 19:32:08.326733+00,Mężczyzna,18-25 lat,2-3 razy w roku,0.15,0,0.25,0.1,0.25,0.25,"Chiny (83.7%), Włochy (77.3%), Hiszpania (69.8%), Francja (66.7%), Gruzja (66.2%), Japonia (66%), USA (65.5%), Słowenia (64.7%), Indie (64.4%), Finlandia (64.2%)","[{""code"":""CN"",""name"":""Chiny"",""score"":0.8365,""matchPct"":83.7},{""code"":""IT"",""name"":""Włochy"",""score"":0.7729999999999999,""matchPct"":77.3},{""code"":""ES"",""name"":""Hiszpania"",""score"":0.698,""matchPct"":69.8},{""code"":""FR"",""name"":""Francja"",""score"":0.667,""matchPct"":66.7},{""code"":""GE"",""name"":""Gruzja"",""score"":0.6615,""matchPct"":66.2},{""code"":""JP"",""name"":""Japonia"",""score"":0.6595,""matchPct"":66},{""code"":""US"",""name"":""USA"",""score"":0.655,""matchPct"":65.5},{""code"":""SI"",""name"":""Słowenia"",""score"":0.647,""matchPct"":64.7},{""code"":""IN"",""name"":""Indie"",""score"":0.644,""matchPct"":64.4},{""code"":""FI"",""name"":""Finlandia"",""score"":0.6415,""matchPct"":64.2}]",reality,wsm,aspirations,4,2,3,3,2,3,2,4,1,B,wsm,false,,tak
f4b957c5-3ae0-4cfe-a4d4-27d73bfd8885,2026-05-04 17:11:41.093185+00,Inna,18-25 lat,Raz w roku,0.29,0.01,0.6,0.08,0,0.02,"Chiny (86.7%), Włochy (79.8%), USA (79.2%), Francja (62.8%), Indie (61.5%), Kanada (61.3%), Japonia (57%), Peru (56.2%), Meksyk (53%), Brazylia (52.7%)","[{""code"":""CN"",""name"":""Chiny"",""score"":0.8674,""matchPct"":86.7},{""code"":""IT"",""name"":""Włochy"",""score"":0.7978,""matchPct"":79.8},{""code"":""US"",""name"":""USA"",""score"":0.792,""matchPct"":79.2},{""code"":""FR"",""name"":""Francja"",""score"":0.6282999999999999,""matchPct"":62.8},{""code"":""IN"",""name"":""Indie"",""score"":0.6152,""matchPct"":61.5},{""code"":""CA"",""name"":""Kanada"",""score"":0.6127,""matchPct"":61.3},{""code"":""JP"",""name"":""Japonia"",""score"":0.5697,""matchPct"":57},{""code"":""PE"",""name"":""Peru"",""score"":0.562,""matchPct"":56.2},{""code"":""MX"",""name"":""Meksyk"",""score"":0.5302,""matchPct"":53},{""code"":""BR"",""name"":""Brazylia"",""score"":0.5273,""matchPct"":52.7}]",aspirations,reality,wsm,4,3,5,3,2,3,4,5,5,B,reality,false,kompromis pomiędzy bliskością tych miejsc i walorami przyrodniczymi a w większości mnie nie było jeszcze,tak
f4f3c12b-fff8-43fb-8e9a-8cf4aad5a28f,2026-05-04 19:26:37.044587+00,Mężczyzna,18-25 lat,Raz na kilka lat,0.3,0.01,0.14,0.15,0.2,0.2,"Włochy (82.4%), Chiny (78.1%), Francja (71.4%), Hiszpania (71.2%), Japonia (62.2%), Indie (62%), Wielka Brytania (61.3%), USA (60.4%), Holandia (59.6%), Gruzja (57.4%)","[{""code"":""IT"",""name"":""Włochy"",""score"":0.8240000000000001,""matchPct"":82.4},{""code"":""CN"",""name"":""Chiny"",""score"":0.7806,""matchPct"":78.1},{""code"":""FR"",""name"":""Francja"",""score"":0.714,""matchPct"":71.4},{""code"":""ES"",""name"":""Hiszpania"",""score"":0.7124,""matchPct"":71.2},{""code"":""JP"",""name"":""Japonia"",""score"":0.6221,""matchPct"":62.2},{""code"":""IN"",""name"":""Indie"",""score"":0.6203,""matchPct"":62},{""code"":""GB"",""name"":""Wielka Brytania"",""score"":0.6127,""matchPct"":61.3},{""code"":""US"",""name"":""USA"",""score"":0.6035999999999999,""matchPct"":60.4},{""code"":""NL"",""name"":""Holandia"",""score"":0.5962000000000001,""matchPct"":59.6},{""code"":""GE"",""name"":""Gruzja"",""score"":0.5740000000000001,""matchPct"":57.4}]",reality,aspirations,wsm,4,2,4,5,1,5,4,2,3,B,aspirations,false,"Podoba mi się większość stanów takich jak kentucky, nowy-york itd. chciałbym zwiedzić ich kulturę tak samo Japonia i Kanada.",tak
f51eea25-69db-4904-8d48-70f2d7c9fa0b,2026-05-04 17:17:07.823118+00,Nie chcę podawać,18-25 lat,Raz na kilka lat,0.05,0.1,0.2,0.15,0.2,0.3,"Chiny (81.5%), Włochy (72.7%), Hiszpania (70.9%), Japonia (70.5%), Słowenia (68.8%), Gruzja (68.8%), USA (68.5%), Chorwacja (67.2%), Andora (66.7%), Finlandia (66.6%)","[{""code"":""CN"",""name"":""Chiny"",""score"":0.815,""matchPct"":81.5},{""code"":""IT"",""name"":""Włochy"",""score"":0.7270000000000001,""matchPct"":72.7},{""code"":""ES"",""name"":""Hiszpania"",""score"":0.709,""matchPct"":70.9},{""code"":""JP"",""name"":""Japonia"",""score"":0.7050000000000001,""matchPct"":70.5},{""code"":""SI"",""name"":""Słowenia"",""score"":0.6880000000000001,""matchPct"":68.8},{""code"":""GE"",""name"":""Gruzja"",""score"":0.6875,""matchPct"":68.8},{""code"":""US"",""name"":""USA"",""score"":0.685,""matchPct"":68.5},{""code"":""HR"",""name"":""Chorwacja"",""score"":0.672,""matchPct"":67.2},{""code"":""AD"",""name"":""Andora"",""score"":0.6665,""matchPct"":66.7},{""code"":""FI"",""name"":""Finlandia"",""score"":0.666,""matchPct"":66.6}]",aspirations,wsm,reality,2,4,2,4,2,3,2,4,2,A,aspirations,false,,tak
f6127023-af3d-493e-9701-77c9e8957168,2026-05-04 17:49:07.562826+00,Mężczyzna,18-25 lat,Raz na kilka lat,0.19,0.07,0.01,0.06,0.25,0.42,"Chiny (78.1%), Włochy (74.9%), Hiszpania (74.2%), Holandia (70.3%), Gruzja (69.9%), Chorwacja (68.8%), Andora (68.6%), Czechy (67.7%), Japonia (67.7%), Słowenia (67.5%)","[{""code"":""CN"",""name"":""Chiny"",""score"":0.7810999999999999,""matchPct"":78.1},{""code"":""IT"",""name"":""Włochy"",""score"":0.7486999999999999,""matchPct"":74.9},{""code"":""ES"",""name"":""Hiszpania"",""score"":0.7418,""matchPct"":74.2},{""code"":""NL"",""name"":""Holandia"",""score"":0.7030000000000001,""matchPct"":70.3},{""code"":""GE"",""name"":""Gruzja"",""score"":0.6988000000000001,""matchPct"":69.9},{""code"":""HR"",""name"":""Chorwacja"",""score"":0.6884,""matchPct"":68.8},{""code"":""AD"",""name"":""Andora"",""score"":0.6856,""matchPct"":68.6},{""code"":""CZ"",""name"":""Czechy"",""score"":0.6772,""matchPct"":67.7},{""code"":""JP"",""name"":""Japonia"",""score"":0.6766,""matchPct"":67.7},{""code"":""SI"",""name"":""Słowenia"",""score"":0.6752,""matchPct"":67.5}]",reality,aspirations,wsm,4,3,4,3,2,4,4,3,4,C,wsm,false,,tak
f629c24a-23b2-45be-a360-546740b44f51,2026-05-01 21:05:58.492813+00,Mężczyzna,26-35 lat,Raz w roku,0.1,0.09,0.19,0.18,0.11,0.33,"Chiny (82%), Włochy (72.9%), Japonia (71.3%), Hiszpania (69.9%), USA (68.1%), Słowenia (65.7%), Gruzja (64.4%), Andora (64.3%), Finlandia (64%), Chorwacja (63.9%)","[{""code"":""CN"",""name"":""Chiny"",""score"":0.8200999999999999,""matchPct"":82},{""code"":""IT"",""name"":""Włochy"",""score"":0.7291999999999998,""matchPct"":72.9},{""code"":""JP"",""name"":""Japonia"",""score"":0.713,""matchPct"":71.3},{""code"":""ES"",""name"":""Hiszpania"",""score"":0.6991999999999999,""matchPct"":69.9},{""code"":""US"",""name"":""USA"",""score"":0.681,""matchPct"":68.1},{""code"":""SI"",""name"":""Słowenia"",""score"":0.6566000000000001,""matchPct"":65.7},{""code"":""GE"",""name"":""Gruzja"",""score"":0.6444000000000001,""matchPct"":64.4},{""code"":""AD"",""name"":""Andora"",""score"":0.6425000000000001,""matchPct"":64.3},{""code"":""FI"",""name"":""Finlandia"",""score"":0.6395,""matchPct"":64},{""code"":""HR"",""name"":""Chorwacja"",""score"":0.6393,""matchPct"":63.9}]",aspirations,reality,wsm,5,5,4,4,4,4,3,5,2,A,aspirations,false,,tak
f767f540-0bf0-4aa0-ab2b-668304935e06,2026-05-04 17:08:41.471832+00,Kobieta,18-25 lat,Raz w roku,0.25,0.1,0.15,0.2,0.2,0.1,"Włochy (82.2%), Chiny (74%), Francja (72.3%), Hiszpania (70.9%), USA (65.8%), Indie (63.5%), Grecja (61.6%), Japonia (61.4%), Wielka Brytania (60%), Turcja (58.1%)","[{""code"":""IT"",""name"":""Włochy"",""score"":0.8220000000000001,""matchPct"":82.2},{""code"":""CN"",""name"":""Chiny"",""score"":0.7395,""matchPct"":74},{""code"":""FR"",""name"":""Francja"",""score"":0.7230000000000001,""matchPct"":72.3},{""code"":""ES"",""name"":""Hiszpania"",""score"":0.7085,""matchPct"":70.9},{""code"":""US"",""name"":""USA"",""score"":0.6575,""matchPct"":65.8},{""code"":""IN"",""name"":""Indie"",""score"":0.6345000000000001,""matchPct"":63.5},{""code"":""GR"",""name"":""Grecja"",""score"":0.6160000000000001,""matchPct"":61.6},{""code"":""JP"",""name"":""Japonia"",""score"":0.614,""matchPct"":61.4},{""code"":""GB"",""name"":""Wielka Brytania"",""score"":0.6000000000000001,""matchPct"":60},{""code"":""TR"",""name"":""Turcja"",""score"":0.5810000000000001,""matchPct"":58.1}]",reality,wsm,aspirations,5,3,5,3,2,5,5,3,5,B,wsm,false,,tak
f77ac814-7cfc-41ff-b58a-ac0ec5b4d27f,2026-05-04 11:29:44.937423+00,Kobieta,36-45 lat,Raz na kilka lat,0.12,0.15,0.15,0.15,0.26,0.17,"Włochy (77%), Chiny (74.9%), Hiszpania (71.4%), Francja (68%), USA (66.4%), Grecja (66.3%), Indie (65%), Japonia (64.6%), Gruzja (63.3%), Turcja (62.3%)","[{""code"":""IT"",""name"":""Włochy"",""score"":0.7701,""matchPct"":77},{""code"":""CN"",""name"":""Chiny"",""score"":0.7486999999999999,""matchPct"":74.9},{""code"":""ES"",""name"":""Hiszpania"",""score"":0.7139,""matchPct"":71.4},{""code"":""FR"",""name"":""Francja"",""score"":0.6802999999999999,""matchPct"":68},{""code"":""US"",""name"":""USA"",""score"":0.6644,""matchPct"":66.4},{""code"":""GR"",""name"":""Grecja"",""score"":0.6634,""matchPct"":66.3},{""code"":""IN"",""name"":""Indie"",""score"":0.6500999999999999,""matchPct"":65},{""code"":""JP"",""name"":""Japonia"",""score"":0.6455,""matchPct"":64.6},{""code"":""GE"",""name"":""Gruzja"",""score"":0.6334000000000001,""matchPct"":63.3},{""code"":""TR"",""name"":""Turcja"",""score"":0.6233000000000001,""matchPct"":62.3}]",wsm,aspirations,reality,4,3,3,3,3,3,5,5,5,C,reality,false,Chęć zwiedzenia powyższych krajów,tak
f796090f-cd8c-4660-9cf1-1c234d37a41c,2026-05-04 17:22:00.447972+00,Mężczyzna,18-25 lat,Raz w roku,0.4,0,0.15,0.1,0.2,0.15,"Włochy (85.3%), Chiny (76.4%), Francja (72.2%), Hiszpania (68.6%), Indie (61.8%), Wielka Brytania (59.3%), Japonia (57.1%), USA (57%), Holandia (54.1%), Turcja (52.2%)","[{""code"":""IT"",""name"":""Włochy"",""score"":0.8525,""matchPct"":85.3},{""code"":""CN"",""name"":""Chiny"",""score"":0.7635,""matchPct"":76.4},{""code"":""FR"",""name"":""Francja"",""score"":0.7215000000000001,""matchPct"":72.2},{""code"":""ES"",""name"":""Hiszpania"",""score"":0.6855000000000001,""matchPct"":68.6},{""code"":""IN"",""name"":""Indie"",""score"":0.618,""matchPct"":61.8},{""code"":""GB"",""name"":""Wielka Brytania"",""score"":0.5925,""matchPct"":59.3},{""code"":""JP"",""name"":""Japonia"",""score"":0.571,""matchPct"":57.1},{""code"":""US"",""name"":""USA"",""score"":0.57,""matchPct"":57},{""code"":""NL"",""name"":""Holandia"",""score"":0.5405,""matchPct"":54.1},{""code"":""TR"",""name"":""Turcja"",""score"":0.522,""matchPct"":52.2}]",wsm,aspirations,reality,3,3,2,4,1,4,1,4,1,A,wsm,false,,trudno_powiedziec
f85c2cb8-e7a8-494e-a883-86eecc27ed6c,2026-05-04 17:27:55.812242+00,Mężczyzna,18-25 lat,Raz na kilka lat,0.12,0.28,0.15,0.3,0.05,0.1,"Włochy (75.8%), USA (75.2%), Chiny (70.2%), Hiszpania (68.6%), Grecja (68.2%), Francja (67.7%), Japonia (66.5%), Australia (65.3%), Tajlandia (62.2%), Indie (60.6%)","[{""code"":""IT"",""name"":""Włochy"",""score"":0.7575000000000001,""matchPct"":75.8},{""code"":""US"",""name"":""USA"",""score"":0.7517,""matchPct"":75.2},{""code"":""CN"",""name"":""Chiny"",""score"":0.7019,""matchPct"":70.2},{""code"":""ES"",""name"":""Hiszpania"",""score"":0.6856,""matchPct"":68.6},{""code"":""GR"",""name"":""Grecja"",""score"":0.6824,""matchPct"":68.2},{""code"":""FR"",""name"":""Francja"",""score"":0.6767000000000001,""matchPct"":67.7},{""code"":""JP"",""name"":""Japonia"",""score"":0.6650999999999999,""matchPct"":66.5},{""code"":""AU"",""name"":""Australia"",""score"":0.6527000000000001,""matchPct"":65.3},{""code"":""TH"",""name"":""Tajlandia"",""score"":0.6219000000000001,""matchPct"":62.2},{""code"":""IN"",""name"":""Indie"",""score"":0.6063000000000001,""matchPct"":60.6}]",reality,wsm,aspirations,4,2,5,5,1,5,4,2,3,C,aspirations,false,,tak
f8c89651-e765-4830-8faa-e78811b51c23,2026-05-04 17:08:19.309115+00,Mężczyzna,18-25 lat,Raz w roku,0.05,0.2,0.25,0.1,0.15,0.25,"Chiny (78.5%), Włochy (70.6%), USA (70.5%), Japonia (67.3%), Hiszpania (65.1%), Indie (62.4%), Grecja (61.7%), Słowenia (61.4%), Indonezja (61.3%), Gruzja (61.3%)","[{""code"":""CN"",""name"":""Chiny"",""score"":0.7845,""matchPct"":78.5},{""code"":""IT"",""name"":""Włochy"",""score"":0.706,""matchPct"":70.6},{""code"":""US"",""name"":""USA"",""score"":0.7049999999999998,""matchPct"":70.5},{""code"":""JP"",""name"":""Japonia"",""score"":0.6725,""matchPct"":67.3},{""code"":""ES"",""name"":""Hiszpania"",""score"":0.651,""matchPct"":65.1},{""code"":""IN"",""name"":""Indie"",""score"":0.624,""matchPct"":62.4},{""code"":""GR"",""name"":""Grecja"",""score"":0.617,""matchPct"":61.7},{""code"":""SI"",""name"":""Słowenia"",""score"":0.614,""matchPct"":61.4},{""code"":""ID"",""name"":""Indonezja"",""score"":0.613,""matchPct"":61.3},{""code"":""GE"",""name"":""Gruzja"",""score"":0.6125,""matchPct"":61.3}]",aspirations,wsm,reality,3,4,3,2,4,2,5,4,4,C,reality,false,,tak
f98a3dea-eae5-4c18-95b0-a024f5b7cb52,2026-05-04 19:17:54.540034+00,Mężczyzna,18-25 lat,2-3 razy w roku,0.3,0,0.15,0.3,0.05,0.2,"Włochy (82.7%), Chiny (79.5%), Francja (73.2%), Hiszpania (72.2%), Japonia (67%), USA (67%), Wielka Brytania (62.5%), Holandia (61.4%), Indie (58.7%), Andora (57.1%)","[{""code"":""IT"",""name"":""Włochy"",""score"":0.8265,""matchPct"":82.7},{""code"":""CN"",""name"":""Chiny"",""score"":0.7954999999999999,""matchPct"":79.5},{""code"":""FR"",""name"":""Francja"",""score"":0.7324999999999999,""matchPct"":73.2},{""code"":""ES"",""name"":""Hiszpania"",""score"":0.722,""matchPct"":72.2},{""code"":""JP"",""name"":""Japonia"",""score"":0.6695000000000001,""matchPct"":67},{""code"":""US"",""name"":""USA"",""score"":0.6695,""matchPct"":67},{""code"":""GB"",""name"":""Wielka Brytania"",""score"":0.625,""matchPct"":62.5},{""code"":""NL"",""name"":""Holandia"",""score"":0.6140000000000001,""matchPct"":61.4},{""code"":""IN"",""name"":""Indie"",""score"":0.5865,""matchPct"":58.7},{""code"":""AD"",""name"":""Andora"",""score"":0.5705,""matchPct"":57.1}]",reality,aspirations,wsm,2,4,3,5,3,5,2,4,1,B,aspirations,false,"Na liście znajduje się bardzo ważny dla mnie kraj - Japonia, następny to Brazylia. Reszta jest mało trafna.",trudno_powiedziec
fa041919-a86f-460d-9f65-9affe481c824,2026-05-04 20:16:37.36531+00,Inna,18-25 lat,Raz na kilka lat,0,0.05,0.05,0.2,0.35,0.35,"Andora (85%), Gruzja (82.5%), Chorwacja (81.9%), Hiszpania (81.1%), Słowenia (80.8%), Portugalia (80.8%), Chiny (80.5%), Finlandia (79.9%), Czechy (79.7%), Holandia (78.8%)","[{""code"":""AD"",""name"":""Andora"",""score"":0.8504999999999999,""matchPct"":85},{""code"":""GE"",""name"":""Gruzja"",""score"":0.825,""matchPct"":82.5},{""code"":""HR"",""name"":""Chorwacja"",""score"":0.8185,""matchPct"":81.9},{""code"":""ES"",""name"":""Hiszpania"",""score"":0.8109999999999999,""matchPct"":81.1},{""code"":""SI"",""name"":""Słowenia"",""score"":0.808,""matchPct"":80.8},{""code"":""PT"",""name"":""Portugalia"",""score"":0.8075000000000001,""matchPct"":80.8},{""code"":""CN"",""name"":""Chiny"",""score"":0.8054999999999999,""matchPct"":80.5},{""code"":""FI"",""name"":""Finlandia"",""score"":0.7985,""matchPct"":79.9},{""code"":""CZ"",""name"":""Czechy"",""score"":0.797,""matchPct"":79.7},{""code"":""NL"",""name"":""Holandia"",""score"":0.7875000000000001,""matchPct"":78.8}]",aspirations,reality,wsm,3,3,3,2,2,3,1,3,1,C,wsm,false,,tak
fa6458cb-a07d-42bd-93c3-246c0fc0d0d7,2026-05-04 17:07:56.716914+00,Mężczyzna,18-25 lat,Raz na kilka lat,0,0,0.3,0,0.2,0.5,"Chiny (91.7%), Słowenia (78.3%), Finlandia (76.7%), Gruzja (76.6%), Andora (74.3%), Japonia (74%), Chorwacja (73%), Czechy (70%), Austria (69.5%), Uzbekistan (68.8%)","[{""code"":""CN"",""name"":""Chiny"",""score"":0.9169999999999999,""matchPct"":91.7},{""code"":""SI"",""name"":""Słowenia"",""score"":0.783,""matchPct"":78.3},{""code"":""FI"",""name"":""Finlandia"",""score"":0.767,""matchPct"":76.7},{""code"":""GE"",""name"":""Gruzja"",""score"":0.766,""matchPct"":76.6},{""code"":""AD"",""name"":""Andora"",""score"":0.743,""matchPct"":74.3},{""code"":""JP"",""name"":""Japonia"",""score"":0.74,""matchPct"":74},{""code"":""HR"",""name"":""Chorwacja"",""score"":0.73,""matchPct"":73},{""code"":""CZ"",""name"":""Czechy"",""score"":0.7,""matchPct"":70},{""code"":""AT"",""name"":""Austria"",""score"":0.6950000000000001,""matchPct"":69.5},{""code"":""UZ"",""name"":""Uzbekistan"",""score"":0.688,""matchPct"":68.8}]",aspirations,wsm,reality,4,3,4,3,2,3,4,5,4,C,reality,false,,tak
fa6e4656-59a0-48d0-b77c-40b6f75b73f1,2026-05-04 17:08:29.60724+00,Kobieta,18-25 lat,Raz na kilka lat,0.17,0.23,0.04,0.11,0.29,0.16,"Włochy (77.6%), Hiszpania (71.9%), Grecja (69.1%), Chiny (68.4%), Francja (68.2%), Indie (64.7%), Turcja (61.9%), Japonia (61.1%), Tajlandia (60.7%), Gruzja (60.6%)","[{""code"":""IT"",""name"":""Włochy"",""score"":0.7763,""matchPct"":77.6},{""code"":""ES"",""name"":""Hiszpania"",""score"":0.7189000000000001,""matchPct"":71.9},{""code"":""GR"",""name"":""Grecja"",""score"":0.6906,""matchPct"":69.1},{""code"":""CN"",""name"":""Chiny"",""score"":0.684,""matchPct"":68.4},{""code"":""FR"",""name"":""Francja"",""score"":0.6819000000000001,""matchPct"":68.2},{""code"":""IN"",""name"":""Indie"",""score"":0.6468999999999999,""matchPct"":64.7},{""code"":""TR"",""name"":""Turcja"",""score"":0.6186000000000001,""matchPct"":61.9},{""code"":""JP"",""name"":""Japonia"",""score"":0.6108,""matchPct"":61.1},{""code"":""TH"",""name"":""Tajlandia"",""score"":0.607,""matchPct"":60.7},{""code"":""GE"",""name"":""Gruzja"",""score"":0.6061,""matchPct"":60.6}]",reality,aspirations,wsm,4,1,3,5,3,2,4,2,4,B,aspirations,false,,tak
fb1a4dd7-26b0-498e-be38-d05b2bc8368e,2026-05-04 17:08:34.678704+00,Mężczyzna,26-35 lat,Raz na kilka lat,0,0,0,0.25,0.4,0.35,"Andora (92.8%), Portugalia (87.1%), Gruzja (87.1%), Czechy (86.9%), Chorwacja (86.9%), Holandia (86.5%), Hiszpania (85.8%), Finlandia (85.2%), Słowenia (84.9%), Austria (83.6%)","[{""code"":""AD"",""name"":""Andora"",""score"":0.928,""matchPct"":92.8},{""code"":""PT"",""name"":""Portugalia"",""score"":0.8714999999999999,""matchPct"":87.1},{""code"":""GE"",""name"":""Gruzja"",""score"":0.8714999999999999,""matchPct"":87.1},{""code"":""CZ"",""name"":""Czechy"",""score"":0.8690000000000001,""matchPct"":86.9},{""code"":""HR"",""name"":""Chorwacja"",""score"":0.8685,""matchPct"":86.9},{""code"":""NL"",""name"":""Holandia"",""score"":0.8645,""matchPct"":86.5},{""code"":""ES"",""name"":""Hiszpania"",""score"":0.8580000000000001,""matchPct"":85.8},{""code"":""FI"",""name"":""Finlandia"",""score"":0.8515000000000001,""matchPct"":85.2},{""code"":""SI"",""name"":""Słowenia"",""score"":0.8490000000000001,""matchPct"":84.9},{""code"":""AT"",""name"":""Austria"",""score"":0.8360000000000001,""matchPct"":83.6}]",reality,aspirations,wsm,4,5,4,4,3,5,3,4,3,B,aspirations,false,Lista B najbardziej odpowiada moim upodobaniom podróżniczym.,tak
fb25df4e-7668-441f-8c9f-9ec5c60a34a5,2026-05-04 19:37:30.175306+00,Mężczyzna,18-25 lat,Raz na kilka lat,0.05,0.05,0.15,0.1,0.3,0.35,"Chiny (82.5%), Gruzja (75.7%), Słowenia (74.3%), Hiszpania (74%), Andora (74%), Włochy (73.4%), Chorwacja (73.3%), Finlandia (72.8%), Portugalia (71%), Czechy (70.6%)","[{""code"":""CN"",""name"":""Chiny"",""score"":0.8245,""matchPct"":82.5},{""code"":""GE"",""name"":""Gruzja"",""score"":0.7565,""matchPct"":75.7},{""code"":""SI"",""name"":""Słowenia"",""score"":0.7425,""matchPct"":74.3},{""code"":""ES"",""name"":""Hiszpania"",""score"":0.7404999999999999,""matchPct"":74},{""code"":""AD"",""name"":""Andora"",""score"":0.74,""matchPct"":74},{""code"":""IT"",""name"":""Włochy"",""score"":0.7335,""matchPct"":73.4},{""code"":""HR"",""name"":""Chorwacja"",""score"":0.7325,""matchPct"":73.3},{""code"":""FI"",""name"":""Finlandia"",""score"":0.7275,""matchPct"":72.8},{""code"":""PT"",""name"":""Portugalia"",""score"":0.71,""matchPct"":71},{""code"":""CZ"",""name"":""Czechy"",""score"":0.7055,""matchPct"":70.6}]",aspirations,reality,wsm,3,3,3,3,3,3,2,1,2,A,aspirations,false,,tak
fb6b9cc2-30bb-4587-a9e1-78f6c45c01c8,2026-05-04 17:18:57.832374+00,Kobieta,18-25 lat,Raz w roku,0.52,0.1,0.1,0,0.14,0.14,"Włochy (85.2%), Chiny (70.1%), Francja (68.7%), Hiszpania (62.8%), Indie (59%), Wielka Brytania (50.6%), Japonia (50.5%), USA (50%), Grecja (46.4%), Turcja (44.5%)","[{""code"":""IT"",""name"":""Włochy"",""score"":0.8516,""matchPct"":85.2},{""code"":""CN"",""name"":""Chiny"",""score"":0.7010000000000001,""matchPct"":70.1},{""code"":""FR"",""name"":""Francja"",""score"":0.6866,""matchPct"":68.7},{""code"":""ES"",""name"":""Hiszpania"",""score"":0.6280000000000001,""matchPct"":62.8},{""code"":""IN"",""name"":""Indie"",""score"":0.5896000000000001,""matchPct"":59},{""code"":""GB"",""name"":""Wielka Brytania"",""score"":0.5058,""matchPct"":50.6},{""code"":""JP"",""name"":""Japonia"",""score"":0.5052,""matchPct"":50.5},{""code"":""US"",""name"":""USA"",""score"":0.5004,""matchPct"":50},{""code"":""GR"",""name"":""Grecja"",""score"":0.4638,""matchPct"":46.4},{""code"":""TR"",""name"":""Turcja"",""score"":0.4446,""matchPct"":44.5}]",reality,wsm,aspirations,4,3,4,1,1,2,3,3,4,B,wsm,false,Więcej krajów w który h nigdy nie byłam,tak
fb7e2a75-45ab-4868-970f-7cf9d533e42b,2026-05-02 07:01:39.291724+00,Mężczyzna,26-35 lat,Raz w roku,0,0.15,0.45,0,0,0.4,"Chiny (89.2%), USA (74.6%), Japonia (71.1%), Kanada (63.9%), Słowenia (63.8%), Włochy (63.3%), Indonezja (59.8%), Gruzja (59.6%), Finlandia (59.3%), Indie (58.6%)","[{""code"":""CN"",""name"":""Chiny"",""score"":0.8915,""matchPct"":89.2},{""code"":""US"",""name"":""USA"",""score"":0.7464999999999999,""matchPct"":74.6},{""code"":""JP"",""name"":""Japonia"",""score"":0.7105000000000001,""matchPct"":71.1},{""code"":""CA"",""name"":""Kanada"",""score"":0.6385000000000001,""matchPct"":63.9},{""code"":""SI"",""name"":""Słowenia"",""score"":0.6375000000000001,""matchPct"":63.8},{""code"":""IT"",""name"":""Włochy"",""score"":0.633,""matchPct"":63.3},{""code"":""ID"",""name"":""Indonezja"",""score"":0.598,""matchPct"":59.8},{""code"":""GE"",""name"":""Gruzja"",""score"":0.5955,""matchPct"":59.6},{""code"":""FI"",""name"":""Finlandia"",""score"":0.5930000000000001,""matchPct"":59.3},{""code"":""IN"",""name"":""Indie"",""score"":0.5855000000000001,""matchPct"":58.6}]",wsm,reality,aspirations,2,3,2,1,1,1,4,4,4,B,reality,false,,tak
fbe1318a-50dd-4d50-bd4a-778a8e0841ae,2026-05-04 17:13:39.250188+00,Kobieta,18-25 lat,Raz w roku,0.2,0.08,0.2,0.15,0.18,0.19,"Włochy (78.5%), Chiny (78.3%), Hiszpania (68.9%), Francja (67.9%), USA (66%), Japonia (64%), Indie (62.6%), Grecja (58.6%), Gruzja (58.3%), Wielka Brytania (57.5%)","[{""code"":""IT"",""name"":""Włochy"",""score"":0.7848999999999999,""matchPct"":78.5},{""code"":""CN"",""name"":""Chiny"",""score"":0.7826,""matchPct"":78.3},{""code"":""ES"",""name"":""Hiszpania"",""score"":0.6890000000000001,""matchPct"":68.9},{""code"":""FR"",""name"":""Francja"",""score"":0.6788000000000001,""matchPct"":67.9},{""code"":""US"",""name"":""USA"",""score"":0.6602999999999999,""matchPct"":66},{""code"":""JP"",""name"":""Japonia"",""score"":0.6402,""matchPct"":64},{""code"":""IN"",""name"":""Indie"",""score"":0.6262,""matchPct"":62.6},{""code"":""GR"",""name"":""Grecja"",""score"":0.5857,""matchPct"":58.6},{""code"":""GE"",""name"":""Gruzja"",""score"":0.5827,""matchPct"":58.3},{""code"":""GB"",""name"":""Wielka Brytania"",""score"":0.5748,""matchPct"":57.5}]",aspirations,reality,wsm,5,3,5,2,2,3,4,4,4,C,wsm,false,"Lista A nie przypadła do mojego gustu z powodu braku mojego zainteresowania w podane kierunki, rówież nie czuję bym była tam w 100% bezpieczna, nie wybrałam również listy B gdyż byłam już w większości tych krajów lecz nie wszystkie zadowoliły mnie ze względu na historię, infrastrukturę, czy na koszty jakie poniosłam w tych krajach. Najbardziej podpasowały mi kraje z listy C gdyż wybór jest z większej ilości krajów światowych że tak ujmę, z większej ilości kontynentów, są to też większe kraje które bardziej stawiają na turystów ale mają też wiele pięknych miejsc do zwiedzenia i zobaczenia.",tak
fcd85b6c-cd3b-47a4-a444-4e9779151445,2026-05-04 17:10:17.448221+00,Kobieta,18-25 lat,Raz w roku,0.1,0,0.49,0,0.41,0,"Chiny (84.4%), Włochy (80%), USA (74.3%), Indie (72.5%), Francja (67.3%), Kanada (67.2%), Turcja (63.5%), Hiszpania (63.4%), Gruzja (63.3%), Brazylia (61%)","[{""code"":""CN"",""name"":""Chiny"",""score"":0.8440999999999999,""matchPct"":84.4},{""code"":""IT"",""name"":""Włochy"",""score"":0.7996999999999999,""matchPct"":80},{""code"":""US"",""name"":""USA"",""score"":0.7425,""matchPct"":74.3},{""code"":""IN"",""name"":""Indie"",""score"":0.7249,""matchPct"":72.5},{""code"":""FR"",""name"":""Francja"",""score"":0.6731,""matchPct"":67.3},{""code"":""CA"",""name"":""Kanada"",""score"":0.6717,""matchPct"":67.2},{""code"":""TR"",""name"":""Turcja"",""score"":0.6347,""matchPct"":63.5},{""code"":""ES"",""name"":""Hiszpania"",""score"":0.6337999999999999,""matchPct"":63.4},{""code"":""GE"",""name"":""Gruzja"",""score"":0.6333,""matchPct"":63.3},{""code"":""BR"",""name"":""Brazylia"",""score"":0.6096,""matchPct"":61}]",aspirations,wsm,reality,3,3,3,3,2,4,3,3,3,C,reality,false,,tak
fdff6178-cdd4-47e4-b02e-4d2eb8b8ca86,2026-05-04 17:56:00.938381+00,Kobieta,18-25 lat,Raz na kilka lat,0.4,0.25,0,0,0.25,0.1,"Włochy (82.5%), Francja (68.4%), Hiszpania (66.2%), Chiny (62.7%), Indie (62.2%), Grecja (59.5%), Turcja (52.2%), Wielka Brytania (50.8%), Egipt (50.8%), Japonia (50.7%)","[{""code"":""IT"",""name"":""Włochy"",""score"":0.8245,""matchPct"":82.5},{""code"":""FR"",""name"":""Francja"",""score"":0.684,""matchPct"":68.4},{""code"":""ES"",""name"":""Hiszpania"",""score"":0.6615,""matchPct"":66.2},{""code"":""CN"",""name"":""Chiny"",""score"":0.627,""matchPct"":62.7},{""code"":""IN"",""name"":""Indie"",""score"":0.6220000000000001,""matchPct"":62.2},{""code"":""GR"",""name"":""Grecja"",""score"":0.5945,""matchPct"":59.5},{""code"":""TR"",""name"":""Turcja"",""score"":0.5215000000000001,""matchPct"":52.2},{""code"":""GB"",""name"":""Wielka Brytania"",""score"":0.508,""matchPct"":50.8},{""code"":""EG"",""name"":""Egipt"",""score"":0.5075000000000001,""matchPct"":50.8},{""code"":""JP"",""name"":""Japonia"",""score"":0.5069999999999999,""matchPct"":50.7}]",wsm,aspirations,reality,3,2,4,1,1,1,3,3,2,A,wsm,false,,tak
fea2fc36-baf8-4750-b7b5-56b3e6c0d7b1,2026-05-04 18:12:05.061477+00,Kobieta,18-25 lat,Raz na kilka lat,0.1,0.15,0.2,0.05,0.2,0.3,"Chiny (79%), Włochy (71.9%), Hiszpania (66.7%), Japonia (66.2%), USA (64.2%), Gruzja (63.8%), Słowenia (62.8%), Indie (62.5%), Chorwacja (61.4%), Francja (60.7%)","[{""code"":""CN"",""name"":""Chiny"",""score"":0.79,""matchPct"":79},{""code"":""IT"",""name"":""Włochy"",""score"":0.7189999999999999,""matchPct"":71.9},{""code"":""ES"",""name"":""Hiszpania"",""score"":0.667,""matchPct"":66.7},{""code"":""JP"",""name"":""Japonia"",""score"":0.6615,""matchPct"":66.2},{""code"":""US"",""name"":""USA"",""score"":0.642,""matchPct"":64.2},{""code"":""GE"",""name"":""Gruzja"",""score"":0.638,""matchPct"":63.8},{""code"":""SI"",""name"":""Słowenia"",""score"":0.6280000000000001,""matchPct"":62.8},{""code"":""IN"",""name"":""Indie"",""score"":0.6245,""matchPct"":62.5},{""code"":""HR"",""name"":""Chorwacja"",""score"":0.6135,""matchPct"":61.4},{""code"":""FR"",""name"":""Francja"",""score"":0.6070000000000001,""matchPct"":60.7}]",reality,wsm,aspirations,5,2,5,4,2,5,4,3,4,B,wsm,false,"Osobiście lubię kraje azjatyckie, uważam że w większości są one bezpieczniejsze (niż np. egipt obecnie) i uważam że mają ciekawą/wyróżniającą się kulturę",tak
fed3d5a8-5aae-44f1-9c33-93f5f7f981c7,2026-05-02 13:43:58.888795+00,Kobieta,26-35 lat,2-3 razy w roku,0,0.25,0,0.1,0.3,0.35,"Hiszpania (75%), Chorwacja (74.6%), Gruzja (74.3%), Grecja (74.1%), Chiny (72.5%), Słowenia (72%), Portugalia (70.4%), Cypr (70%), Japonia (70%), Włochy (69.9%)","[{""code"":""ES"",""name"":""Hiszpania"",""score"":0.75,""matchPct"":75},{""code"":""HR"",""name"":""Chorwacja"",""score"":0.746,""matchPct"":74.6},{""code"":""GE"",""name"":""Gruzja"",""score"":0.7434999999999999,""matchPct"":74.3},{""code"":""GR"",""name"":""Grecja"",""score"":0.7405,""matchPct"":74.1},{""code"":""CN"",""name"":""Chiny"",""score"":0.7249999999999999,""matchPct"":72.5},{""code"":""SI"",""name"":""Słowenia"",""score"":0.72,""matchPct"":72},{""code"":""PT"",""name"":""Portugalia"",""score"":0.7035,""matchPct"":70.4},{""code"":""CY"",""name"":""Cypr"",""score"":0.7,""matchPct"":70},{""code"":""JP"",""name"":""Japonia"",""score"":0.6995,""matchPct"":70},{""code"":""IT"",""name"":""Włochy"",""score"":0.6985,""matchPct"":69.9}]",reality,aspirations,wsm,5,4,5,4,4,4,3,5,3,C,wsm,false,"Lista C jest najbardziej optymalna co do moich wyborów. Lista A była nietrafna ponieważ pojawiały się w niej kierunki które nie cechują się w ogóle bezpieczeństwem, a była to u mnie duża wartość",tak
ff2f57d3-7b3f-4ae3-8ad7-4051bea6f009,2026-05-01 18:35:44.599567+00,Kobieta,18-25 lat,Częściej niż 3 razy w roku,0.3,0.2,0.15,0.07,0.08,0.2,"Włochy (77%), Chiny (72.2%), Francja (63.3%), Hiszpania (62.8%), USA (60.5%), Japonia (59%), Indie (58.7%), Grecja (54%), Australia (49.4%), Tajlandia (49%)","[{""code"":""IT"",""name"":""Włochy"",""score"":0.7702,""matchPct"":77},{""code"":""CN"",""name"":""Chiny"",""score"":0.7217,""matchPct"":72.2},{""code"":""FR"",""name"":""Francja"",""score"":0.6328999999999999,""matchPct"":63.3},{""code"":""ES"",""name"":""Hiszpania"",""score"":0.6279,""matchPct"":62.8},{""code"":""US"",""name"":""USA"",""score"":0.6049,""matchPct"":60.5},{""code"":""JP"",""name"":""Japonia"",""score"":0.5902000000000001,""matchPct"":59},{""code"":""IN"",""name"":""Indie"",""score"":0.5874,""matchPct"":58.7},{""code"":""GR"",""name"":""Grecja"",""score"":0.5397,""matchPct"":54},{""code"":""AU"",""name"":""Australia"",""score"":0.4937,""matchPct"":49.4},{""code"":""TH"",""name"":""Tajlandia"",""score"":0.4902000000000001,""matchPct"":49}]",wsm,reality,aspirations,5,5,5,4,3,3,5,5,5,A,wsm,false,,tak
ffcdd9ee-b995-4a65-815b-86ba1ccd3efb,2026-05-03 20:17:23.488313+00,Mężczyzna,18-25 lat,2-3 razy w roku,0.3,0.05,0.25,0.1,0.25,0.05,"Włochy (83.9%), Chiny (76.2%), Francja (71.4%), Hiszpania (66.6%), Indie (65.3%), USA (64.6%), Wielka Brytania (57.7%), Japonia (56.4%), Turcja (56%), Grecja (55.4%)","[{""code"":""IT"",""name"":""Włochy"",""score"":0.8389999999999999,""matchPct"":83.9},{""code"":""CN"",""name"":""Chiny"",""score"":0.7615,""matchPct"":76.2},{""code"":""FR"",""name"":""Francja"",""score"":0.7135,""matchPct"":71.4},{""code"":""ES"",""name"":""Hiszpania"",""score"":0.6659999999999999,""matchPct"":66.6},{""code"":""IN"",""name"":""Indie"",""score"":0.653,""matchPct"":65.3},{""code"":""US"",""name"":""USA"",""score"":0.6459999999999999,""matchPct"":64.6},{""code"":""GB"",""name"":""Wielka Brytania"",""score"":0.5765,""matchPct"":57.7},{""code"":""JP"",""name"":""Japonia"",""score"":0.5640000000000001,""matchPct"":56.4},{""code"":""TR"",""name"":""Turcja"",""score"":0.5595000000000001,""matchPct"":56},{""code"":""GR"",""name"":""Grecja"",""score"":0.5535,""matchPct"":55.4}]",aspirations,wsm,reality,4,3,4,5,2,5,3,5,1,A,aspirations,false,Najciekawsze,tak